product,day,timestamp,price,quantity,mid_at_trade,trade_location,roll_min_500,roll_max_500,near_min_w500,near_max_w500,fwd_mid_50,fwd_mid_100,fwd_mid_500,fwd_ret_50,fwd_ret_100,fwd_ret_500
HYDROGEL_PACK,0,8000,10018.0,6,10014.0,at_or_above_ask_touch,9990.0,10014.0,False,True,10013.0,10007.0,9992.0,-1.0,-7.0,-22.0
HYDROGEL_PACK,0,10100,10014.0,5,10006.0,at_or_above_ask_touch,9990.0,10014.0,False,True,10016.0,10012.0,9996.0,10.0,6.0,-10.0
HYDROGEL_PACK,0,15300,10026.0,3,10017.5,at_or_above_ask_touch,9990.0,10020.0,False,True,10010.0,9999.0,9984.0,-7.5,-18.5,-33.5
HYDROGEL_PACK,0,15700,10009.0,2,10017.0,at_or_below_bid_touch,9990.0,10020.0,False,False,10010.0,9999.0,9987.0,-7.0,-18.0,-30.0
HYDROGEL_PACK,0,16400,10009.0,4,10017.0,at_or_below_bid_touch,9990.0,10020.0,False,False,10001.5,9997.0,9989.0,-15.5,-20.0,-28.0
HYDROGEL_PACK,0,20300,10002.0,5,10010.0,at_or_below_bid_touch,9990.0,10022.0,False,False,9999.0,9996.0,9969.0,-11.0,-14.0,-41.0
HYDROGEL_PACK,0,20500,10000.0,3,10008.0,at_or_below_bid_touch,9990.0,10022.0,False,False,9999.0,9996.0,9977.0,-9.0,-12.0,-31.0
HYDROGEL_PACK,0,23300,9997.0,2,9989.0,at_or_above_ask_touch,9989.0,10022.0,False,False,9989.0,9969.0,9990.0,0.0,-20.0,1.0
HYDROGEL_PACK,0,28500,9994.0,5,9986.0,at_or_above_ask_touch,9986.0,10022.0,False,False,9975.0,9979.0,9976.0,-11.0,-7.0,-10.0
HYDROGEL_PACK,0,29100,9973.0,6,9981.0,at_or_below_bid_touch,9980.0,10022.0,True,False,9967.0,9981.0,9979.0,-14.0,0.0,-2.0
HYDROGEL_PACK,0,45800,9978.0,2,9986.0,at_or_below_bid_touch,9965.0,10022.0,False,False,9991.0,9981.0,9951.0,5.0,-5.0,-35.0
HYDROGEL_PACK,0,54600,9987.0,3,9979.0,at_or_above_ask_touch,9965.0,10022.0,False,False,9995.0,9994.0,9950.0,16.0,15.0,-29.0
HYDROGEL_PACK,0,55000,9987.0,6,9979.0,at_or_above_ask_touch,9965.0,10022.0,False,False,9996.0,9986.0,9954.0,17.0,7.0,-25.0
HYDROGEL_PACK,0,56700,9991.0,6,9983.0,at_or_above_ask_touch,9965.0,10022.0,False,False,9989.0,9989.0,9951.0,6.0,6.0,-32.0
HYDROGEL_PACK,0,60000,9988.0,4,9996.0,at_or_below_bid_touch,9965.0,10022.0,False,False,9986.0,9974.0,9940.0,-10.0,-22.0,-56.0
HYDROGEL_PACK,0,63900,9986.0,5,9994.0,at_or_below_bid_touch,9965.0,10022.0,False,False,9986.0,9996.0,9956.5,-8.0,2.0,-37.5
HYDROGEL_PACK,0,67600,9993.0,5,9985.0,at_or_above_ask_touch,9965.0,10016.0,False,False,9982.0,9982.0,9952.0,-3.0,-3.0,-33.0
HYDROGEL_PACK,0,73000,9980.0,3,9988.0,at_or_below_bid_touch,9965.0,10004.0,False,False,9980.0,9956.0,9971.0,-8.0,-32.0,-17.0
HYDROGEL_PACK,0,77800,9990.0,2,9982.0,at_or_above_ask_touch,9965.0,10001.0,False,False,9958.0,9947.0,9962.0,-24.0,-35.0,-20.0
HYDROGEL_PACK,0,90000,9950.0,6,9942.0,at_or_above_ask_touch,9938.0,10001.0,False,False,9942.0,9955.5,9941.0,0.0,13.5,-1.0
HYDROGEL_PACK,0,93200,9948.0,6,9940.0,at_or_above_ask_touch,9938.0,10001.0,False,False,9945.5,9949.0,9959.0,5.5,9.0,19.0
HYDROGEL_PACK,0,94600,9931.0,3,9939.0,at_or_below_bid_touch,9938.0,10001.0,True,False,9949.0,9950.0,9958.0,10.0,11.0,19.0
HYDROGEL_PACK,0,94900,9934.0,4,9941.5,at_or_below_bid_touch,9938.0,10001.0,True,False,9954.0,9952.0,9956.0,12.5,10.5,14.5
HYDROGEL_PACK,0,96800,9940.0,2,9948.0,at_or_below_bid_touch,9938.0,10001.0,False,False,9957.0,9951.0,9963.0,9.0,3.0,15.0
HYDROGEL_PACK,0,102200,9946.0,5,9954.0,at_or_below_bid_touch,9938.0,10001.0,False,False,9947.0,9940.0,9979.0,-7.0,-14.0,25.0
HYDROGEL_PACK,0,105100,9943.0,4,9951.0,at_or_below_bid_touch,9938.0,10001.0,False,False,9940.0,9944.0,9978.0,-11.0,-7.0,27.0
HYDROGEL_PACK,0,106100,9943.0,6,9950.5,at_or_below_bid_touch,9938.0,10001.0,False,False,9943.0,9937.0,9976.0,-7.5,-13.5,25.5
HYDROGEL_PACK,0,108800,9949.0,2,9941.5,at_or_above_ask_touch,9938.0,10001.0,False,False,9952.0,9952.0,9977.0,10.5,10.5,35.5
HYDROGEL_PACK,0,109500,9926.0,2,9934.0,at_or_below_bid_touch,9932.0,10001.0,True,False,9949.0,9955.0,9973.0,15.0,21.0,39.0
HYDROGEL_PACK,0,116300,9929.0,5,9937.0,at_or_below_bid_touch,9932.0,9999.0,True,False,9955.0,9966.0,9968.0,18.0,29.0,31.0
HYDROGEL_PACK,0,125000,9972.0,4,9964.0,at_or_above_ask_touch,9932.0,9985.0,False,False,9953.0,9954.0,9970.0,-11.0,-10.0,6.0
HYDROGEL_PACK,0,128500,9955.0,5,9963.0,at_or_below_bid_touch,9932.0,9982.0,False,False,9964.0,9949.5,9963.0,1.0,-13.5,0.0
HYDROGEL_PACK,0,132000,9950.0,3,9958.0,at_or_below_bid_touch,9932.0,9972.5,False,False,9949.0,9952.0,9971.0,-9.0,-6.0,13.0
HYDROGEL_PACK,0,132900,9956.0,2,9964.0,at_or_below_bid_touch,9932.0,9972.5,False,False,9957.0,9957.0,9963.0,-7.0,-7.0,-1.0
HYDROGEL_PACK,0,133600,9970.0,5,9962.0,at_or_above_ask_touch,9932.0,9972.5,False,False,9945.0,9957.0,9965.0,-17.0,-5.0,3.0
HYDROGEL_PACK,0,136800,9955.0,5,9947.0,at_or_above_ask_touch,9932.0,9972.5,False,False,9954.5,9963.0,9963.0,7.5,16.0,16.0
HYDROGEL_PACK,0,141700,9939.0,2,9947.0,at_or_below_bid_touch,9932.0,9972.5,False,False,9965.0,9987.0,9960.0,18.0,40.0,13.0
HYDROGEL_PACK,0,143600,9949.0,4,9957.0,at_or_below_bid_touch,9932.0,9972.5,False,False,9983.0,9972.0,9973.0,26.0,15.0,16.0
HYDROGEL_PACK,0,144500,9966.0,3,9962.0,at_or_above_ask_touch,9932.0,9972.5,False,False,9985.0,9973.0,9967.0,23.0,11.0,5.0
HYDROGEL_PACK,0,153400,9964.0,4,9972.0,at_or_below_bid_touch,9932.0,9989.0,False,False,9974.0,9971.0,9976.0,2.0,-1.0,4.0
HYDROGEL_PACK,0,155200,9991.0,5,9983.0,at_or_above_ask_touch,9932.0,9989.0,False,True,9972.0,9966.0,9980.0,-11.0,-17.0,-3.0
HYDROGEL_PACK,0,158100,9974.0,5,9970.5,at_or_above_ask_touch,9932.0,9989.0,False,False,9972.0,9966.0,9974.0,1.5,-4.5,3.5
HYDROGEL_PACK,0,159300,9969.0,2,9977.0,at_or_below_bid_touch,9932.0,9989.0,False,False,9967.0,9962.0,9986.0,-10.0,-15.0,9.0
HYDROGEL_PACK,0,163300,9977.0,3,9969.0,at_or_above_ask_touch,9934.0,9989.0,False,False,9963.0,9966.0,9991.0,-6.0,-3.0,22.0
HYDROGEL_PACK,0,164600,9962.0,3,9970.0,at_or_below_bid_touch,9934.0,9989.0,False,False,9967.0,9968.0,9996.0,-3.0,-2.0,26.0
HYDROGEL_PACK,0,169000,9953.0,3,9961.0,at_or_below_bid_touch,9936.0,9989.0,False,False,9966.0,9970.0,9981.0,5.0,9.0,20.0
HYDROGEL_PACK,0,171500,9982.0,5,9974.5,at_or_above_ask_touch,9936.0,9989.0,False,False,9969.0,9970.0,9994.0,-5.5,-4.5,19.5
HYDROGEL_PACK,0,175300,9969.0,6,9965.0,at_or_above_ask_touch,9936.0,9989.0,False,False,9975.0,9968.0,10001.0,10.0,3.0,36.0
HYDROGEL_PACK,0,178100,9958.0,2,9966.0,at_or_below_bid_touch,9936.0,9989.0,False,False,9965.0,9961.0,9988.0,-1.0,-5.0,22.0
HYDROGEL_PACK,0,181900,9980.0,3,9972.0,at_or_above_ask_touch,9936.0,9989.0,False,False,9964.0,9961.0,9989.0,-8.0,-11.0,17.0
HYDROGEL_PACK,0,182400,9977.0,5,9969.0,at_or_above_ask_touch,9936.0,9989.0,False,False,9963.0,9962.0,9991.0,-6.0,-7.0,22.0
HYDROGEL_PACK,0,183300,9973.0,4,9965.0,at_or_above_ask_touch,9936.0,9989.0,False,False,9959.0,9970.0,9983.0,-6.0,5.0,18.0
HYDROGEL_PACK,0,185800,9961.0,6,9969.0,at_or_below_bid_touch,9936.0,9989.0,False,False,9959.0,9961.0,9976.0,-10.0,-8.0,7.0
HYDROGEL_PACK,0,190600,9943.0,6,9951.0,at_or_below_bid_touch,9938.0,9989.0,False,False,9961.0,9972.0,9975.5,10.0,21.0,24.5
HYDROGEL_PACK,0,196600,9953.0,3,9961.0,at_or_below_bid_touch,9947.0,9989.0,False,False,9976.0,9970.0,9976.0,15.0,9.0,15.0
HYDROGEL_PACK,0,197000,9967.0,6,9959.0,at_or_above_ask_touch,9947.0,9989.0,False,False,9973.0,9970.0,9967.5,14.0,11.0,8.5
HYDROGEL_PACK,0,203900,9978.0,6,9970.0,at_or_above_ask_touch,9947.0,9983.0,False,False,9983.0,9992.0,9960.0,13.0,22.0,-10.0
HYDROGEL_PACK,0,206200,9983.0,5,9975.0,at_or_above_ask_touch,9947.0,9982.0,False,True,9995.0,9983.0,9975.0,20.0,8.0,0.0
HYDROGEL_PACK,0,206700,9962.0,5,9970.0,at_or_below_bid_touch,9947.0,9982.0,False,False,9997.0,9981.0,9978.0,27.0,11.0,8.0
HYDROGEL_PACK,0,207200,9962.0,4,9970.0,at_or_below_bid_touch,9947.0,9982.0,False,False,9998.0,9986.0,9982.0,28.0,16.0,12.0
HYDROGEL_PACK,0,207600,9980.0,6,9972.0,at_or_above_ask_touch,9947.0,9982.0,False,False,9996.0,9984.0,9980.0,24.0,12.0,8.0
HYDROGEL_PACK,0,209000,9989.0,5,9981.0,at_or_above_ask_touch,9947.0,9987.0,False,True,9992.0,9981.0,9986.0,11.0,0.0,5.0
HYDROGEL_PACK,0,218800,9986.0,4,9978.0,at_or_above_ask_touch,9947.0,10000.0,False,False,9994.0,9983.0,10000.0,16.0,5.0,22.0
HYDROGEL_PACK,0,221500,9986.0,3,9994.0,at_or_below_bid_touch,9947.0,10000.0,False,False,9997.0,9985.0,9987.5,3.0,-9.0,-6.5
HYDROGEL_PACK,0,222700,10002.0,6,9994.0,at_or_above_ask_touch,9947.0,10000.0,False,True,9991.0,9982.0,9989.0,-3.0,-12.0,-5.0
HYDROGEL_PACK,0,234200,9976.0,6,9984.0,at_or_below_bid_touch,9947.0,10003.0,False,False,9978.0,9976.0,9974.0,-6.0,-8.0,-10.0
HYDROGEL_PACK,0,240700,9963.0,4,9971.0,at_or_below_bid_touch,9955.0,10003.0,False,False,9973.0,9949.0,9990.0,2.0,-22.0,19.0
HYDROGEL_PACK,0,243300,9977.0,2,9969.0,at_or_above_ask_touch,9955.0,10003.0,False,False,9957.0,9951.0,9999.0,-12.0,-18.0,30.0
HYDROGEL_PACK,0,247100,9971.0,5,9963.0,at_or_above_ask_touch,9958.0,10003.0,False,False,9950.0,9981.0,9992.5,-13.0,18.0,29.5
HYDROGEL_PACK,0,247800,9952.0,4,9960.0,at_or_below_bid_touch,9958.0,10003.0,True,False,9957.0,9982.0,10009.0,-3.0,22.0,49.0
HYDROGEL_PACK,0,248700,9966.0,3,9958.5,at_or_above_ask_touch,9954.0,10003.0,False,False,9959.0,9986.0,10011.0,0.5,27.5,52.5
HYDROGEL_PACK,0,256100,9969.0,5,9965.5,at_or_above_ask_touch,9945.0,10003.0,False,False,9991.0,10005.0,10015.0,25.5,39.5,49.5
HYDROGEL_PACK,0,260100,9999.0,2,9991.0,at_or_above_ask_touch,9945.0,10003.0,False,False,10000.0,10002.0,10025.5,9.0,11.0,34.5
HYDROGEL_PACK,0,261500,10009.0,5,10001.0,at_or_above_ask_touch,9945.0,10003.0,False,True,10003.0,9987.5,10019.0,2.0,-13.5,18.0
HYDROGEL_PACK,0,263700,9989.0,3,9997.0,at_or_below_bid_touch,9945.0,10005.5,False,False,10001.0,9984.0,10011.0,4.0,-13.0,14.0
HYDROGEL_PACK,0,266800,9993.0,6,10001.0,at_or_below_bid_touch,9945.0,10005.5,False,False,9992.0,9990.0,10024.0,-9.0,-11.0,23.0
HYDROGEL_PACK,0,273500,9995.0,4,9987.0,at_or_above_ask_touch,9945.0,10005.5,False,False,9996.0,9978.0,10025.0,9.0,-9.0,38.0
HYDROGEL_PACK,0,278200,9997.0,5,9989.0,at_or_above_ask_touch,9945.0,10005.5,False,False,9974.0,9982.0,10036.0,-15.0,-7.0,47.0
HYDROGEL_PACK,0,278600,9991.0,4,9999.0,at_or_below_bid_touch,9945.0,10005.5,False,False,9979.0,9980.0,10033.0,-20.0,-19.0,34.0
HYDROGEL_PACK,0,280000,9991.0,3,9983.5,at_or_above_ask_touch,9945.0,10005.5,False,False,9971.0,9988.0,10038.0,-12.5,4.5,54.5
HYDROGEL_PACK,0,281500,9973.0,5,9981.0,at_or_below_bid_touch,9945.0,10005.5,False,False,9971.0,9990.0,10035.0,-10.0,9.0,54.0
HYDROGEL_PACK,0,283800,9990.0,2,9982.0,at_or_above_ask_touch,9945.0,10005.5,False,False,9978.0,10001.0,10039.0,-4.0,19.0,57.0
HYDROGEL_PACK,0,284700,9979.0,2,9971.0,at_or_above_ask_touch,9945.0,10005.5,False,False,9983.0,9998.5,10038.0,12.0,27.5,67.0
HYDROGEL_PACK,0,287600,9980.0,6,9972.0,at_or_above_ask_touch,9945.0,10005.5,False,False,9996.0,10006.0,10038.0,24.0,34.0,66.0
HYDROGEL_PACK,0,287700,9984.0,3,9976.0,at_or_above_ask_touch,9945.0,10005.5,False,False,10000.0,10009.0,10040.0,24.0,33.0,64.0
HYDROGEL_PACK,0,290600,9981.0,2,9989.0,at_or_below_bid_touch,9945.0,10005.5,False,False,10004.0,10012.0,10027.0,15.0,23.0,38.0
HYDROGEL_PACK,0,290800,9998.0,5,9990.0,at_or_above_ask_touch,9945.0,10005.5,False,False,10003.0,10011.0,10027.0,13.0,21.0,37.0
HYDROGEL_PACK,0,294900,10006.0,6,9998.0,at_or_above_ask_touch,9945.0,10005.5,False,True,10014.0,10013.0,10026.0,16.0,15.0,28.0
HYDROGEL_PACK,0,298700,10003.0,4,10011.0,at_or_below_bid_touch,9945.0,10012.0,False,False,10007.0,10022.0,10005.0,-4.0,11.0,-6.0
HYDROGEL_PACK,0,305800,10020.0,2,10012.0,at_or_above_ask_touch,9965.5,10017.0,False,True,10021.0,10017.0,10001.0,9.0,5.0,-11.0
HYDROGEL_PACK,0,310200,10016.0,2,10024.0,at_or_below_bid_touch,9969.0,10025.5,False,False,10011.0,10018.0,10015.0,-13.0,-6.0,-9.0
HYDROGEL_PACK,0,311500,10027.0,5,10019.0,at_or_above_ask_touch,9969.0,10026.0,False,True,10023.0,10019.0,10019.5,4.0,0.0,0.5
HYDROGEL_PACK,0,313400,10023.0,5,10015.0,at_or_above_ask_touch,9969.0,10026.0,False,False,10021.0,10026.0,10014.0,6.0,11.0,-1.0
HYDROGEL_PACK,0,318700,10014.0,6,10022.0,at_or_below_bid_touch,9969.0,10026.0,False,False,10024.0,10036.0,10043.0,2.0,14.0,21.0
HYDROGEL_PACK,0,320900,10034.0,4,10026.0,at_or_above_ask_touch,9969.0,10026.0,False,True,10027.0,10032.0,10039.0,1.0,6.0,13.0
HYDROGEL_PACK,0,321200,10009.0,4,10017.0,at_or_below_bid_touch,9969.0,10026.0,False,False,10023.0,10033.0,10041.0,6.0,16.0,24.0
HYDROGEL_PACK,0,330900,10040.0,3,10032.0,at_or_above_ask_touch,9969.0,10039.0,False,True,10043.0,10030.5,10050.0,11.0,-1.5,18.0
HYDROGEL_PACK,0,331400,10025.0,2,10033.0,at_or_below_bid_touch,9969.0,10039.0,False,False,10041.0,10027.0,10043.0,8.0,-6.0,10.0
HYDROGEL_PACK,0,332700,10030.0,6,10038.0,at_or_below_bid_touch,9969.0,10040.0,False,False,10040.0,10023.0,10040.0,2.0,-15.0,2.0
HYDROGEL_PACK,0,335000,10047.0,5,10039.0,at_or_above_ask_touch,9969.0,10041.0,False,True,10036.0,10023.0,10034.0,-3.0,-16.0,-5.0
HYDROGEL_PACK,0,335300,10048.0,4,10040.0,at_or_above_ask_touch,9969.0,10041.0,False,True,10033.0,10025.0,10031.0,-7.0,-15.0,-9.0
HYDROGEL_PACK,0,335400,10048.0,4,10040.0,at_or_above_ask_touch,9969.0,10041.0,False,True,10030.0,10028.0,10031.0,-10.0,-12.0,-9.0
HYDROGEL_PACK,0,336800,10034.0,5,10042.0,at_or_below_bid_touch,9971.0,10045.0,False,False,10021.0,10012.0,10026.0,-21.0,-30.0,-16.0
HYDROGEL_PACK,0,340000,10028.0,6,10036.0,at_or_below_bid_touch,9987.0,10045.0,False,False,10023.0,10007.0,10010.0,-13.0,-29.0,-26.0
HYDROGEL_PACK,0,345000,10015.0,4,10023.0,at_or_below_bid_touch,9992.5,10045.0,False,False,10007.0,10004.0,10024.0,-16.0,-19.0,1.0
HYDROGEL_PACK,0,358200,9994.0,6,10002.0,at_or_below_bid_touch,9998.0,10045.0,True,False,10013.0,10042.0,9998.0,11.0,40.0,-4.0
HYDROGEL_PACK,0,363700,10022.0,5,10014.0,at_or_above_ask_touch,9998.0,10045.0,False,False,10043.0,10044.0,9981.0,29.0,30.0,-33.0
HYDROGEL_PACK,0,366900,10045.0,5,10037.0,at_or_above_ask_touch,9998.0,10045.0,False,True,10042.5,10069.0,9970.0,5.5,32.0,-67.0
HYDROGEL_PACK,0,367000,10042.0,5,10034.0,at_or_above_ask_touch,9998.0,10045.0,False,False,10046.0,10071.0,9970.0,12.0,37.0,-64.0
HYDROGEL_PACK,0,370400,10047.0,2,10039.0,at_or_above_ask_touch,9998.0,10047.0,False,True,10049.0,10052.0,9964.0,10.0,13.0,-75.0
HYDROGEL_PACK,0,370600,10031.0,4,10039.0,at_or_below_bid_touch,9998.0,10047.0,False,False,10055.0,10053.0,9965.0,16.0,14.0,-74.0
HYDROGEL_PACK,0,373300,10054.0,2,10046.0,at_or_above_ask_touch,9998.0,10050.0,False,True,10059.0,10041.0,9964.0,13.0,-5.0,-82.0
HYDROGEL_PACK,0,380500,10043.0,4,10051.0,at_or_below_bid_touch,9998.0,10071.0,False,False,10034.0,10010.0,9991.0,-17.0,-41.0,-60.0
HYDROGEL_PACK,0,381400,10035.0,4,10043.0,at_or_below_bid_touch,9998.0,10071.0,False,False,10025.0,10008.0,9986.0,-18.0,-35.0,-57.0
HYDROGEL_PACK,0,383100,10033.0,6,10041.0,at_or_below_bid_touch,9998.0,10071.0,False,False,10011.0,10013.0,9970.0,-30.0,-28.0,-71.0
HYDROGEL_PACK,0,389800,10018.0,4,10010.0,at_or_above_ask_touch,9998.0,10071.0,False,False,10026.0,10006.0,9978.0,16.0,-4.0,-32.0
HYDROGEL_PACK,0,390400,10003.0,6,10011.0,at_or_below_bid_touch,9998.0,10071.0,False,False,10026.0,10007.0,9971.0,15.0,-4.0,-40.0
HYDROGEL_PACK,0,402000,10016.0,4,10008.0,at_or_above_ask_touch,10000.0,10071.0,False,False,9990.0,9978.0,9974.0,-18.0,-30.0,-34.0
HYDROGEL_PACK,0,405600,9999.0,5,9991.0,at_or_above_ask_touch,9989.0,10071.0,False,False,9981.0,9976.0,9964.0,-10.0,-15.0,-27.0
HYDROGEL_PACK,0,410500,9990.0,3,9982.0,at_or_above_ask_touch,9982.0,10071.0,False,False,9976.0,9964.0,9969.0,-6.0,-18.0,-13.0
HYDROGEL_PACK,0,414600,9993.0,2,9985.0,at_or_above_ask_touch,9974.0,10071.0,False,False,9964.0,9979.0,9970.0,-21.0,-6.0,-15.0
HYDROGEL_PACK,0,416400,9964.0,5,9972.0,at_or_below_bid_touch,9971.0,10071.0,True,False,9975.0,9985.0,9977.0,3.0,13.0,5.0
HYDROGEL_PACK,0,417000,9978.0,6,9970.0,at_or_above_ask_touch,9970.0,10071.0,False,False,9971.0,9982.0,9976.0,1.0,12.0,6.0
HYDROGEL_PACK,0,417100,9977.0,2,9969.0,at_or_above_ask_touch,9969.0,10071.0,False,False,9972.0,9984.0,9975.0,3.0,15.0,6.0
HYDROGEL_PACK,0,422900,9977.0,4,9969.0,at_or_above_ask_touch,9955.0,10071.0,False,False,9993.0,9974.0,9966.5,24.0,5.0,-2.5
HYDROGEL_PACK,0,425600,9994.0,2,9986.0,at_or_above_ask_touch,9955.0,10071.0,False,False,9993.0,9976.0,9955.0,7.0,-10.0,-31.0
HYDROGEL_PACK,0,428300,10001.0,5,9993.0,at_or_above_ask_touch,9955.0,10057.0,False,False,9966.0,9969.0,9948.0,-27.0,-24.0,-45.0
HYDROGEL_PACK,0,429100,9979.0,3,9987.0,at_or_below_bid_touch,9955.0,10055.0,False,False,9974.0,9973.0,9947.0,-13.0,-14.0,-40.0
HYDROGEL_PACK,0,435200,9978.0,6,9970.0,at_or_above_ask_touch,9955.0,10035.0,False,False,9977.0,9955.0,9929.0,7.0,-15.0,-41.0
HYDROGEL_PACK,0,436500,9985.0,3,9977.0,at_or_above_ask_touch,9955.0,10029.0,False,False,9968.0,9953.0,9943.0,-9.0,-24.0,-34.0
HYDROGEL_PACK,0,443900,9966.0,5,9958.0,at_or_above_ask_touch,9955.0,10029.0,False,False,9953.0,9971.0,9978.0,-5.0,13.0,20.0
HYDROGEL_PACK,0,446300,9960.0,3,9952.0,at_or_above_ask_touch,9950.0,10027.0,False,False,9966.0,9960.0,9981.0,14.0,8.0,29.0
HYDROGEL_PACK,0,447400,9944.0,5,9952.0,at_or_below_bid_touch,9947.5,10027.0,True,False,9977.0,9956.0,9978.0,25.0,4.0,26.0
HYDROGEL_PACK,0,448000,9951.0,4,9943.0,at_or_above_ask_touch,9943.0,10027.0,False,False,9973.0,9961.0,9970.0,30.0,18.0,27.0
HYDROGEL_PACK,0,455100,9962.0,5,9970.0,at_or_below_bid_touch,9943.0,9998.0,False,False,9973.0,9970.0,9959.0,3.0,0.0,-11.0
HYDROGEL_PACK,0,460000,9979.0,6,9971.0,at_or_above_ask_touch,9943.0,9995.0,False,False,9969.0,9990.0,9950.0,-2.0,19.0,-21.0
HYDROGEL_PACK,0,460100,9981.0,3,9973.0,at_or_above_ask_touch,9943.0,9995.0,False,False,9970.0,9991.0,9952.0,-3.0,18.0,-21.0
HYDROGEL_PACK,0,462900,9977.0,5,9969.0,at_or_above_ask_touch,9943.0,9995.0,False,False,9975.0,9966.5,9944.0,6.0,-2.5,-25.0
HYDROGEL_PACK,0,463000,9974.0,3,9966.0,at_or_above_ask_touch,9943.0,9995.0,False,False,9973.0,9960.5,9945.0,7.0,-5.5,-21.0
HYDROGEL_PACK,0,467600,9966.0,3,9974.0,at_or_below_bid_touch,9943.0,9995.0,False,False,9969.0,9950.0,9944.0,-5.0,-24.0,-30.0
HYDROGEL_PACK,0,471700,9980.0,3,9972.5,at_or_above_ask_touch,9943.0,9995.0,False,False,9948.0,9946.0,9958.0,-24.5,-26.5,-14.5
HYDROGEL_PACK,0,473100,9970.0,3,9962.0,at_or_above_ask_touch,9943.0,9995.0,False,False,9948.0,9936.5,9969.0,-14.0,-25.5,7.0
HYDROGEL_PACK,0,474900,9964.0,5,9956.0,at_or_above_ask_touch,9943.0,9995.0,False,False,9947.0,9930.0,9976.0,-9.0,-26.0,20.0
HYDROGEL_PACK,0,476200,9957.0,4,9949.0,at_or_above_ask_touch,9943.0,9995.0,False,False,9945.0,9943.0,9982.0,-4.0,-6.0,33.0
HYDROGEL_PACK,0,477700,9958.0,5,9950.0,at_or_above_ask_touch,9943.0,9995.0,False,False,9943.5,9949.5,9974.0,-6.5,-0.5,24.0
HYDROGEL_PACK,0,481600,9956.0,3,9948.0,at_or_above_ask_touch,9943.0,9991.0,False,False,9945.0,9967.0,9966.0,-3.0,19.0,18.0
HYDROGEL_PACK,0,487500,9959.0,4,9951.0,at_or_above_ask_touch,9928.0,9991.0,False,False,9971.0,9974.0,9969.0,20.0,23.0,18.0
HYDROGEL_PACK,0,489700,9956.0,6,9964.0,at_or_below_bid_touch,9928.0,9991.0,False,False,9975.0,9987.0,9975.0,11.0,23.0,11.0
HYDROGEL_PACK,0,489900,9955.0,6,9963.0,at_or_below_bid_touch,9928.0,9991.0,False,False,9978.0,9985.0,9972.0,15.0,22.0,9.0
HYDROGEL_PACK,0,493600,9982.0,2,9974.0,at_or_above_ask_touch,9928.0,9991.0,False,False,9976.0,9978.0,9973.0,2.0,4.0,-1.0
HYDROGEL_PACK,0,496300,9973.0,4,9981.0,at_or_below_bid_touch,9928.0,9991.0,False,False,9979.0,9969.0,9967.0,-2.0,-12.0,-14.0
HYDROGEL_PACK,0,497200,9971.0,5,9979.0,at_or_below_bid_touch,9928.0,9991.0,False,False,9974.0,9958.0,9968.0,-5.0,-21.0,-11.0
HYDROGEL_PACK,0,498200,9963.0,5,9971.0,at_or_below_bid_touch,9928.0,9991.0,False,False,9979.0,9954.0,9970.0,8.0,-17.0,-1.0
HYDROGEL_PACK,0,499600,9979.0,6,9987.0,at_or_below_bid_touch,9928.0,9991.0,False,False,9965.0,9950.0,9964.0,-22.0,-37.0,-23.0
HYDROGEL_PACK,0,501400,9986.0,5,9978.0,at_or_above_ask_touch,9928.0,9991.0,False,False,9970.0,9947.0,9965.0,-8.0,-31.0,-13.0
HYDROGEL_PACK,0,501600,9985.0,6,9977.0,at_or_above_ask_touch,9928.0,9991.0,False,False,9969.0,9947.0,9964.0,-8.0,-30.0,-13.0
HYDROGEL_PACK,0,502000,9983.0,3,9975.0,at_or_above_ask_touch,9928.0,9991.0,False,False,9962.0,9945.0,9955.0,-13.0,-30.0,-20.0
HYDROGEL_PACK,0,510900,9939.0,4,9947.0,at_or_below_bid_touch,9928.0,9991.0,False,False,9943.0,9953.0,9970.0,-4.0,6.0,23.0
HYDROGEL_PACK,0,515600,9931.0,5,9939.0,at_or_below_bid_touch,9928.0,9991.0,False,False,9954.0,9979.0,9954.5,15.0,40.0,15.5
HYDROGEL_PACK,0,516300,9937.0,5,9945.0,at_or_below_bid_touch,9928.0,9991.0,False,False,9958.0,9980.0,9953.5,13.0,35.0,8.5
HYDROGEL_PACK,0,517900,9954.0,3,9946.0,at_or_above_ask_touch,9928.0,9991.0,False,False,9970.0,9976.0,9956.0,24.0,30.0,10.0
HYDROGEL_PACK,0,518000,9936.0,5,9944.0,at_or_below_bid_touch,9928.0,9991.0,False,False,9970.0,9978.0,9953.0,26.0,34.0,9.0
HYDROGEL_PACK,0,521400,9965.0,6,9957.0,at_or_above_ask_touch,9928.0,9989.0,False,False,9982.0,9967.0,9952.0,25.0,10.0,-5.0
HYDROGEL_PACK,0,522300,9971.0,6,9963.0,at_or_above_ask_touch,9928.0,9989.0,False,False,9978.0,9969.0,9952.0,15.0,6.0,-11.0
HYDROGEL_PACK,0,526800,9990.0,2,9982.0,at_or_above_ask_touch,9928.0,9989.0,False,True,9973.0,9967.0,9974.0,-9.0,-15.0,-8.0
HYDROGEL_PACK,0,527200,9972.0,5,9980.0,at_or_below_bid_touch,9928.0,9989.0,False,False,9970.0,9967.0,9973.0,-10.0,-13.0,-7.0
HYDROGEL_PACK,0,540300,9980.0,2,9972.0,at_or_above_ask_touch,9938.0,9989.0,False,False,9981.0,9961.0,9983.0,9.0,-11.0,11.0
HYDROGEL_PACK,0,545700,9963.0,5,9971.0,at_or_below_bid_touch,9938.0,9989.0,False,False,9963.0,9949.0,9985.0,-8.0,-22.0,14.0
HYDROGEL_PACK,0,554300,9943.0,5,9946.5,at_or_below_bid_touch,9938.0,9986.0,False,False,9958.0,9960.0,10003.0,11.5,13.5,56.5
HYDROGEL_PACK,0,555000,9938.0,2,9946.0,at_or_below_bid_touch,9938.0,9986.0,True,False,9960.0,9950.5,10006.0,14.0,4.5,60.0
HYDROGEL_PACK,0,557400,9960.0,2,9952.0,at_or_above_ask_touch,9938.0,9986.0,False,False,9973.0,9951.0,10007.0,21.0,-1.0,55.0
HYDROGEL_PACK,0,558300,9971.0,3,9967.0,at_or_above_ask_touch,9938.0,9986.0,False,False,9964.0,9955.0,10005.0,-3.0,-12.0,38.0
HYDROGEL_PACK,0,559800,9972.0,6,9964.0,at_or_above_ask_touch,9938.0,9986.0,False,False,9951.0,9948.0,10012.0,-13.0,-16.0,48.0
HYDROGEL_PACK,0,562900,9960.0,5,9968.0,at_or_below_bid_touch,9938.0,9986.0,False,False,9956.0,9950.0,10003.0,-12.0,-18.0,35.0
HYDROGEL_PACK,0,566500,9958.0,3,9950.0,at_or_above_ask_touch,9938.5,9986.0,False,False,9953.0,9976.0,10008.0,3.0,26.0,58.0
HYDROGEL_PACK,0,568400,9949.0,4,9957.0,at_or_below_bid_touch,9941.5,9986.0,False,False,9954.0,9970.0,9995.0,-3.0,13.0,38.0
HYDROGEL_PACK,0,568500,9965.0,3,9957.0,at_or_above_ask_touch,9941.5,9986.0,False,False,9954.0,9970.0,9993.0,-3.0,13.0,36.0
HYDROGEL_PACK,0,574300,9951.0,4,9959.0,at_or_below_bid_touch,9944.0,9986.0,False,False,9961.0,9982.0,9990.0,2.0,23.0,31.0
HYDROGEL_PACK,0,579300,9969.0,2,9961.0,at_or_above_ask_touch,9944.0,9982.0,False,False,9982.0,9975.0,9989.0,21.0,14.0,28.0
HYDROGEL_PACK,0,581900,9969.0,5,9977.0,at_or_below_bid_touch,9944.0,9982.0,False,False,9978.0,9985.0,10001.0,1.0,8.0,24.0
HYDROGEL_PACK,0,588900,9991.0,3,9983.0,at_or_above_ask_touch,9944.0,9985.0,False,True,9984.0,9995.0,9994.0,1.0,12.0,11.0
HYDROGEL_PACK,0,591300,9980.0,2,9988.0,at_or_below_bid_touch,9944.0,9988.0,False,False,9989.0,9987.0,9990.0,1.0,-1.0,2.0
HYDROGEL_PACK,0,592300,9982.0,4,9990.0,at_or_below_bid_touch,9944.0,9990.0,False,False,9990.0,9991.0,9992.0,0.0,1.0,2.0
HYDROGEL_PACK,0,596100,9977.0,4,9985.0,at_or_below_bid_touch,9944.0,9990.0,False,False,9985.5,10007.0,10017.0,0.5,22.0,32.0
HYDROGEL_PACK,0,596500,9996.0,6,9988.0,at_or_above_ask_touch,9944.0,9990.0,False,True,9986.0,10005.0,10021.0,-2.0,17.0,33.0
HYDROGEL_PACK,0,598100,9981.0,6,9989.0,at_or_below_bid_touch,9944.0,9992.0,False,False,9992.0,10005.0,10024.0,3.0,16.0,35.0
HYDROGEL_PACK,0,599500,10003.0,2,9995.0,at_or_above_ask_touch,9944.0,9995.0,False,True,10006.0,10008.0,10020.0,11.0,13.0,25.0
HYDROGEL_PACK,0,599700,9986.0,5,9994.0,at_or_below_bid_touch,9944.0,9998.0,False,False,10009.0,10012.0,10022.0,15.0,18.0,28.0
HYDROGEL_PACK,0,601600,9996.0,6,9988.0,at_or_above_ask_touch,9944.0,9998.0,False,False,10003.0,10006.0,10017.0,15.0,18.0,29.0
HYDROGEL_PACK,0,616500,10016.0,6,10008.0,at_or_above_ask_touch,9944.0,10013.0,False,True,9999.0,9990.0,10005.0,-9.0,-18.0,-3.0
HYDROGEL_PACK,0,619000,9987.0,2,9995.0,at_or_below_bid_touch,9944.0,10013.0,False,False,9999.0,9995.5,10005.0,4.0,0.5,10.0
HYDROGEL_PACK,0,622000,10011.0,6,10003.0,at_or_above_ask_touch,9946.0,10013.0,False,False,9984.0,10003.0,9992.0,-19.0,0.0,-11.0
HYDROGEL_PACK,0,625700,9985.0,2,9993.0,at_or_below_bid_touch,9961.0,10013.0,False,False,9999.0,10002.0,9998.0,6.0,9.0,5.0
HYDROGEL_PACK,0,626900,9980.0,2,9988.0,at_or_below_bid_touch,9961.0,10013.0,False,False,10001.0,10005.0,9998.0,13.0,17.0,10.0
HYDROGEL_PACK,0,627400,9989.0,5,9981.0,at_or_above_ask_touch,9961.0,10013.0,False,False,9999.0,10000.0,9994.0,18.0,19.0,13.0
HYDROGEL_PACK,0,629300,9997.0,4,9989.0,at_or_above_ask_touch,9961.0,10013.0,False,False,10000.0,9991.0,9988.0,11.0,2.0,-1.0
HYDROGEL_PACK,0,629700,9983.0,4,9991.0,at_or_below_bid_touch,9963.0,10013.0,False,False,10002.0,9988.0,9985.0,11.0,-3.0,-6.0
HYDROGEL_PACK,0,631100,10005.0,3,9997.0,at_or_above_ask_touch,9965.5,10013.0,False,False,10002.0,9989.0,9977.0,5.0,-8.0,-20.0
HYDROGEL_PACK,0,634800,10012.0,2,10004.0,at_or_above_ask_touch,9969.0,10013.0,False,True,9988.0,10006.0,9993.0,-16.0,2.0,-11.0
HYDROGEL_PACK,0,636700,10015.0,3,10007.0,at_or_above_ask_touch,9975.0,10013.0,False,True,9991.0,10022.0,10001.0,-16.0,15.0,-6.0
HYDROGEL_PACK,0,638400,9988.0,5,9996.0,at_or_below_bid_touch,9975.0,10013.0,False,False,10006.0,10022.0,9999.0,10.0,26.0,3.0
HYDROGEL_PACK,0,638500,10003.0,6,9995.0,at_or_above_ask_touch,9975.0,10013.0,False,False,10004.0,10021.0,10000.0,9.0,26.0,5.0
HYDROGEL_PACK,0,639900,9978.0,2,9986.0,at_or_below_bid_touch,9980.0,10013.0,True,False,10011.0,10019.5,10003.0,25.0,33.5,17.0
HYDROGEL_PACK,0,640100,9998.0,4,9990.0,at_or_above_ask_touch,9980.0,10013.0,False,False,10013.0,10017.0,9997.0,23.0,27.0,7.0
HYDROGEL_PACK,0,640800,9983.0,5,9991.0,at_or_below_bid_touch,9980.0,10013.0,False,False,10019.0,10013.0,9993.0,28.0,22.0,2.0
HYDROGEL_PACK,0,643900,10010.0,6,10002.0,at_or_above_ask_touch,9980.0,10013.0,False,False,10024.5,10019.0,9997.0,22.5,17.0,-5.0
HYDROGEL_PACK,0,645400,10009.0,4,10017.0,at_or_below_bid_touch,9980.0,10018.0,False,False,10015.0,10020.0,10001.0,-2.0,3.0,-16.0
HYDROGEL_PACK,0,645500,10024.0,2,10016.0,at_or_above_ask_touch,9980.0,10018.0,False,True,10012.0,10020.0,10001.0,-4.0,4.0,-15.0
HYDROGEL_PACK,0,646500,10029.0,6,10021.0,at_or_above_ask_touch,9980.0,10021.0,False,True,10016.0,10017.0,10005.0,-5.0,-4.0,-16.0
HYDROGEL_PACK,0,649600,10013.0,2,10021.0,at_or_below_bid_touch,9980.0,10028.0,False,False,10013.0,10025.0,10015.0,-8.0,4.0,-6.0
HYDROGEL_PACK,0,652300,10006.0,3,10014.0,at_or_below_bid_touch,9980.0,10028.0,False,False,10016.0,10012.0,10029.5,2.0,-2.0,15.5
HYDROGEL_PACK,0,653500,10012.0,6,10020.0,at_or_below_bid_touch,9980.0,10028.0,False,False,10018.0,10008.0,10027.0,-2.0,-12.0,7.0
HYDROGEL_PACK,0,661800,10022.0,4,10014.0,at_or_above_ask_touch,9980.0,10028.0,False,False,10004.5,9991.0,10032.0,-9.5,-23.0,18.0
HYDROGEL_PACK,0,662400,10004.0,5,10012.0,at_or_below_bid_touch,9980.0,10028.0,False,False,10009.0,9987.5,10026.0,-3.0,-24.5,14.0
HYDROGEL_PACK,0,663100,9998.0,5,10006.0,at_or_below_bid_touch,9980.0,10028.0,False,False,10008.0,9992.0,10028.0,2.0,-14.0,22.0
HYDROGEL_PACK,0,668000,9999.0,6,10007.0,at_or_below_bid_touch,9980.0,10028.0,False,False,9990.0,9988.0,10009.0,-17.0,-19.0,2.0
HYDROGEL_PACK,0,670800,9993.0,5,10001.0,at_or_below_bid_touch,9980.0,10028.0,False,False,9996.0,9977.0,10017.0,-5.0,-24.0,16.0
HYDROGEL_PACK,0,679600,9995.0,6,9987.0,at_or_above_ask_touch,9982.0,10028.0,False,False,9990.5,10003.0,10018.0,3.5,16.0,31.0
HYDROGEL_PACK,0,682100,9982.0,5,9974.0,at_or_above_ask_touch,9969.0,10028.0,False,False,9997.0,9993.0,10028.0,23.0,19.0,54.0
HYDROGEL_PACK,0,682200,9967.0,6,9975.0,at_or_below_bid_touch,9969.0,10028.0,True,False,9999.0,9991.0,10030.0,24.0,16.0,55.0
HYDROGEL_PACK,0,683500,9973.0,4,9969.5,at_or_above_ask_touch,9969.0,10028.0,False,False,10000.0,9993.0,10036.0,30.5,23.5,66.5
HYDROGEL_PACK,0,686000,9990.0,4,9998.0,at_or_below_bid_touch,9969.0,10028.0,False,False,9992.0,10005.0,10027.5,-6.0,7.0,29.5
HYDROGEL_PACK,0,690600,10000.0,3,9992.0,at_or_above_ask_touch,9969.0,10028.0,False,False,10004.0,10026.0,10053.0,12.0,34.0,61.0
HYDROGEL_PACK,0,691300,9982.0,6,9990.0,at_or_below_bid_touch,9969.0,10028.0,False,False,10007.0,10025.0,10049.0,17.0,35.0,59.0
HYDROGEL_PACK,0,693800,10005.0,6,9997.0,at_or_above_ask_touch,9969.0,10028.0,False,False,10010.0,10025.0,10038.0,13.0,28.0,41.0
HYDROGEL_PACK,0,699400,10008.0,3,10016.0,at_or_below_bid_touch,9969.0,10028.0,False,False,10027.0,10035.0,10017.0,11.0,19.0,1.0
HYDROGEL_PACK,0,707400,10024.0,4,10032.0,at_or_below_bid_touch,9969.0,10039.0,False,False,10026.0,10004.0,10031.0,-6.0,-28.0,-1.0
HYDROGEL_PACK,0,712800,10018.0,5,10026.0,at_or_below_bid_touch,9969.0,10040.5,False,False,10003.0,10009.0,10010.0,-23.0,-17.0,-16.0
HYDROGEL_PACK,0,714900,10007.0,2,10015.0,at_or_below_bid_touch,9969.0,10040.5,False,False,10010.0,10009.0,10006.0,-5.0,-6.0,-9.0
HYDROGEL_PACK,0,715000,10005.0,2,10013.0,at_or_below_bid_touch,9969.0,10040.5,False,False,10010.0,10008.0,10001.0,-3.0,-5.0,-12.0
HYDROGEL_PACK,0,721300,10005.0,5,10013.0,at_or_below_bid_touch,9969.0,10040.5,False,False,10013.0,10031.0,10000.0,0.0,18.0,-13.0
HYDROGEL_PACK,0,721400,10003.0,5,10011.0,at_or_below_bid_touch,9969.0,10040.5,False,False,10013.0,10028.0,9994.5,2.0,17.0,-16.5
HYDROGEL_PACK,0,722600,10001.0,4,10009.0,at_or_below_bid_touch,9969.0,10040.5,False,False,10008.0,10038.0,9991.0,-1.0,29.0,-18.0
HYDROGEL_PACK,0,735100,10039.0,5,10031.0,at_or_above_ask_touch,9989.0,10041.0,False,False,10047.0,10035.0,9993.0,16.0,4.0,-38.0
HYDROGEL_PACK,0,738300,10037.0,5,10045.0,at_or_below_bid_touch,9989.0,10046.0,False,False,10032.0,10031.0,10007.0,-13.0,-14.0,-38.0
HYDROGEL_PACK,0,738400,10054.0,2,10046.0,at_or_above_ask_touch,9989.0,10046.0,False,True,10032.0,10033.0,10001.0,-14.0,-13.0,-45.0
HYDROGEL_PACK,0,740800,10058.0,3,10050.0,at_or_above_ask_touch,9989.0,10055.5,False,True,10034.0,10023.0,10011.0,-16.0,-27.0,-39.0
HYDROGEL_PACK,0,741300,10057.0,2,10049.0,at_or_above_ask_touch,9989.0,10055.5,False,True,10032.0,10025.0,10004.0,-17.0,-24.0,-45.0
HYDROGEL_PACK,0,748800,10038.0,6,10030.0,at_or_above_ask_touch,9998.0,10055.5,False,False,10045.0,10030.0,9999.0,15.0,0.0,-31.0
HYDROGEL_PACK,0,750300,10029.0,4,10021.0,at_or_above_ask_touch,9998.0,10055.5,False,False,10037.0,10017.0,9999.0,16.0,-4.0,-22.0
HYDROGEL_PACK,0,754800,10049.0,3,10041.0,at_or_above_ask_touch,9998.0,10055.5,False,False,10026.0,10005.0,9988.0,-15.0,-36.0,-53.0
HYDROGEL_PACK,0,755900,10047.0,2,10039.0,at_or_above_ask_touch,9998.0,10055.5,False,False,10011.0,10006.0,9985.0,-28.0,-33.0,-54.0
HYDROGEL_PACK,0,760300,10025.0,6,10017.0,at_or_above_ask_touch,9998.0,10055.5,False,False,10007.0,10002.0,9977.0,-10.0,-15.0,-40.0
HYDROGEL_PACK,0,762200,10003.0,3,10011.0,at_or_below_bid_touch,9998.0,10055.5,False,False,10003.0,9994.0,9976.0,-8.0,-17.0,-35.0
HYDROGEL_PACK,0,762800,10002.0,5,10010.0,at_or_below_bid_touch,9998.0,10055.5,False,False,10009.0,9994.0,9978.0,-1.0,-16.0,-32.0
HYDROGEL_PACK,0,763000,10018.0,4,10010.0,at_or_above_ask_touch,9998.0,10055.5,False,False,10007.0,9995.0,9973.0,-3.0,-15.0,-37.0
HYDROGEL_PACK,0,764200,9995.0,4,10003.0,at_or_below_bid_touch,9998.0,10055.5,True,False,10013.0,10002.0,9982.0,10.0,-1.0,-21.0
HYDROGEL_PACK,0,764400,9994.0,5,10002.0,at_or_below_bid_touch,9998.0,10055.5,True,False,10015.0,9998.0,9985.0,13.0,-4.0,-17.0
HYDROGEL_PACK,0,769500,10022.0,3,10014.0,at_or_above_ask_touch,9999.0,10055.5,False,False,9997.0,10008.0,9995.0,-17.0,-6.0,-19.0
HYDROGEL_PACK,0,773400,10005.0,6,9997.0,at_or_above_ask_touch,9991.0,10055.5,False,False,10007.0,9991.0,9988.0,10.0,-6.0,-9.0
HYDROGEL_PACK,0,776900,9999.0,4,10007.0,at_or_below_bid_touch,9991.0,10055.5,False,False,9998.0,9987.0,9983.0,-9.0,-20.0,-24.0
HYDROGEL_PACK,0,778400,9999.0,6,10007.0,at_or_below_bid_touch,9991.0,10055.5,False,False,9991.0,10001.0,9980.0,-16.0,-6.0,-27.0
HYDROGEL_PACK,0,778700,10011.0,4,10003.0,at_or_above_ask_touch,9991.0,10055.5,False,False,9985.0,10006.0,9978.0,-18.0,3.0,-25.0
HYDROGEL_PACK,0,779000,10010.0,4,10002.0,at_or_above_ask_touch,9991.0,10055.5,False,False,9990.0,10010.0,9982.0,-12.0,8.0,-20.0
HYDROGEL_PACK,0,780100,10020.0,4,10012.0,at_or_above_ask_touch,9991.0,10055.5,False,False,9993.0,10008.0,9981.0,-19.0,-4.0,-31.0
HYDROGEL_PACK,0,785300,9985.0,6,9993.0,at_or_below_bid_touch,9984.0,10055.5,True,False,10010.0,9995.0,9987.0,17.0,2.0,-6.0
HYDROGEL_PACK,0,793800,10013.0,4,10005.0,at_or_above_ask_touch,9984.0,10047.0,False,False,9999.0,9996.0,10001.0,-6.0,-9.0,-4.0
HYDROGEL_PACK,0,794900,9991.0,4,9999.0,at_or_below_bid_touch,9984.0,10047.0,False,False,9996.0,9989.0,10003.0,-3.0,-10.0,4.0
HYDROGEL_PACK,0,795700,9982.0,4,9990.0,at_or_below_bid_touch,9984.0,10047.0,True,False,9995.0,9987.0,10000.0,5.0,-3.0,10.0
HYDROGEL_PACK,0,799200,10005.0,6,9997.0,at_or_above_ask_touch,9984.0,10047.0,False,False,9991.0,9976.0,10004.0,-6.0,-21.0,7.0
HYDROGEL_PACK,0,802300,9984.0,2,9992.0,at_or_below_bid_touch,9984.0,10047.0,True,False,9972.0,9977.0,10004.0,-20.0,-15.0,12.0
HYDROGEL_PACK,0,802400,9997.0,6,9989.0,at_or_above_ask_touch,9984.0,10047.0,False,False,9972.0,9978.0,10006.0,-17.0,-11.0,17.0
HYDROGEL_PACK,0,804800,9980.0,4,9988.0,at_or_below_bid_touch,9984.0,10041.0,True,False,9975.0,9989.0,10015.0,-13.0,1.0,27.0
HYDROGEL_PACK,0,805000,9998.0,5,9990.0,at_or_above_ask_touch,9984.0,10041.0,False,False,9976.0,9992.0,10013.0,-14.0,2.0,23.0
HYDROGEL_PACK,0,805900,9977.0,3,9985.0,at_or_below_bid_touch,9984.0,10041.0,True,False,9976.0,9990.0,10018.0,-9.0,5.0,33.0
HYDROGEL_PACK,0,806000,9993.0,5,9988.5,at_or_above_ask_touch,9984.0,10040.5,False,False,9978.0,9990.0,10019.0,-10.5,1.5,30.5
HYDROGEL_PACK,0,806200,9975.0,4,9983.0,at_or_below_bid_touch,9983.0,10040.5,True,False,9976.0,9991.0,10016.0,-7.0,8.0,33.0
HYDROGEL_PACK,0,810200,9969.0,5,9977.0,at_or_below_bid_touch,9971.0,10019.0,True,False,9992.0,9997.0,10008.0,15.0,20.0,31.0
HYDROGEL_PACK,0,824000,9985.0,6,9977.0,at_or_above_ask_touch,9971.0,10014.0,False,False,9982.0,9979.0,10006.0,5.0,2.0,29.0
HYDROGEL_PACK,0,825600,9987.0,5,9979.0,at_or_above_ask_touch,9971.0,10014.0,False,False,9976.0,9985.0,10001.5,-3.0,6.0,22.5
HYDROGEL_PACK,0,832700,9995.0,2,9987.0,at_or_above_ask_touch,9965.5,10013.0,False,False,9996.0,10005.0,10019.0,9.0,18.0,32.0
HYDROGEL_PACK,0,832900,9991.0,5,9983.0,at_or_above_ask_touch,9965.5,10013.0,False,False,9996.5,10008.0,10019.0,13.5,25.0,36.0
HYDROGEL_PACK,0,841500,9983.0,2,9991.0,at_or_below_bid_touch,9965.5,10011.0,False,False,10000.0,10008.0,10023.0,9.0,17.0,32.0
HYDROGEL_PACK,0,843000,10016.0,3,10008.0,at_or_above_ask_touch,9965.5,10011.0,False,True,9999.0,10015.0,10024.0,-9.0,7.0,16.0
HYDROGEL_PACK,0,844600,10006.0,4,9998.0,at_or_above_ask_touch,9965.5,10008.0,False,False,10003.0,10014.0,10019.0,5.0,16.0,21.0
HYDROGEL_PACK,0,850400,10014.0,6,10009.5,at_or_above_ask_touch,9965.5,10010.0,False,True,10017.0,10007.0,9998.0,7.5,-2.5,-11.5
HYDROGEL_PACK,0,852400,9998.0,2,10006.0,at_or_below_bid_touch,9965.5,10010.5,False,False,10016.0,10007.0,9977.0,10.0,1.0,-29.0
HYDROGEL_PACK,0,859100,10011.0,6,10019.0,at_or_below_bid_touch,9965.5,10023.0,False,False,10003.0,10008.0,9976.0,-16.0,-11.0,-43.0
HYDROGEL_PACK,0,859700,10006.0,4,10014.0,at_or_below_bid_touch,9965.5,10023.0,False,False,10006.0,10009.0,9986.0,-8.0,-5.0,-28.0
HYDROGEL_PACK,0,860500,10016.0,4,10008.0,at_or_above_ask_touch,9965.5,10023.0,False,False,10008.0,10010.0,9988.0,0.0,2.0,-20.0
HYDROGEL_PACK,0,862100,9999.0,5,10007.0,at_or_below_bid_touch,9965.5,10023.0,False,False,10013.0,10001.0,9981.0,6.0,-6.0,-26.0
HYDROGEL_PACK,0,864800,10000.0,6,10008.0,at_or_below_bid_touch,9965.5,10023.0,False,False,10008.0,9998.0,9972.0,0.0,-10.0,-36.0
HYDROGEL_PACK,0,867200,10020.0,3,10012.0,at_or_above_ask_touch,9965.5,10023.0,False,False,10003.0,10000.0,9970.5,-9.0,-12.0,-41.5
HYDROGEL_PACK,0,868000,10004.0,3,10012.0,at_or_below_bid_touch,9965.5,10023.0,False,False,10006.0,10004.0,9964.0,-6.0,-8.0,-48.0
HYDROGEL_PACK,0,868200,10007.0,2,10015.0,at_or_below_bid_touch,9965.5,10023.0,False,False,10004.0,10007.5,9969.0,-11.0,-7.5,-46.0
HYDROGEL_PACK,0,873100,10012.0,3,10004.0,at_or_above_ask_touch,9965.5,10023.0,False,False,10005.0,10022.0,9987.0,1.0,18.0,-17.0
HYDROGEL_PACK,0,874800,9990.0,4,9998.0,at_or_below_bid_touch,9965.5,10023.0,False,False,10010.0,10020.0,9988.0,12.0,22.0,-10.0
HYDROGEL_PACK,0,876100,9989.0,6,9997.0,at_or_below_bid_touch,9965.5,10023.0,False,False,10010.0,10031.0,9997.0,13.0,34.0,0.0
HYDROGEL_PACK,0,883900,10015.0,3,10023.0,at_or_below_bid_touch,9979.0,10023.0,False,False,10039.0,10026.0,10001.0,16.0,3.0,-22.0
HYDROGEL_PACK,0,884500,10017.0,2,10025.0,at_or_below_bid_touch,9980.5,10026.0,False,False,10034.0,10018.0,10004.0,9.0,-7.0,-21.0
HYDROGEL_PACK,0,885300,10019.0,5,10027.0,at_or_below_bid_touch,9980.5,10028.0,False,False,10032.0,10016.0,10007.0,5.0,-11.0,-20.0
HYDROGEL_PACK,0,886200,10039.0,5,10031.0,at_or_above_ask_touch,9985.0,10031.0,False,True,10021.0,10012.0,9999.0,-10.0,-19.0,-32.0
HYDROGEL_PACK,0,889300,10048.0,3,10039.5,at_or_above_ask_touch,9985.0,10041.0,False,True,10021.0,10005.0,10003.0,-18.5,-34.5,-36.5
HYDROGEL_PACK,0,898800,10002.0,5,10010.0,at_or_below_bid_touch,9994.0,10041.0,False,False,9976.0,9970.0,10006.0,-34.0,-40.0,-4.0
HYDROGEL_PACK,0,908000,9980.0,4,9976.5,at_or_above_ask_touch,9972.0,10041.0,False,False,9984.0,9964.0,10024.0,7.5,-12.5,47.5
HYDROGEL_PACK,0,910900,9973.0,5,9981.0,at_or_below_bid_touch,9970.0,10041.0,False,False,9964.0,9979.0,10030.0,-17.0,-2.0,49.0
HYDROGEL_PACK,0,912300,9975.0,2,9983.0,at_or_below_bid_touch,9970.0,10041.0,False,False,9968.0,9977.0,10023.0,-15.0,-6.0,40.0
HYDROGEL_PACK,0,917000,9959.0,3,9967.0,at_or_below_bid_touch,9960.5,10041.0,True,False,9976.0,10001.0,10015.0,9.0,34.0,48.0
HYDROGEL_PACK,0,918600,9962.0,5,9970.0,at_or_below_bid_touch,9960.5,10041.0,False,False,9987.0,10000.0,10008.0,17.0,30.0,38.0
HYDROGEL_PACK,0,920900,9987.0,6,9979.0,at_or_above_ask_touch,9960.5,10041.0,False,False,10002.0,10004.0,10017.0,23.0,25.0,38.0
HYDROGEL_PACK,0,922400,9971.0,6,9979.0,at_or_below_bid_touch,9960.5,10041.0,False,False,10005.0,9997.5,10022.0,26.0,18.5,43.0
HYDROGEL_PACK,0,923100,9995.0,5,9987.0,at_or_above_ask_touch,9960.5,10041.0,False,False,10002.0,10003.5,10021.0,15.0,16.5,34.0
HYDROGEL_PACK,0,924000,9989.0,6,9981.0,at_or_above_ask_touch,9960.5,10041.0,False,False,9995.0,10001.0,10027.0,14.0,20.0,46.0
HYDROGEL_PACK,0,924900,9997.0,6,9989.0,at_or_above_ask_touch,9960.5,10041.0,False,False,10011.0,10002.0,10028.0,22.0,13.0,39.0
HYDROGEL_PACK,0,928400,10008.0,6,10000.0,at_or_above_ask_touch,9960.5,10041.0,False,False,10003.0,10009.0,10010.0,3.0,9.0,10.0
HYDROGEL_PACK,0,932900,9994.0,3,10002.0,at_or_below_bid_touch,9960.5,10041.0,False,False,10009.0,10006.0,9993.0,7.0,4.0,-9.0
HYDROGEL_PACK,0,939100,9994.0,5,10002.0,at_or_below_bid_touch,9960.5,10041.0,False,False,10006.0,10006.0,9995.0,4.0,4.0,-7.0
HYDROGEL_PACK,0,940700,10008.0,3,10000.0,at_or_above_ask_touch,9960.5,10032.0,False,False,10008.0,10013.0,9998.0,8.0,13.0,-2.0
HYDROGEL_PACK,0,942000,10010.0,2,10002.0,at_or_above_ask_touch,9960.5,10032.0,False,False,10005.0,10013.0,9997.0,3.0,11.0,-5.0
HYDROGEL_PACK,0,943300,9997.0,3,10005.0,at_or_below_bid_touch,9960.5,10026.0,False,False,10002.5,10017.0,9981.0,-2.5,12.0,-24.0
HYDROGEL_PACK,0,944100,9998.0,4,10006.0,at_or_below_bid_touch,9960.5,10022.0,False,False,10006.0,10022.0,9981.0,0.0,16.0,-25.0
HYDROGEL_PACK,0,949600,10015.0,4,10007.0,at_or_above_ask_touch,9960.5,10017.0,False,False,10019.0,10031.5,9960.0,12.0,24.5,-47.0
HYDROGEL_PACK,0,950300,9998.0,3,10006.0,at_or_below_bid_touch,9960.5,10017.0,False,False,10021.0,10033.0,,15.0,27.0,
HYDROGEL_PACK,0,950600,10021.0,4,10013.0,at_or_above_ask_touch,9960.5,10017.0,False,True,10027.0,10030.0,,14.0,17.0,
HYDROGEL_PACK,0,951800,10005.0,5,10013.0,at_or_below_bid_touch,9960.5,10017.0,False,False,10025.0,10025.0,,12.0,12.0,
HYDROGEL_PACK,0,957000,10014.0,3,10022.0,at_or_below_bid_touch,9960.5,10029.0,False,False,10025.0,10015.0,,3.0,-7.0,
HYDROGEL_PACK,0,973400,10033.0,4,10024.5,at_or_above_ask_touch,9981.0,10033.0,False,True,10010.0,9997.0,,-14.5,-27.5,
HYDROGEL_PACK,0,975800,10027.0,5,10019.0,at_or_above_ask_touch,9992.0,10033.0,False,False,10002.0,9993.0,,-17.0,-26.0,
HYDROGEL_PACK,0,976800,10023.0,6,10015.0,at_or_above_ask_touch,9992.0,10033.0,False,False,10003.0,9994.0,,-12.0,-21.0,
HYDROGEL_PACK,0,977200,10021.0,5,10013.0,at_or_above_ask_touch,9992.0,10033.0,False,False,9999.0,9996.0,,-14.0,-17.0,
HYDROGEL_PACK,0,980400,9996.0,2,10004.0,at_or_below_bid_touch,9997.0,10033.0,True,False,9999.0,9996.0,,-5.0,-8.0,
HYDROGEL_PACK,0,990400,9988.0,4,9996.0,at_or_below_bid_touch,9990.0,10033.0,True,False,9979.0,,,-17.0,,
HYDROGEL_PACK,0,997000,9977.0,5,9981.5,at_or_below_bid_touch,9975.0,10033.0,False,False,,,,,,
HYDROGEL_PACK,0,999900,9966.0,5,9958.0,at_or_above_ask_touch,9956.0,10033.0,False,False,,,,,,
HYDROGEL_PACK,1,5100,9960.0,4,9956.0,at_or_above_ask_touch,9956.0,9966.5,False,False,9944.0,9957.0,9948.0,-12.0,1.0,-8.0
HYDROGEL_PACK,1,6200,9955.0,5,9947.0,at_or_above_ask_touch,9947.0,9966.5,False,False,9941.0,9956.0,9950.0,-6.0,9.0,3.0
HYDROGEL_PACK,1,15000,9966.0,4,9958.5,at_or_above_ask_touch,9938.0,9966.5,False,True,9951.0,9952.0,9938.5,-7.5,-6.5,-20.0
HYDROGEL_PACK,1,22800,9946.0,6,9954.0,at_or_below_bid_touch,9936.5,9966.5,False,False,9940.0,9956.0,9965.0,-14.0,2.0,11.0
HYDROGEL_PACK,1,30800,9940.0,2,9948.0,at_or_below_bid_touch,9936.5,9966.5,False,False,9949.5,9945.0,9985.0,1.5,-3.0,37.0
HYDROGEL_PACK,1,31400,9953.0,3,9945.0,at_or_above_ask_touch,9936.5,9966.5,False,False,9949.0,9944.0,9973.0,4.0,-1.0,28.0
HYDROGEL_PACK,1,32000,9938.0,5,9946.0,at_or_below_bid_touch,9936.5,9966.5,False,False,9947.0,9951.0,9970.0,1.0,5.0,24.0
HYDROGEL_PACK,1,33600,9948.0,6,9956.0,at_or_below_bid_touch,9936.5,9966.5,False,False,9943.0,9962.5,9975.0,-13.0,6.5,19.0
HYDROGEL_PACK,1,37400,9936.0,4,9944.0,at_or_below_bid_touch,9936.5,9966.5,True,False,9961.0,9969.0,9963.5,17.0,25.0,19.5
HYDROGEL_PACK,1,40900,9951.0,5,9943.0,at_or_above_ask_touch,9936.5,9966.5,False,False,9969.0,9979.0,9957.0,26.0,36.0,14.0
HYDROGEL_PACK,1,41300,9953.0,5,9945.0,at_or_above_ask_touch,9936.5,9966.5,False,False,9972.0,9976.0,9958.0,27.0,31.0,13.0
HYDROGEL_PACK,1,43900,9952.0,6,9960.0,at_or_below_bid_touch,9936.5,9966.5,False,False,9968.0,9966.0,9968.0,8.0,6.0,8.0
HYDROGEL_PACK,1,45200,9961.0,2,9969.0,at_or_below_bid_touch,9936.5,9972.0,False,False,9982.0,9946.0,9962.0,13.0,-23.0,-7.0
HYDROGEL_PACK,1,48300,9960.0,3,9967.5,at_or_below_bid_touch,9936.5,9976.0,False,False,9967.0,9954.0,9954.0,-0.5,-13.5,-13.5
HYDROGEL_PACK,1,52400,9961.0,5,9969.0,at_or_below_bid_touch,9936.5,9985.0,False,False,9953.0,9940.0,9952.0,-16.0,-29.0,-17.0
HYDROGEL_PACK,1,53000,9961.0,4,9969.0,at_or_below_bid_touch,9936.5,9985.0,False,False,9954.0,9942.5,9945.0,-15.0,-26.5,-24.0
HYDROGEL_PACK,1,59300,9949.0,4,9957.0,at_or_below_bid_touch,9936.5,9985.0,False,False,9941.0,9957.5,9968.0,-16.0,0.5,11.0
HYDROGEL_PACK,1,61100,9961.0,2,9953.0,at_or_above_ask_touch,9936.5,9985.0,False,False,9944.0,9963.0,9959.0,-9.0,10.0,6.0
HYDROGEL_PACK,1,61400,9962.0,2,9954.0,at_or_above_ask_touch,9936.5,9985.0,False,False,9948.5,9961.0,9957.0,-5.5,7.0,3.0
HYDROGEL_PACK,1,63200,9950.0,5,9942.0,at_or_above_ask_touch,9936.5,9985.0,False,False,9958.0,9971.0,9950.0,16.0,29.0,8.0
HYDROGEL_PACK,1,64300,9933.0,4,9941.0,at_or_below_bid_touch,9936.0,9985.0,True,False,9957.5,9983.0,9945.0,16.5,42.0,4.0
HYDROGEL_PACK,1,65400,9930.0,4,9938.0,at_or_below_bid_touch,9936.0,9985.0,True,False,9957.0,9983.0,9946.0,19.0,45.0,8.0
HYDROGEL_PACK,1,65900,9935.0,2,9942.5,at_or_below_bid_touch,9934.5,9985.0,True,False,9961.0,9983.0,9947.0,18.5,40.5,4.5
HYDROGEL_PACK,1,69500,9952.0,2,9959.5,at_or_below_bid_touch,9934.5,9985.0,False,False,9980.0,9983.0,9956.0,20.5,23.5,-3.5
HYDROGEL_PACK,1,73500,9966.0,3,9974.0,at_or_below_bid_touch,9934.5,9985.0,False,False,9992.0,9975.0,9949.0,18.0,1.0,-25.0
HYDROGEL_PACK,1,76600,9995.0,3,9987.0,at_or_above_ask_touch,9934.5,9987.0,False,True,9974.0,9964.0,9949.0,-13.0,-23.0,-38.0
HYDROGEL_PACK,1,78500,10000.0,4,9992.0,at_or_above_ask_touch,9934.5,10000.5,False,True,9975.0,9960.0,9962.0,-17.0,-32.0,-30.0
HYDROGEL_PACK,1,79000,9982.0,3,9989.5,at_or_below_bid_touch,9934.5,10000.5,False,False,9971.0,9967.0,9961.0,-18.5,-22.5,-28.5
HYDROGEL_PACK,1,79800,9994.0,6,9986.0,at_or_above_ask_touch,9934.5,10000.5,False,False,9968.5,9965.0,9959.0,-17.5,-21.0,-27.0
HYDROGEL_PACK,1,81300,9970.0,6,9978.0,at_or_below_bid_touch,9934.5,10000.5,False,False,9965.0,9958.0,9949.0,-13.0,-20.0,-29.0
HYDROGEL_PACK,1,81700,9980.0,3,9972.0,at_or_above_ask_touch,9934.5,10000.5,False,False,9964.0,9958.0,9951.0,-8.0,-14.0,-21.0
HYDROGEL_PACK,1,81900,9978.0,2,9970.0,at_or_above_ask_touch,9934.5,10000.5,False,False,9962.5,9959.0,9948.5,-7.5,-11.0,-21.5
HYDROGEL_PACK,1,82300,9977.0,3,9969.0,at_or_above_ask_touch,9934.5,10000.5,False,False,9965.0,9964.0,9956.0,-4.0,-5.0,-13.0
HYDROGEL_PACK,1,92100,9955.0,4,9963.0,at_or_below_bid_touch,9934.5,10000.5,False,False,9958.0,9952.0,9966.0,-5.0,-11.0,3.0
HYDROGEL_PACK,1,92500,9956.0,2,9964.0,at_or_below_bid_touch,9934.5,10000.5,False,False,9959.0,9949.5,9962.0,-5.0,-14.5,-2.0
HYDROGEL_PACK,1,94400,9974.0,4,9966.0,at_or_above_ask_touch,9934.5,10000.5,False,False,9951.0,9954.0,9955.0,-15.0,-12.0,-11.0
HYDROGEL_PACK,1,97100,9950.0,2,9958.0,at_or_below_bid_touch,9934.5,10000.5,False,False,9952.0,9960.0,9958.0,-6.0,2.0,0.0
HYDROGEL_PACK,1,98600,9962.0,2,9954.0,at_or_above_ask_touch,9934.5,10000.5,False,False,9951.0,9964.0,9964.0,-3.0,10.0,10.0
HYDROGEL_PACK,1,99000,9961.0,3,9953.0,at_or_above_ask_touch,9934.5,10000.5,False,False,9953.0,9964.0,9965.0,0.0,11.0,12.0
HYDROGEL_PACK,1,101400,9936.0,5,9944.0,at_or_below_bid_touch,9934.5,10000.5,False,False,9958.0,9957.0,9953.0,14.0,13.0,9.0
HYDROGEL_PACK,1,101500,9935.0,6,9943.0,at_or_below_bid_touch,9934.5,10000.5,True,False,9956.0,9957.0,9954.0,13.0,14.0,11.0
HYDROGEL_PACK,1,103100,9952.0,4,9944.0,at_or_above_ask_touch,9934.5,10000.5,False,False,9954.0,9950.0,9955.0,10.0,6.0,11.0
HYDROGEL_PACK,1,103500,9940.0,3,9948.0,at_or_below_bid_touch,9934.5,10000.5,False,False,9963.0,9947.0,9958.0,15.0,-1.0,10.0
HYDROGEL_PACK,1,107100,9952.0,5,9960.0,at_or_below_bid_touch,9934.5,10000.5,False,False,9957.0,9959.0,9964.0,-3.0,-1.0,4.0
HYDROGEL_PACK,1,109100,9957.0,2,9965.0,at_or_below_bid_touch,9934.5,10000.5,False,False,9944.0,9952.0,9962.0,-21.0,-13.0,-3.0
HYDROGEL_PACK,1,112700,9948.0,2,9956.0,at_or_below_bid_touch,9934.5,10000.5,False,False,9968.0,9947.0,9970.0,12.0,-9.0,14.0
HYDROGEL_PACK,1,113900,9956.0,2,9948.0,at_or_above_ask_touch,9934.5,10000.5,False,False,9949.0,9942.0,9961.0,1.0,-6.0,13.0
HYDROGEL_PACK,1,115500,9937.0,3,9945.0,at_or_below_bid_touch,9934.5,10000.5,False,False,9954.0,9946.0,9968.5,9.0,1.0,23.5
HYDROGEL_PACK,1,119400,9962.0,3,9954.0,at_or_above_ask_touch,9940.0,10000.5,False,False,9945.0,9959.0,9966.0,-9.0,5.0,12.0
HYDROGEL_PACK,1,120700,9958.0,2,9950.0,at_or_above_ask_touch,9940.0,10000.5,False,False,9945.0,9955.5,9976.0,-5.0,5.5,26.0
HYDROGEL_PACK,1,126000,9953.0,4,9945.0,at_or_above_ask_touch,9940.0,10000.5,False,False,9950.0,9953.0,9992.0,5.0,8.0,47.0
HYDROGEL_PACK,1,129500,9967.0,6,9959.0,at_or_above_ask_touch,9940.0,9987.0,False,False,9952.0,9964.0,9998.0,-7.0,5.0,39.0
HYDROGEL_PACK,1,129800,9951.0,4,9959.0,at_or_below_bid_touch,9940.0,9986.0,False,False,9955.0,9968.0,9998.0,-4.0,9.0,39.0
HYDROGEL_PACK,1,130800,9946.0,5,9954.0,at_or_below_bid_touch,9940.0,9986.0,False,False,9954.0,9961.0,10003.0,0.0,7.0,49.0
HYDROGEL_PACK,1,133700,9948.0,4,9956.0,at_or_below_bid_touch,9940.0,9973.0,False,False,9966.0,9954.0,10013.0,10.0,-2.0,57.0
HYDROGEL_PACK,1,134500,9944.0,6,9952.0,at_or_below_bid_touch,9940.0,9973.0,False,False,9964.0,9953.0,10018.0,12.0,1.0,66.0
HYDROGEL_PACK,1,137800,9942.0,3,9950.0,at_or_below_bid_touch,9940.0,9973.0,False,False,9964.0,9966.0,10026.0,14.0,16.0,76.0
HYDROGEL_PACK,1,138100,9959.0,2,9951.0,at_or_above_ask_touch,9940.0,9971.0,False,False,9964.0,9963.0,10029.0,13.0,12.0,78.0
HYDROGEL_PACK,1,145600,9962.0,5,9954.0,at_or_above_ask_touch,9940.0,9969.0,False,False,9958.0,9959.0,10003.0,4.0,5.0,49.0
HYDROGEL_PACK,1,146500,9963.0,6,9955.0,at_or_above_ask_touch,9940.0,9969.0,False,False,9954.0,9959.0,10003.0,-1.0,4.0,48.0
HYDROGEL_PACK,1,148000,9972.0,3,9964.0,at_or_above_ask_touch,9940.0,9969.0,False,True,9953.0,9955.0,10001.0,-11.0,-9.0,37.0
HYDROGEL_PACK,1,151100,9945.0,4,9953.0,at_or_below_bid_touch,9941.0,9969.0,False,False,9955.0,9966.0,10016.0,2.0,13.0,63.0
HYDROGEL_PACK,1,151200,9944.0,6,9952.0,at_or_below_bid_touch,9941.0,9969.0,False,False,9955.0,9963.5,10020.0,3.0,11.5,68.0
HYDROGEL_PACK,1,152700,9944.0,5,9952.0,at_or_below_bid_touch,9942.0,9969.0,False,False,9963.0,9970.0,10025.0,11.0,18.0,73.0
HYDROGEL_PACK,1,155900,9966.0,4,9958.5,at_or_above_ask_touch,9942.0,9969.0,False,False,9968.0,9969.0,10013.0,9.5,10.5,54.5
HYDROGEL_PACK,1,156400,9949.0,6,9957.0,at_or_below_bid_touch,9942.0,9969.0,False,False,9968.0,9970.0,10010.0,11.0,13.0,53.0
HYDROGEL_PACK,1,159900,9961.0,3,9969.0,at_or_below_bid_touch,9942.0,9969.0,False,False,9967.0,9965.0,10009.0,-2.0,-4.0,40.0
HYDROGEL_PACK,1,161200,9956.0,6,9963.5,at_or_below_bid_touch,9942.0,9970.0,False,False,9969.0,9981.0,10006.0,5.5,17.5,42.5
HYDROGEL_PACK,1,164300,9973.0,5,9965.0,at_or_above_ask_touch,9942.0,9974.0,False,True,9966.0,9977.0,9987.0,1.0,12.0,22.0
HYDROGEL_PACK,1,167300,9957.0,3,9965.0,at_or_below_bid_touch,9942.0,9974.0,False,False,9975.0,9998.0,10000.0,10.0,33.0,35.0
HYDROGEL_PACK,1,171400,9992.0,6,9984.0,at_or_above_ask_touch,9942.0,9984.0,False,True,10001.0,10009.0,10008.0,17.0,25.0,24.0
HYDROGEL_PACK,1,174200,9988.0,5,9980.0,at_or_above_ask_touch,9942.0,9984.0,False,True,10000.0,10014.0,9988.0,20.0,34.0,8.0
HYDROGEL_PACK,1,174400,9991.0,6,9983.5,at_or_above_ask_touch,9942.0,9984.0,False,True,9999.0,10016.0,9986.0,15.5,32.5,2.5
HYDROGEL_PACK,1,178000,9988.0,3,9996.0,at_or_below_bid_touch,9946.0,10001.0,False,False,10013.0,10026.0,9982.0,17.0,30.0,-14.0
HYDROGEL_PACK,1,182100,10012.0,3,10020.0,at_or_below_bid_touch,9947.5,10020.0,False,False,10029.0,10022.0,10010.0,9.0,2.0,-10.0
HYDROGEL_PACK,1,182800,10010.0,5,10018.0,at_or_below_bid_touch,9947.5,10020.0,False,False,10026.0,10015.0,10011.0,8.0,-3.0,-7.0
HYDROGEL_PACK,1,185800,10040.0,4,10032.0,at_or_above_ask_touch,9947.5,10032.0,False,True,10028.0,10004.0,10007.0,-4.0,-28.0,-25.0
HYDROGEL_PACK,1,188400,10021.0,4,10029.0,at_or_below_bid_touch,9947.5,10032.0,False,False,10018.0,10003.0,10015.0,-11.0,-26.0,-14.0
HYDROGEL_PACK,1,192800,10007.0,5,10015.0,at_or_below_bid_touch,9947.5,10034.0,False,False,10005.0,10025.0,10007.0,-10.0,10.0,-8.0
HYDROGEL_PACK,1,193400,10026.0,4,10018.0,at_or_above_ask_touch,9947.5,10034.0,False,False,10003.0,10021.0,10008.0,-15.0,3.0,-10.0
HYDROGEL_PACK,1,199400,10029.0,3,10021.0,at_or_above_ask_touch,9951.0,10034.0,False,False,10014.0,10014.0,10005.0,-7.0,-7.0,-16.0
HYDROGEL_PACK,1,202700,10033.0,5,10025.0,at_or_above_ask_touch,9951.5,10034.0,False,True,10013.0,9999.0,9996.0,-12.0,-26.0,-29.0
HYDROGEL_PACK,1,203200,10014.0,6,10022.0,at_or_below_bid_touch,9951.5,10034.0,False,False,10009.0,10000.0,9994.0,-13.0,-22.0,-28.0
HYDROGEL_PACK,1,210600,9990.0,5,9998.0,at_or_below_bid_touch,9957.0,10034.0,False,False,9987.0,10006.0,9984.0,-11.0,8.0,-14.0
HYDROGEL_PACK,1,211100,9996.0,6,10004.0,at_or_below_bid_touch,9957.0,10034.0,False,False,9992.0,10002.0,9989.0,-12.0,-2.0,-15.0
HYDROGEL_PACK,1,217500,10011.0,4,10003.0,at_or_above_ask_touch,9957.0,10034.0,False,False,10003.0,9981.0,9994.0,0.0,-22.0,-9.0
HYDROGEL_PACK,1,218500,10017.0,5,10009.0,at_or_above_ask_touch,9957.0,10034.0,False,False,9990.0,9987.0,9992.0,-19.0,-22.0,-17.0
HYDROGEL_PACK,1,218900,10014.0,3,10006.0,at_or_above_ask_touch,9960.0,10034.0,False,False,9988.0,9987.0,9984.0,-18.0,-19.0,-22.0
HYDROGEL_PACK,1,221200,10011.0,5,10003.0,at_or_above_ask_touch,9970.0,10034.0,False,False,9981.0,10009.0,9978.0,-22.0,6.0,-25.0
HYDROGEL_PACK,1,226100,9974.0,5,9982.0,at_or_below_bid_touch,9979.0,10034.0,True,False,10006.0,10009.0,9982.0,24.0,27.0,0.0
HYDROGEL_PACK,1,230000,9998.0,4,9990.0,at_or_above_ask_touch,9979.0,10034.0,False,False,10014.0,10011.0,9963.5,24.0,21.0,-26.5
HYDROGEL_PACK,1,230800,10007.0,3,9999.0,at_or_above_ask_touch,9979.0,10034.0,False,False,10007.0,10023.5,9964.0,8.0,24.5,-35.0
HYDROGEL_PACK,1,235900,9998.0,3,10006.0,at_or_below_bid_touch,9979.0,10034.0,False,False,10021.0,10006.0,9978.0,15.0,0.0,-28.0
HYDROGEL_PACK,1,238200,10025.0,2,10017.0,at_or_above_ask_touch,9979.0,10034.0,False,False,10004.0,10017.0,9958.0,-13.0,0.0,-59.0
HYDROGEL_PACK,1,239600,10006.0,4,10014.0,at_or_below_bid_touch,9979.0,10030.5,False,False,10011.0,10006.0,9951.0,-3.0,-8.0,-63.0
HYDROGEL_PACK,1,239700,10021.0,6,10013.0,at_or_above_ask_touch,9979.0,10030.5,False,False,10012.0,10005.0,9951.0,-1.0,-8.0,-62.0
HYDROGEL_PACK,1,240600,10013.0,3,10021.0,at_or_below_bid_touch,9979.0,10030.5,False,False,10011.0,9998.0,9956.0,-10.0,-23.0,-65.0
HYDROGEL_PACK,1,241900,10005.0,2,10013.0,at_or_below_bid_touch,9979.0,10027.0,False,False,10008.0,9994.0,9951.0,-5.0,-19.0,-62.0
HYDROGEL_PACK,1,248200,10025.0,5,10017.0,at_or_above_ask_touch,9979.0,10027.0,False,False,9994.0,9971.0,9947.0,-23.0,-46.0,-70.0
HYDROGEL_PACK,1,252500,9988.0,3,9996.0,at_or_below_bid_touch,9979.0,10025.0,False,False,9974.0,9998.0,9945.0,-22.0,2.0,-51.0
HYDROGEL_PACK,1,254700,9997.0,5,9992.5,at_or_above_ask_touch,9979.0,10023.5,False,False,9975.0,10001.0,9959.0,-17.5,8.5,-33.5
HYDROGEL_PACK,1,255000,9980.0,4,9988.0,at_or_below_bid_touch,9979.0,10023.5,True,False,9979.0,10001.0,9959.0,-9.0,13.0,-29.0
HYDROGEL_PACK,1,255300,9973.0,2,9981.0,at_or_below_bid_touch,9979.0,10023.5,True,False,9981.0,10002.0,9959.0,0.0,21.0,-22.0
HYDROGEL_PACK,1,255400,9973.0,3,9981.0,at_or_below_bid_touch,9979.0,10023.5,True,False,9984.0,10000.0,9959.0,3.0,19.0,-22.0
HYDROGEL_PACK,1,262300,10005.0,4,9997.0,at_or_above_ask_touch,9969.0,10023.5,False,False,9995.0,9975.0,9930.0,-2.0,-22.0,-67.0
HYDROGEL_PACK,1,262800,10008.0,2,10000.0,at_or_above_ask_touch,9969.0,10023.5,False,False,9992.0,9975.0,9927.0,-8.0,-25.0,-73.0
HYDROGEL_PACK,1,266300,9999.0,4,9991.0,at_or_above_ask_touch,9969.0,10023.5,False,False,9980.0,9985.0,9928.0,-11.0,-6.0,-63.0
HYDROGEL_PACK,1,266600,9997.0,4,9989.0,at_or_above_ask_touch,9969.0,10023.5,False,False,9979.0,9983.0,9930.0,-10.0,-6.0,-59.0
HYDROGEL_PACK,1,269300,9973.0,3,9981.0,at_or_below_bid_touch,9969.0,10023.5,False,False,9981.0,9975.0,9945.0,0.0,-6.0,-36.0
HYDROGEL_PACK,1,274600,9989.0,2,9981.5,at_or_above_ask_touch,9969.0,10023.5,False,False,9977.0,9972.0,9938.0,-4.5,-9.5,-43.5
HYDROGEL_PACK,1,275700,9996.0,2,9988.0,at_or_above_ask_touch,9969.0,10023.5,False,False,9964.0,9974.0,9941.0,-24.0,-14.0,-47.0
HYDROGEL_PACK,1,280500,9973.0,2,9965.0,at_or_above_ask_touch,9963.5,10023.5,False,False,9972.0,9952.0,9949.0,7.0,-13.0,-16.0
HYDROGEL_PACK,1,281100,9952.0,3,9960.0,at_or_below_bid_touch,9960.0,10023.5,True,False,9972.0,9958.0,9953.0,12.0,-2.0,-7.0
HYDROGEL_PACK,1,282200,9979.0,2,9971.0,at_or_above_ask_touch,9958.5,10023.5,False,False,9963.0,9954.0,9952.0,-8.0,-17.0,-19.0
HYDROGEL_PACK,1,285400,9965.0,5,9973.0,at_or_below_bid_touch,9958.5,10023.5,False,False,9951.0,9952.0,9950.0,-22.0,-21.0,-23.0
HYDROGEL_PACK,1,290900,9965.0,3,9957.0,at_or_above_ask_touch,9946.0,10018.0,False,False,9952.5,9953.0,9948.0,-4.5,-4.0,-9.0
HYDROGEL_PACK,1,292800,9951.0,6,9959.0,at_or_below_bid_touch,9946.0,10018.0,False,False,9946.0,9947.0,9957.0,-13.0,-12.0,-2.0
HYDROGEL_PACK,1,295000,9959.0,5,9951.0,at_or_above_ask_touch,9946.0,10018.0,False,False,9960.0,9959.0,9955.5,9.0,8.0,4.5
HYDROGEL_PACK,1,297100,9958.0,3,9950.0,at_or_above_ask_touch,9946.0,10018.0,False,False,9947.0,9960.0,9962.0,-3.0,10.0,12.0
HYDROGEL_PACK,1,301100,9966.0,3,9958.0,at_or_above_ask_touch,9945.0,10010.0,False,False,9955.0,9929.0,9964.0,-3.0,-29.0,6.0
HYDROGEL_PACK,1,301300,9967.0,2,9959.0,at_or_above_ask_touch,9945.0,10010.0,False,False,9958.0,9931.5,9959.0,-1.0,-27.5,0.0
HYDROGEL_PACK,1,302400,9936.0,6,9944.0,at_or_below_bid_touch,9944.0,10010.0,True,False,9956.0,9930.0,9959.5,12.0,-14.0,15.5
HYDROGEL_PACK,1,304200,9944.0,2,9952.0,at_or_below_bid_touch,9944.0,10010.0,True,False,9948.0,9935.0,9954.0,-4.0,-17.0,2.0
HYDROGEL_PACK,1,306500,9967.0,5,9959.0,at_or_above_ask_touch,9944.0,10010.0,False,False,9930.0,9932.0,9959.0,-29.0,-27.0,0.0
HYDROGEL_PACK,1,308000,9943.0,3,9951.0,at_or_below_bid_touch,9944.0,10010.0,True,False,9926.0,9940.0,9956.0,-25.0,-11.0,5.0
HYDROGEL_PACK,1,308100,9945.0,4,9953.0,at_or_below_bid_touch,9944.0,10010.0,True,False,9928.0,9941.0,9955.0,-25.0,-12.0,2.0
HYDROGEL_PACK,1,316200,9939.0,5,9931.0,at_or_above_ask_touch,9924.0,9996.0,False,False,9943.0,9946.0,9966.0,12.0,15.0,35.0
HYDROGEL_PACK,1,317100,9929.0,4,9937.0,at_or_below_bid_touch,9924.0,9996.0,False,False,9953.0,9941.0,9960.0,16.0,4.0,23.0
HYDROGEL_PACK,1,318300,9950.0,4,9942.0,at_or_above_ask_touch,9924.0,9993.0,False,False,9948.0,9944.5,9976.0,6.0,2.5,34.0
HYDROGEL_PACK,1,323300,9956.0,5,9948.0,at_or_above_ask_touch,9924.0,9989.0,False,False,9944.5,9949.0,9960.0,-3.5,1.0,12.0
HYDROGEL_PACK,1,324600,9946.0,6,9938.0,at_or_above_ask_touch,9924.0,9989.0,False,False,9944.0,9959.0,9962.0,6.0,21.0,24.0
HYDROGEL_PACK,1,327600,9928.0,5,9936.0,at_or_below_bid_touch,9924.0,9984.5,False,False,9953.0,9944.0,9962.0,17.0,8.0,26.0
HYDROGEL_PACK,1,327700,9946.0,6,9938.0,at_or_above_ask_touch,9924.0,9984.5,False,False,9950.0,9941.0,9960.0,12.0,3.0,22.0
HYDROGEL_PACK,1,335300,9943.0,5,9951.0,at_or_below_bid_touch,9924.0,9979.0,False,False,9942.0,9954.0,9940.0,-9.0,3.0,-11.0
HYDROGEL_PACK,1,335500,9961.0,4,9953.0,at_or_above_ask_touch,9924.0,9979.0,False,False,9945.0,9951.0,9933.0,-8.0,-2.0,-20.0
HYDROGEL_PACK,1,338100,9931.0,3,9939.0,at_or_below_bid_touch,9924.0,9962.0,False,False,9958.0,9968.0,9939.0,19.0,29.0,0.0
HYDROGEL_PACK,1,339500,9932.0,3,9940.0,at_or_below_bid_touch,9924.0,9962.0,False,False,9962.0,9969.0,9945.0,22.0,29.0,5.0
HYDROGEL_PACK,1,342400,9944.0,5,9952.0,at_or_below_bid_touch,9924.0,9962.0,False,False,9965.0,9959.5,9955.5,13.0,7.5,3.5
HYDROGEL_PACK,1,343100,9966.0,2,9958.0,at_or_above_ask_touch,9924.0,9962.0,False,True,9968.0,9960.0,9952.5,10.0,2.0,-5.5
HYDROGEL_PACK,1,344000,9953.0,5,9961.0,at_or_below_bid_touch,9924.0,9962.0,False,False,9973.0,9953.0,9949.0,12.0,-8.0,-12.0
HYDROGEL_PACK,1,345700,9957.0,6,9949.0,at_or_above_ask_touch,9924.0,9964.0,False,False,9964.0,9954.0,9945.0,15.0,5.0,-4.0
HYDROGEL_PACK,1,345900,9958.0,3,9950.0,at_or_above_ask_touch,9924.0,9964.0,False,False,9967.0,9954.0,9942.0,17.0,4.0,-8.0
HYDROGEL_PACK,1,348500,9964.0,5,9972.0,at_or_below_bid_touch,9924.0,9974.0,False,False,9954.0,9952.0,9939.0,-18.0,-20.0,-33.0
HYDROGEL_PACK,1,351000,9973.0,3,9965.0,at_or_above_ask_touch,9924.0,9975.0,False,False,9953.5,9957.0,9938.0,-11.5,-8.0,-27.0
HYDROGEL_PACK,1,357100,9963.0,6,9955.0,at_or_above_ask_touch,9924.0,9975.0,False,False,9963.0,9960.0,9938.0,8.0,5.0,-17.0
HYDROGEL_PACK,1,358500,9960.0,6,9952.0,at_or_above_ask_touch,9924.0,9975.0,False,False,9971.0,9975.0,9938.0,19.0,23.0,-14.0
HYDROGEL_PACK,1,360600,9951.0,2,9959.0,at_or_below_bid_touch,9924.0,9975.0,False,False,9969.5,9969.0,9943.0,10.5,10.0,-16.0
HYDROGEL_PACK,1,362700,9961.0,3,9969.0,at_or_below_bid_touch,9926.0,9975.0,False,False,9967.0,9957.0,9949.0,-2.0,-12.0,-20.0
HYDROGEL_PACK,1,363100,9983.0,4,9975.0,at_or_above_ask_touch,9926.0,9975.0,False,True,9973.0,9960.0,9949.0,-2.0,-15.0,-26.0
HYDROGEL_PACK,1,364800,9978.0,5,9970.0,at_or_above_ask_touch,9928.0,9975.0,False,True,9966.0,9957.0,9948.0,-4.0,-13.0,-22.0
HYDROGEL_PACK,1,368500,9983.0,6,9975.0,at_or_above_ask_touch,9935.0,9976.0,False,True,9964.0,9959.0,9951.0,-11.0,-16.0,-24.0
HYDROGEL_PACK,1,371400,9953.0,2,9961.0,at_or_below_bid_touch,9935.0,9976.0,False,False,9963.0,9943.0,9955.0,2.0,-18.0,-6.0
HYDROGEL_PACK,1,373400,9970.0,3,9962.0,at_or_above_ask_touch,9935.0,9976.0,False,False,9959.0,9935.0,9956.0,-3.0,-27.0,-6.0
HYDROGEL_PACK,1,373700,9954.0,5,9962.0,at_or_below_bid_touch,9935.0,9976.0,False,False,9952.0,9939.5,9954.0,-10.0,-22.5,-8.0
HYDROGEL_PACK,1,375100,9947.0,2,9955.0,at_or_below_bid_touch,9935.0,9976.0,False,False,9949.0,9938.0,9961.0,-6.0,-17.0,6.0
HYDROGEL_PACK,1,380100,9957.0,6,9949.0,at_or_above_ask_touch,9936.0,9976.0,False,False,9938.0,9945.5,9939.0,-11.0,-3.5,-10.0
HYDROGEL_PACK,1,380700,9948.0,4,9940.0,at_or_above_ask_touch,9936.0,9976.0,False,False,9933.0,9945.5,9943.0,-7.0,5.5,3.0
HYDROGEL_PACK,1,383300,9945.0,5,9937.0,at_or_above_ask_touch,9931.5,9976.0,False,False,9942.5,9955.0,9928.0,5.5,18.0,-9.0
HYDROGEL_PACK,1,383600,9948.0,4,9940.0,at_or_above_ask_touch,9931.5,9976.0,False,False,9943.0,9953.0,9924.0,3.0,13.0,-16.0
HYDROGEL_PACK,1,385800,9943.0,6,9935.0,at_or_above_ask_touch,9931.5,9976.0,False,False,9947.0,9944.0,9924.0,12.0,9.0,-11.0
HYDROGEL_PACK,1,394800,9941.0,5,9949.0,at_or_below_bid_touch,9931.0,9976.0,False,False,9943.0,9929.0,9920.0,-6.0,-20.0,-29.0
HYDROGEL_PACK,1,396300,9956.0,4,9948.5,at_or_above_ask_touch,9931.0,9976.0,False,False,9932.0,9938.0,9927.0,-16.5,-10.5,-21.5
HYDROGEL_PACK,1,397800,9950.0,4,9942.0,at_or_above_ask_touch,9931.0,9976.0,False,False,9927.0,9934.0,9938.0,-15.0,-8.0,-4.0
HYDROGEL_PACK,1,403600,9922.0,6,9930.0,at_or_below_bid_touch,9925.0,9976.0,True,False,9938.0,9950.0,9937.0,8.0,20.0,7.0
HYDROGEL_PACK,1,409300,9929.0,6,9937.0,at_or_below_bid_touch,9922.0,9976.0,False,False,9950.0,9947.0,9926.0,13.0,10.0,-11.0
HYDROGEL_PACK,1,411000,9951.0,4,9943.0,at_or_above_ask_touch,9922.0,9976.0,False,False,9954.0,9948.0,9927.0,11.0,5.0,-16.0
HYDROGEL_PACK,1,411400,9952.0,3,9944.0,at_or_above_ask_touch,9922.0,9976.0,False,False,9954.0,9955.0,9928.0,10.0,11.0,-16.0
HYDROGEL_PACK,1,412300,9953.0,2,9945.0,at_or_above_ask_touch,9922.0,9976.0,False,False,9953.0,9954.0,9929.0,8.0,9.0,-16.0
HYDROGEL_PACK,1,414000,9962.0,2,9954.0,at_or_above_ask_touch,9922.0,9976.0,False,False,9947.0,9955.0,9915.0,-7.0,1.0,-39.0
HYDROGEL_PACK,1,414400,9945.0,3,9953.0,at_or_below_bid_touch,9922.0,9976.0,False,False,9946.0,9949.5,9914.5,-7.0,-3.5,-38.5
HYDROGEL_PACK,1,414800,9940.0,3,9948.0,at_or_below_bid_touch,9922.0,9976.0,False,False,9949.0,9955.5,9911.0,1.0,7.5,-37.0
HYDROGEL_PACK,1,421500,9946.0,3,9954.0,at_or_below_bid_touch,9922.0,9969.0,False,False,9954.0,9937.0,9931.0,0.0,-17.0,-23.0
HYDROGEL_PACK,1,427000,9950.0,2,9958.0,at_or_below_bid_touch,9922.0,9966.0,False,False,9928.0,9924.0,9947.0,-30.0,-34.0,-11.0
HYDROGEL_PACK,1,436200,9935.0,5,9927.0,at_or_above_ask_touch,9919.0,9965.0,False,False,9908.5,9922.0,9961.0,-18.5,-5.0,34.0
HYDROGEL_PACK,1,440300,9922.0,2,9914.0,at_or_above_ask_touch,9913.5,9965.0,False,False,9916.0,9940.0,9961.0,2.0,26.0,47.0
HYDROGEL_PACK,1,441300,9902.0,2,9910.0,at_or_below_bid_touch,9908.5,9965.0,True,False,9927.0,9943.0,9962.0,17.0,33.0,52.0
HYDROGEL_PACK,1,443600,9908.0,2,9916.0,at_or_below_bid_touch,9908.5,9965.0,True,False,9940.5,9937.0,9965.0,24.5,21.0,49.0
HYDROGEL_PACK,1,450000,9932.0,5,9940.0,at_or_below_bid_touch,9908.5,9965.0,False,False,9935.0,9924.0,9999.0,-5.0,-16.0,59.0
HYDROGEL_PACK,1,457700,9914.0,4,9922.0,at_or_below_bid_touch,9908.5,9965.0,False,False,9925.0,9934.0,10000.0,3.0,12.0,78.0
HYDROGEL_PACK,1,462500,9932.0,2,9924.0,at_or_above_ask_touch,9908.5,9965.0,False,False,9934.0,9938.0,10008.0,10.0,14.0,84.0
HYDROGEL_PACK,1,476200,9959.0,3,9951.0,at_or_above_ask_touch,9908.5,9959.0,False,True,9962.5,9961.0,10015.0,11.5,10.0,64.0
HYDROGEL_PACK,1,477600,9941.0,5,9949.0,at_or_below_bid_touch,9908.5,9954.0,False,False,9959.0,9963.0,10013.0,10.0,14.0,64.0
HYDROGEL_PACK,1,479100,9973.0,5,9968.5,at_or_above_ask_touch,9908.5,9968.5,False,True,9955.0,9959.0,10025.0,-13.5,-9.5,56.5
HYDROGEL_PACK,1,485300,9952.0,3,9960.0,at_or_below_bid_touch,9908.5,9968.5,False,False,9961.0,9972.0,10013.0,1.0,12.0,53.0
HYDROGEL_PACK,1,489600,9948.0,4,9956.0,at_or_below_bid_touch,9908.5,9968.5,False,False,9967.0,10003.0,10012.0,11.0,47.0,56.0
HYDROGEL_PACK,1,494500,9975.0,4,9967.0,at_or_above_ask_touch,9910.0,9971.5,False,True,10003.0,10004.0,10007.0,36.0,37.0,40.0
HYDROGEL_PACK,1,495300,9964.0,5,9972.0,at_or_below_bid_touch,9910.0,9973.0,False,False,9992.0,10006.0,10013.0,20.0,34.0,41.0
HYDROGEL_PACK,1,499900,9990.0,6,9998.0,at_or_below_bid_touch,9910.0,10003.0,False,False,10006.0,10013.0,10012.0,8.0,15.0,14.0
HYDROGEL_PACK,1,500800,9987.0,4,9995.0,at_or_below_bid_touch,9910.0,10003.0,False,False,9998.0,10001.0,10011.0,3.0,6.0,16.0
HYDROGEL_PACK,1,501400,9987.0,6,9995.0,at_or_below_bid_touch,9910.0,10003.0,False,False,10000.0,10004.0,10017.0,5.0,9.0,22.0
HYDROGEL_PACK,1,502000,9985.0,3,9993.0,at_or_below_bid_touch,9910.0,10003.0,False,False,10001.0,10007.0,10018.0,8.0,14.0,25.0
HYDROGEL_PACK,1,503500,9994.0,6,10002.0,at_or_below_bid_touch,9910.0,10007.0,False,False,10000.0,9999.0,10022.0,-2.0,-3.0,20.0
HYDROGEL_PACK,1,507200,10012.0,4,10004.0,at_or_above_ask_touch,9910.0,10008.5,False,True,10003.0,10019.0,10010.0,-1.0,15.0,6.0
HYDROGEL_PACK,1,507800,9992.0,6,10000.0,at_or_below_bid_touch,9910.0,10008.5,False,False,10005.0,10009.0,10002.0,5.0,9.0,2.0
HYDROGEL_PACK,1,509900,10005.0,5,10013.0,at_or_below_bid_touch,9910.0,10014.0,False,False,10004.0,10011.0,10003.0,-9.0,-2.0,-10.0
HYDROGEL_PACK,1,510100,10003.0,3,10011.0,at_or_below_bid_touch,9910.0,10014.0,False,False,10006.0,10012.0,10000.0,-5.0,1.0,-11.0
HYDROGEL_PACK,1,513200,10010.0,5,10002.0,at_or_above_ask_touch,9910.0,10014.0,False,False,10013.0,10017.5,9999.0,11.0,15.5,-3.0
HYDROGEL_PACK,1,515200,10000.0,4,10008.0,at_or_below_bid_touch,9915.5,10014.0,False,False,10006.5,10012.0,10003.0,-1.5,4.0,-5.0
HYDROGEL_PACK,1,519000,10002.0,5,10010.0,at_or_below_bid_touch,9929.0,10019.0,False,False,10008.0,10022.0,10006.0,-2.0,12.0,-4.0
HYDROGEL_PACK,1,519400,10017.0,2,10009.0,at_or_above_ask_touch,9929.0,10019.0,False,False,10006.0,10026.0,10004.0,-3.0,17.0,-5.0
HYDROGEL_PACK,1,520400,10019.0,2,10011.0,at_or_above_ask_touch,9929.0,10019.0,False,True,10015.0,10017.0,10010.0,4.0,6.0,-1.0
HYDROGEL_PACK,1,526600,10021.0,4,10013.0,at_or_above_ask_touch,9947.0,10022.0,False,True,10021.0,10018.0,10002.0,8.0,5.0,-11.0
HYDROGEL_PACK,1,527700,10021.0,6,10013.0,at_or_above_ask_touch,9950.0,10022.0,False,True,10023.0,10020.0,10007.0,10.0,7.0,-6.0
HYDROGEL_PACK,1,530300,10010.0,3,10018.0,at_or_below_bid_touch,9953.5,10030.5,False,False,10013.0,10022.0,9999.0,-5.0,4.0,-19.0
HYDROGEL_PACK,1,530600,10010.0,5,10018.0,at_or_below_bid_touch,9953.5,10030.5,False,False,10014.0,10024.0,10009.0,-4.0,6.0,-9.0
HYDROGEL_PACK,1,533100,10029.0,2,10021.0,at_or_above_ask_touch,9953.5,10030.5,False,False,10016.0,10010.0,10007.0,-5.0,-11.0,-14.0
HYDROGEL_PACK,1,533400,10030.0,5,10022.0,at_or_above_ask_touch,9953.5,10030.5,False,True,10015.0,10011.0,10005.0,-7.0,-11.0,-17.0
HYDROGEL_PACK,1,534800,10018.0,3,10010.0,at_or_above_ask_touch,9955.0,10030.5,False,False,10016.0,10004.0,10001.0,6.0,-6.0,-9.0
HYDROGEL_PACK,1,537500,10014.0,2,10022.0,at_or_below_bid_touch,9955.0,10030.5,False,False,10005.0,10017.0,9999.0,-17.0,-5.0,-23.0
HYDROGEL_PACK,1,538000,10024.0,2,10016.0,at_or_above_ask_touch,9955.0,10030.5,False,False,10005.0,10015.0,10002.0,-11.0,-1.0,-14.0
HYDROGEL_PACK,1,538900,10022.0,6,10014.0,at_or_above_ask_touch,9955.0,10030.5,False,False,10009.5,10010.0,10000.0,-4.5,-4.0,-14.0
HYDROGEL_PACK,1,542600,10012.0,6,10004.0,at_or_above_ask_touch,9961.0,10030.5,False,False,10020.0,10021.0,9994.0,16.0,17.0,-10.0
HYDROGEL_PACK,1,550400,9998.0,2,10006.0,at_or_below_bid_touch,9993.0,10030.5,False,False,10013.0,10002.0,10027.0,7.0,-4.0,21.0
HYDROGEL_PACK,1,553300,10032.0,6,10024.0,at_or_above_ask_touch,9994.5,10030.5,False,True,10003.0,9997.0,10023.0,-21.0,-27.0,-1.0
HYDROGEL_PACK,1,563600,9991.0,2,9999.0,at_or_below_bid_touch,9985.5,10030.5,False,False,10007.0,10012.0,10011.0,8.0,13.0,12.0
HYDROGEL_PACK,1,566100,10011.0,4,10015.5,at_or_below_bid_touch,9985.5,10030.5,False,False,10009.0,10002.0,9979.0,-6.5,-13.5,-36.5
HYDROGEL_PACK,1,568700,10000.0,5,10008.0,at_or_below_bid_touch,9985.5,10030.5,False,False,10012.0,10003.0,9991.0,4.0,-5.0,-17.0
HYDROGEL_PACK,1,578600,10014.0,3,10006.0,at_or_above_ask_touch,9985.5,10030.5,False,False,10005.0,10002.0,10019.0,-1.0,-4.0,13.0
HYDROGEL_PACK,1,578800,9998.0,6,10006.0,at_or_below_bid_touch,9985.5,10030.5,False,False,10004.0,10002.0,10015.0,-2.0,-4.0,9.0
HYDROGEL_PACK,1,580600,10001.0,4,10009.0,at_or_below_bid_touch,9985.5,10030.0,False,False,10008.0,9999.0,10011.0,-1.0,-10.0,2.0
HYDROGEL_PACK,1,590100,9989.0,2,9997.0,at_or_below_bid_touch,9985.5,10025.0,False,False,10016.0,10024.0,10029.0,19.0,27.0,32.0
HYDROGEL_PACK,1,596300,10027.0,2,10019.0,at_or_above_ask_touch,9985.5,10025.0,False,True,10022.0,10030.0,9999.0,3.0,11.0,-20.0
HYDROGEL_PACK,1,600400,10035.0,4,10027.0,at_or_above_ask_touch,9985.5,10035.5,False,True,10028.0,10012.0,9999.0,1.0,-15.0,-28.0
HYDROGEL_PACK,1,601700,10013.0,2,10021.0,at_or_below_bid_touch,9985.5,10035.5,False,False,10030.0,10013.0,9996.0,9.0,-8.0,-25.0
HYDROGEL_PACK,1,604700,10017.0,5,10025.5,at_or_below_bid_touch,9985.5,10035.5,False,False,10011.0,10003.0,9982.0,-14.5,-22.5,-43.5
HYDROGEL_PACK,1,606400,10020.0,5,10028.0,at_or_below_bid_touch,9985.5,10035.5,False,False,10015.0,9979.0,9989.5,-13.0,-49.0,-38.5
HYDROGEL_PACK,1,614100,9998.0,4,10006.0,at_or_below_bid_touch,9994.0,10035.5,False,False,9990.0,10008.0,10015.0,-16.0,2.0,9.0
HYDROGEL_PACK,1,621800,9993.0,2,10001.0,at_or_below_bid_touch,9976.0,10035.5,False,False,10028.0,10019.0,10008.0,27.0,18.0,7.0
HYDROGEL_PACK,1,625100,10004.0,2,10012.0,at_or_below_bid_touch,9976.0,10035.5,False,False,10018.0,10021.0,10003.0,6.0,9.0,-9.0
HYDROGEL_PACK,1,630400,10019.0,5,10011.0,at_or_above_ask_touch,9976.0,10035.5,False,False,10027.0,10031.0,9998.0,16.0,20.0,-13.0
HYDROGEL_PACK,1,634900,10010.0,2,10018.0,at_or_below_bid_touch,9976.0,10035.5,False,False,10031.0,10006.0,10001.0,13.0,-12.0,-17.0
HYDROGEL_PACK,1,635700,10034.0,3,10026.0,at_or_above_ask_touch,9976.0,10035.5,False,False,10034.0,10001.0,9993.0,8.0,-25.0,-33.0
HYDROGEL_PACK,1,637500,10018.0,4,10026.0,at_or_below_bid_touch,9976.0,10035.5,False,False,10012.0,9999.0,9989.0,-14.0,-27.0,-37.0
HYDROGEL_PACK,1,640300,10029.0,3,10033.0,at_or_below_bid_touch,9976.0,10035.5,False,False,10002.0,10000.0,10002.0,-31.0,-33.0,-31.0
HYDROGEL_PACK,1,640700,10042.0,4,10034.0,at_or_above_ask_touch,9976.0,10035.5,False,True,10001.0,9997.0,10000.5,-33.0,-37.0,-33.5
HYDROGEL_PACK,1,647000,10003.0,3,9995.0,at_or_above_ask_touch,9976.0,10035.5,False,False,9993.0,9989.0,10033.0,-2.0,-6.0,38.0
HYDROGEL_PACK,1,647400,9993.0,2,10001.0,at_or_below_bid_touch,9976.0,10035.5,False,False,9989.0,9993.0,10035.0,-12.0,-8.0,34.0
HYDROGEL_PACK,1,647600,9991.0,4,9999.0,at_or_below_bid_touch,9976.0,10035.5,False,False,9990.0,9991.0,10034.0,-9.0,-8.0,35.0
HYDROGEL_PACK,1,647900,9989.0,6,9997.0,at_or_below_bid_touch,9976.0,10035.5,False,False,9986.0,9994.0,10036.0,-11.0,-3.0,39.0
HYDROGEL_PACK,1,648400,10001.0,2,9993.0,at_or_above_ask_touch,9976.0,10035.5,False,False,9982.0,9995.0,10034.0,-11.0,2.0,41.0
HYDROGEL_PACK,1,652800,9979.0,2,9987.0,at_or_below_bid_touch,9976.0,10035.0,False,False,9991.0,10006.0,10034.0,4.0,19.0,47.0
HYDROGEL_PACK,1,653200,9975.0,6,9983.0,at_or_below_bid_touch,9976.0,10035.0,True,False,9996.0,10006.0,10043.0,13.0,23.0,60.0
HYDROGEL_PACK,1,653300,9974.0,5,9982.0,at_or_below_bid_touch,9976.0,10035.0,True,False,9995.0,10004.0,10040.0,13.0,22.0,58.0
HYDROGEL_PACK,1,661300,10011.0,6,10003.0,at_or_above_ask_touch,9976.0,10035.0,False,False,10019.0,10006.0,10041.0,16.0,3.0,38.0
HYDROGEL_PACK,1,666100,10028.0,3,10020.0,at_or_above_ask_touch,9976.0,10035.0,False,False,10012.0,10009.0,10051.0,-8.0,-11.0,31.0
HYDROGEL_PACK,1,669200,10027.0,4,10019.0,at_or_above_ask_touch,9978.0,10035.0,False,False,10005.0,9995.0,10057.0,-14.0,-24.0,38.0
HYDROGEL_PACK,1,673800,10000.0,4,10008.0,at_or_below_bid_touch,9978.0,10035.0,False,False,9994.0,9995.0,10073.0,-14.0,-13.0,65.0
HYDROGEL_PACK,1,680800,9994.0,2,10002.0,at_or_below_bid_touch,9978.0,10035.0,False,False,9991.0,10006.0,10065.0,-11.0,4.0,63.0
HYDROGEL_PACK,1,681500,10005.0,5,9997.0,at_or_above_ask_touch,9978.0,10035.0,False,False,9994.0,10011.0,10055.0,-3.0,14.0,58.0
HYDROGEL_PACK,1,684500,9989.0,2,9997.0,at_or_below_bid_touch,9978.0,10035.0,False,False,10000.0,10020.0,10033.0,3.0,23.0,36.0
HYDROGEL_PACK,1,690500,10013.0,5,10005.0,at_or_above_ask_touch,9978.0,10034.0,False,False,10020.0,10044.0,10042.0,15.0,39.0,37.0
HYDROGEL_PACK,1,694900,10011.0,3,10019.0,at_or_below_bid_touch,9978.0,10027.0,False,False,10047.0,10044.5,10047.0,28.0,25.5,28.0
HYDROGEL_PACK,1,695200,10010.0,6,10018.0,at_or_below_bid_touch,9978.0,10027.0,False,False,10044.0,10056.0,10046.0,26.0,38.0,28.0
HYDROGEL_PACK,1,695900,10034.0,6,10026.0,at_or_above_ask_touch,9978.0,10027.0,False,True,10040.0,10052.0,10051.0,14.0,26.0,25.0
HYDROGEL_PACK,1,698300,10048.0,5,10040.0,at_or_above_ask_touch,9978.0,10040.0,False,True,10040.0,10056.0,10050.0,0.0,16.0,10.0
HYDROGEL_PACK,1,699100,10035.0,5,10043.0,at_or_below_bid_touch,9978.0,10043.0,False,False,10046.0,10049.0,10055.0,3.0,6.0,12.0
HYDROGEL_PACK,1,700400,10052.0,5,10044.0,at_or_above_ask_touch,9978.0,10050.5,False,True,10054.0,10041.0,10051.0,10.0,-3.0,7.0
HYDROGEL_PACK,1,701200,10052.0,5,10044.0,at_or_above_ask_touch,9978.0,10050.5,False,True,10052.0,10041.0,10052.0,8.0,-3.0,8.0
HYDROGEL_PACK,1,701500,10054.0,3,10046.0,at_or_above_ask_touch,9978.0,10050.5,False,True,10045.0,10039.0,10051.0,-1.0,-7.0,5.0
HYDROGEL_PACK,1,703000,10027.0,3,10035.0,at_or_below_bid_touch,9978.0,10050.5,False,False,10054.0,10044.0,10060.0,19.0,9.0,25.0
HYDROGEL_PACK,1,707100,10056.0,3,10048.0,at_or_above_ask_touch,9985.0,10056.0,False,True,10044.0,10054.0,10073.0,-4.0,6.0,25.0
HYDROGEL_PACK,1,716700,10059.0,3,10051.0,at_or_above_ask_touch,9985.0,10058.0,False,True,10071.5,10067.0,10058.0,20.5,16.0,7.0
HYDROGEL_PACK,1,724400,10065.0,5,10073.0,at_or_below_bid_touch,9985.0,10079.0,False,False,10061.0,10033.0,10065.0,-12.0,-40.0,-8.0
HYDROGEL_PACK,1,725800,10068.0,6,10076.5,at_or_below_bid_touch,9985.0,10079.0,False,False,10065.0,10050.5,10064.0,-11.5,-26.0,-12.5
HYDROGEL_PACK,1,726700,10075.0,3,10067.0,at_or_above_ask_touch,9985.0,10079.0,False,False,10056.0,10042.0,10065.0,-11.0,-25.0,-2.0
HYDROGEL_PACK,1,727900,10075.0,4,10066.5,at_or_above_ask_touch,9985.0,10079.0,False,False,10041.5,10045.0,10064.5,-25.0,-21.5,-2.0
HYDROGEL_PACK,1,729700,10072.0,3,10064.0,at_or_above_ask_touch,9985.0,10079.0,False,False,10039.0,10044.0,10067.5,-25.0,-20.0,3.5
HYDROGEL_PACK,1,730800,10057.0,6,10065.0,at_or_below_bid_touch,9985.0,10079.0,False,False,10050.5,10041.5,10074.0,-14.5,-23.5,9.0
HYDROGEL_PACK,1,731000,10074.0,4,10066.0,at_or_above_ask_touch,9985.0,10079.0,False,False,10048.0,10041.0,10076.0,-18.0,-25.0,10.0
HYDROGEL_PACK,1,732700,10035.0,2,10043.0,at_or_below_bid_touch,9985.0,10079.0,False,False,10040.0,10044.0,10066.5,-3.0,1.0,23.5
HYDROGEL_PACK,1,741200,10052.0,2,10044.0,at_or_above_ask_touch,10007.0,10079.0,False,False,10054.0,10052.0,10059.0,10.0,8.0,15.0
HYDROGEL_PACK,1,742700,10052.0,2,10044.0,at_or_above_ask_touch,10010.0,10079.0,False,False,10052.0,10060.0,10042.0,8.0,16.0,-2.0
HYDROGEL_PACK,1,745000,10036.0,6,10044.0,at_or_below_bid_touch,10018.0,10079.0,False,False,10053.5,10066.0,10037.0,9.5,22.0,-7.0
HYDROGEL_PACK,1,749800,10044.0,2,10052.0,at_or_below_bid_touch,10029.0,10079.0,False,False,10063.0,10060.0,10019.0,11.0,8.0,-33.0
HYDROGEL_PACK,1,756600,10062.0,6,10070.0,at_or_below_bid_touch,10029.0,10079.0,False,False,10052.0,10056.0,10010.0,-18.0,-14.0,-60.0
HYDROGEL_PACK,1,759100,10073.0,5,10065.0,at_or_above_ask_touch,10029.0,10079.0,False,False,10059.5,10065.0,10021.0,-5.5,0.0,-44.0
HYDROGEL_PACK,1,760900,10055.0,2,10047.0,at_or_above_ask_touch,10029.0,10079.0,False,False,10058.0,10070.0,10007.0,11.0,23.0,-40.0
HYDROGEL_PACK,1,765800,10048.0,3,10056.0,at_or_below_bid_touch,10029.0,10079.0,False,False,10069.0,10064.0,10001.0,13.0,8.0,-55.0
HYDROGEL_PACK,1,767100,10063.0,4,10055.0,at_or_above_ask_touch,10029.0,10079.0,False,False,10071.0,10066.0,10005.0,16.0,11.0,-50.0
HYDROGEL_PACK,1,768100,10056.0,4,10064.0,at_or_below_bid_touch,10029.0,10079.0,False,False,10078.0,10060.0,10005.0,14.0,-4.0,-59.0
HYDROGEL_PACK,1,768200,10056.0,3,10064.0,at_or_below_bid_touch,10029.0,10079.0,False,False,10075.0,10063.0,10007.0,11.0,-1.0,-57.0
HYDROGEL_PACK,1,768800,10071.0,5,10063.0,at_or_above_ask_touch,10029.0,10079.0,False,False,10067.0,10069.0,10006.0,4.0,6.0,-57.0
HYDROGEL_PACK,1,772000,10082.0,6,10074.0,at_or_above_ask_touch,10029.0,10079.0,False,True,10068.0,10067.0,9997.0,-6.0,-7.0,-77.0
HYDROGEL_PACK,1,775100,10056.0,5,10064.0,at_or_below_bid_touch,10029.0,10078.0,False,False,10071.0,10065.0,10018.0,7.0,1.0,-46.0
HYDROGEL_PACK,1,782100,10078.0,6,10070.0,at_or_above_ask_touch,10029.0,10078.0,False,True,10059.0,10045.0,10019.0,-11.0,-25.0,-51.0
HYDROGEL_PACK,1,782500,10072.0,6,10064.0,at_or_above_ask_touch,10029.0,10078.0,False,False,10055.0,10043.0,10016.0,-9.0,-21.0,-48.0
HYDROGEL_PACK,1,782700,10075.0,6,10066.5,at_or_above_ask_touch,10029.0,10078.0,False,False,10053.0,10042.0,10018.0,-13.5,-24.5,-48.5
HYDROGEL_PACK,1,784400,10072.0,6,10064.0,at_or_above_ask_touch,10033.0,10078.0,False,False,10056.0,10037.0,10038.0,-8.0,-27.0,-26.0
HYDROGEL_PACK,1,785200,10056.0,3,10064.0,at_or_below_bid_touch,10038.0,10078.0,False,False,10047.0,10038.0,10038.0,-17.0,-26.0,-26.0
HYDROGEL_PACK,1,785800,10056.0,3,10064.0,at_or_below_bid_touch,10038.0,10078.0,False,False,10059.0,10042.0,10042.0,-5.0,-22.0,-22.0
HYDROGEL_PACK,1,786700,10054.0,4,10062.0,at_or_below_bid_touch,10038.0,10078.0,False,False,10049.0,10035.5,10043.0,-13.0,-26.5,-19.0
HYDROGEL_PACK,1,790700,10063.0,2,10055.0,at_or_above_ask_touch,10041.0,10078.0,False,False,10043.0,10013.0,10024.0,-12.0,-42.0,-31.0
HYDROGEL_PACK,1,792200,10052.0,4,10044.0,at_or_above_ask_touch,10043.0,10078.0,False,False,10034.0,10012.0,10027.0,-10.0,-32.0,-17.0
HYDROGEL_PACK,1,797600,10024.0,4,10032.0,at_or_below_bid_touch,10032.0,10078.0,True,False,10013.0,10010.0,10038.5,-19.0,-22.0,6.5
HYDROGEL_PACK,1,799500,10029.0,3,10021.0,at_or_above_ask_touch,10021.0,10078.0,False,False,10013.0,10011.0,10037.0,-8.0,-10.0,16.0
HYDROGEL_PACK,1,800100,10012.0,5,10020.0,at_or_below_bid_touch,10015.5,10078.0,True,False,10008.0,10009.0,10039.0,-12.0,-11.0,19.0
HYDROGEL_PACK,1,800600,10024.0,5,10016.0,at_or_above_ask_touch,10013.0,10078.0,False,False,10002.0,10007.0,10041.0,-14.0,-9.0,25.0
HYDROGEL_PACK,1,803000,10019.0,2,10011.0,at_or_above_ask_touch,10006.0,10078.0,False,False,10009.0,10007.0,10042.5,-2.0,-4.0,31.5
HYDROGEL_PACK,1,805300,9998.0,4,10006.0,at_or_below_bid_touch,10006.0,10078.0,True,False,10008.0,10000.0,10045.0,2.0,-6.0,39.0
HYDROGEL_PACK,1,809700,10018.0,2,10010.0,at_or_above_ask_touch,10002.0,10078.0,False,False,9993.0,10008.0,10078.0,-17.0,-2.0,68.0
HYDROGEL_PACK,1,810600,10015.0,2,10007.0,at_or_above_ask_touch,10002.0,10078.0,False,False,10002.0,10003.0,10079.0,-5.0,-4.0,72.0
HYDROGEL_PACK,1,814500,9989.0,3,9997.0,at_or_below_bid_touch,9991.0,10078.0,True,False,10010.0,10017.0,10055.0,13.0,20.0,58.0
HYDROGEL_PACK,1,815000,10004.0,3,9996.0,at_or_above_ask_touch,9991.0,10078.0,False,False,10007.0,10019.0,10058.0,11.0,23.0,62.0
HYDROGEL_PACK,1,816800,9999.0,4,10007.0,at_or_below_bid_touch,9991.0,10078.0,False,False,9995.0,10005.0,10045.0,-12.0,-2.0,38.0
HYDROGEL_PACK,1,820600,10011.0,2,10003.0,at_or_above_ask_touch,9991.0,10078.0,False,False,10011.0,10011.0,10044.0,8.0,8.0,41.0
HYDROGEL_PACK,1,821100,9993.0,4,10001.0,at_or_below_bid_touch,9991.0,10078.0,False,False,10004.0,10013.0,10037.0,3.0,12.0,36.0
HYDROGEL_PACK,1,833600,10025.0,2,10033.0,at_or_below_bid_touch,9991.0,10070.0,False,False,10024.0,10029.0,9988.5,-9.0,-4.0,-44.5
HYDROGEL_PACK,1,837000,10047.0,6,10039.0,at_or_above_ask_touch,9991.0,10063.0,False,False,10025.0,10027.0,9996.0,-14.0,-12.0,-43.0
HYDROGEL_PACK,1,844200,10033.0,6,10025.0,at_or_above_ask_touch,9991.0,10046.0,False,False,10032.0,10041.0,9989.0,7.0,16.0,-36.0
HYDROGEL_PACK,1,844800,10034.0,3,10026.0,at_or_above_ask_touch,9991.0,10046.0,False,False,10037.0,10045.0,9982.0,11.0,19.0,-44.0
HYDROGEL_PACK,1,845500,10013.0,6,10021.0,at_or_below_bid_touch,9991.0,10046.0,False,False,10038.0,10050.0,9979.0,17.0,29.0,-42.0
HYDROGEL_PACK,1,847200,10022.0,5,10030.0,at_or_below_bid_touch,9991.0,10046.0,False,False,10044.0,10059.0,9991.0,14.0,29.0,-39.0
HYDROGEL_PACK,1,848400,10040.0,3,10032.0,at_or_above_ask_touch,9991.0,10046.0,False,False,10040.0,10068.0,9995.0,8.0,36.0,-37.0
HYDROGEL_PACK,1,853500,10032.0,4,10040.0,at_or_below_bid_touch,9991.0,10046.0,False,False,10069.0,10046.0,10008.0,29.0,6.0,-32.0
HYDROGEL_PACK,1,853900,10047.0,6,10039.0,at_or_above_ask_touch,9991.0,10046.0,False,True,10073.0,10049.0,10011.0,34.0,10.0,-28.0
HYDROGEL_PACK,1,854900,10052.0,2,10043.5,at_or_above_ask_touch,9991.0,10046.0,False,True,10076.0,10058.0,10013.0,32.5,14.5,-30.5
HYDROGEL_PACK,1,860100,10086.0,2,10078.0,at_or_above_ask_touch,9991.0,10079.0,False,True,10058.0,10048.0,10026.0,-20.0,-30.0,-52.0
HYDROGEL_PACK,1,862900,10038.0,6,10041.5,at_or_below_bid_touch,9991.0,10079.0,False,False,10045.0,10021.0,10034.0,3.5,-20.5,-7.5
HYDROGEL_PACK,1,866300,10060.0,6,10052.0,at_or_above_ask_touch,9995.0,10079.0,False,False,10036.0,10012.0,10032.0,-16.0,-40.0,-20.0
HYDROGEL_PACK,1,867100,10039.0,5,10047.0,at_or_below_bid_touch,9995.0,10079.0,False,False,10030.0,10009.0,10024.0,-17.0,-38.0,-23.0
HYDROGEL_PACK,1,870000,10058.0,3,10050.0,at_or_above_ask_touch,9995.0,10079.0,False,False,10022.0,9994.0,10011.0,-28.0,-56.0,-39.0
HYDROGEL_PACK,1,871700,10027.0,5,10035.0,at_or_below_bid_touch,9995.0,10079.0,False,False,10012.0,9994.0,10016.0,-23.0,-41.0,-19.0
HYDROGEL_PACK,1,876000,10025.0,4,10017.0,at_or_above_ask_touch,10003.0,10079.0,False,False,9992.0,10000.0,10003.0,-25.0,-17.0,-14.0
HYDROGEL_PACK,1,876400,10020.0,3,10012.0,at_or_above_ask_touch,10003.0,10079.0,False,False,9993.5,9997.0,9999.0,-18.5,-15.0,-13.0
HYDROGEL_PACK,1,887200,10007.0,2,9999.0,at_or_above_ask_touch,9988.0,10079.0,False,False,9990.0,9991.0,10006.0,-9.0,-8.0,7.0
HYDROGEL_PACK,1,892000,10000.0,6,9992.0,at_or_above_ask_touch,9988.0,10079.0,False,False,9994.0,9999.0,10020.0,2.0,7.0,28.0
HYDROGEL_PACK,1,894300,9981.0,6,9988.5,at_or_below_bid_touch,9987.0,10079.0,True,False,9995.0,10010.0,10013.0,6.5,21.5,24.5
HYDROGEL_PACK,1,898200,9995.0,4,9999.0,at_or_below_bid_touch,9977.0,10079.0,False,False,10009.0,10015.0,10017.0,10.0,16.0,18.0
HYDROGEL_PACK,1,899200,10003.0,4,9995.0,at_or_above_ask_touch,9977.0,10079.0,False,False,10012.0,10013.0,10015.0,17.0,18.0,20.0
HYDROGEL_PACK,1,901400,9989.0,4,9997.0,at_or_below_bid_touch,9977.0,10079.0,False,False,10019.0,10036.0,10032.0,22.0,39.0,35.0
HYDROGEL_PACK,1,901800,10011.0,2,10003.0,at_or_above_ask_touch,9977.0,10079.0,False,False,10020.0,10040.0,10033.0,17.0,37.0,30.0
HYDROGEL_PACK,1,908700,10022.0,4,10014.0,at_or_above_ask_touch,9977.0,10079.0,False,False,10034.0,10016.0,10017.0,20.0,2.0,3.0
HYDROGEL_PACK,1,909300,10024.0,5,10016.0,at_or_above_ask_touch,9977.0,10079.0,False,False,10030.0,10013.0,10019.0,14.0,-3.0,3.0
HYDROGEL_PACK,1,912000,10030.0,6,10038.0,at_or_below_bid_touch,9977.0,10059.0,False,False,10024.0,10006.0,10027.0,-14.0,-32.0,-11.0
HYDROGEL_PACK,1,912600,10027.0,2,10035.0,at_or_below_bid_touch,9977.0,10059.0,False,False,10026.0,10006.5,10027.0,-9.0,-28.5,-8.0
HYDROGEL_PACK,1,914400,10039.0,4,10031.0,at_or_above_ask_touch,9977.0,10059.0,False,False,10011.0,10009.0,10022.0,-20.0,-22.0,-9.0
HYDROGEL_PACK,1,914800,10039.0,4,10031.0,at_or_above_ask_touch,9977.0,10058.0,False,False,10011.0,10008.0,10015.0,-20.0,-23.0,-16.0
HYDROGEL_PACK,1,917900,10034.0,3,10026.0,at_or_above_ask_touch,9977.0,10053.0,False,False,10005.0,9997.0,9999.0,-21.0,-29.0,-27.0
HYDROGEL_PACK,1,918500,10009.0,6,10017.0,at_or_below_bid_touch,9977.0,10053.0,False,False,10008.0,9997.0,9998.0,-9.0,-20.0,-19.0
HYDROGEL_PACK,1,924500,10004.0,5,10012.0,at_or_below_bid_touch,9977.0,10041.0,False,False,9998.0,10009.0,10001.0,-14.0,-3.0,-11.0
HYDROGEL_PACK,1,925900,10014.0,6,10006.0,at_or_above_ask_touch,9977.0,10041.0,False,False,10010.0,10007.0,9997.0,4.0,1.0,-9.0
HYDROGEL_PACK,1,928000,9992.0,2,10000.0,at_or_below_bid_touch,9977.0,10041.0,False,False,9992.0,10010.0,9999.0,-8.0,10.0,-1.0
HYDROGEL_PACK,1,928500,10005.0,6,9997.0,at_or_above_ask_touch,9977.0,10041.0,False,False,10001.0,10004.0,10004.0,4.0,7.0,7.0
HYDROGEL_PACK,1,929300,10004.0,3,9996.0,at_or_above_ask_touch,9977.0,10041.0,False,False,10005.0,9998.0,10008.0,9.0,2.0,12.0
HYDROGEL_PACK,1,929500,10006.0,6,9998.0,at_or_above_ask_touch,9977.0,10041.0,False,False,10009.0,9997.0,10009.0,11.0,-1.0,11.0
HYDROGEL_PACK,1,929800,9993.0,3,10001.0,at_or_below_bid_touch,9977.0,10041.0,False,False,10010.0,9998.5,10013.0,9.0,-2.5,12.0
HYDROGEL_PACK,1,930800,10016.0,6,10008.0,at_or_above_ask_touch,9977.0,10041.0,False,False,10005.0,10014.0,10010.0,-3.0,6.0,2.0
HYDROGEL_PACK,1,932100,9991.0,3,9999.0,at_or_below_bid_touch,9977.0,10041.0,False,False,10007.0,10016.0,10007.0,8.0,17.0,8.0
HYDROGEL_PACK,1,934300,9997.0,3,10005.0,at_or_below_bid_touch,9977.0,10041.0,False,False,9998.0,10013.0,10015.0,-7.0,8.0,10.0
HYDROGEL_PACK,1,936400,10006.0,3,10002.5,at_or_above_ask_touch,9977.0,10041.0,False,False,10019.0,10014.0,10031.0,16.5,11.5,28.5
HYDROGEL_PACK,1,936500,9997.0,6,10005.0,at_or_below_bid_touch,9977.0,10041.0,False,False,10018.0,10015.0,10031.0,13.0,10.0,26.0
HYDROGEL_PACK,1,936700,9998.0,3,10006.0,at_or_below_bid_touch,9977.0,10041.0,False,False,10021.0,10009.0,10031.0,15.0,3.0,25.0
HYDROGEL_PACK,1,938900,10006.0,6,9998.0,at_or_above_ask_touch,9977.0,10041.0,False,False,10008.0,10018.0,10027.0,10.0,20.0,29.0
HYDROGEL_PACK,1,946400,10022.0,3,10014.0,at_or_above_ask_touch,9986.0,10041.0,False,False,10032.0,10012.0,10017.0,18.0,-2.0,3.0
HYDROGEL_PACK,1,950000,10041.0,2,10033.0,at_or_above_ask_touch,9989.0,10041.0,False,True,10012.0,10022.0,,-21.0,-11.0,
HYDROGEL_PACK,1,950300,10021.0,5,10029.0,at_or_below_bid_touch,9989.0,10041.0,False,False,10006.0,10027.0,,-23.0,-2.0,
HYDROGEL_PACK,1,950700,10036.0,5,10028.0,at_or_above_ask_touch,9989.0,10041.0,False,False,10008.0,10032.0,,-20.0,4.0,
HYDROGEL_PACK,1,953700,10035.0,5,10027.0,at_or_above_ask_touch,9989.0,10041.0,False,False,10017.0,10028.0,,-10.0,1.0,
HYDROGEL_PACK,1,953800,10033.0,6,10025.0,at_or_above_ask_touch,9989.0,10041.0,False,False,10018.0,10029.0,,-7.0,4.0,
HYDROGEL_PACK,1,957800,9997.0,6,10005.0,at_or_below_bid_touch,9989.0,10041.0,False,False,10032.5,10002.0,,27.5,-3.0,
HYDROGEL_PACK,1,960800,10041.0,2,10033.0,at_or_above_ask_touch,9989.0,10041.0,False,True,10013.0,9984.0,,-20.0,-49.0,
HYDROGEL_PACK,1,963900,10040.0,6,10032.0,at_or_above_ask_touch,9989.0,10037.0,False,True,9996.0,10002.0,,-36.0,-30.0,
HYDROGEL_PACK,1,964000,10020.0,3,10028.0,at_or_below_bid_touch,9989.0,10037.0,False,False,9996.0,10003.0,,-32.0,-25.0,
HYDROGEL_PACK,1,964700,10008.0,4,10016.0,at_or_below_bid_touch,9989.0,10037.0,False,False,9988.0,10002.0,,-28.0,-14.0,
HYDROGEL_PACK,1,966900,10019.0,2,10011.0,at_or_above_ask_touch,9989.0,10037.0,False,False,9990.0,9993.0,,-21.0,-18.0,
HYDROGEL_PACK,1,970500,9981.0,3,9989.0,at_or_below_bid_touch,9986.0,10037.0,True,False,9993.0,10014.0,,4.0,25.0,
HYDROGEL_PACK,1,971900,9998.0,3,9990.0,at_or_above_ask_touch,9984.0,10037.0,False,False,9993.0,10009.0,,3.0,19.0,
HYDROGEL_PACK,1,977600,9986.0,2,9994.0,at_or_below_bid_touch,9984.0,10037.0,False,False,10005.0,10028.0,,11.0,34.0,
HYDROGEL_PACK,1,979200,9999.0,2,10007.0,at_or_below_bid_touch,9984.0,10037.0,False,False,10014.0,10026.0,,7.0,19.0,
HYDROGEL_PACK,1,982900,9998.0,6,10006.5,at_or_below_bid_touch,9984.0,10037.0,False,False,10024.0,10025.0,,17.5,18.5,
HYDROGEL_PACK,1,985400,10024.0,4,10016.0,at_or_above_ask_touch,9984.0,10037.0,False,False,10027.0,10018.0,,11.0,2.0,
HYDROGEL_PACK,1,985800,10029.0,4,10021.0,at_or_above_ask_touch,9984.0,10037.0,False,False,10028.0,10021.5,,7.0,0.5,
HYDROGEL_PACK,1,988000,10016.0,4,10024.0,at_or_below_bid_touch,9984.0,10037.0,False,False,10026.5,10015.0,,2.5,-9.0,
HYDROGEL_PACK,1,988400,10016.0,6,10024.0,at_or_below_bid_touch,9984.0,10037.0,False,False,10034.0,10018.0,,10.0,-6.0,
HYDROGEL_PACK,1,989000,10017.0,4,10025.0,at_or_below_bid_touch,9984.0,10037.0,False,False,10026.0,10013.0,,1.0,-12.0,
HYDROGEL_PACK,2,10200,10017.0,6,10025.0,at_or_below_bid_touch,10010.0,10031.0,False,False,10025.0,10013.0,9964.0,0.0,-12.0,-61.0
HYDROGEL_PACK,2,11200,10030.0,4,10022.0,at_or_above_ask_touch,10010.0,10031.0,False,True,10028.0,10007.0,9964.0,6.0,-15.0,-58.0
HYDROGEL_PACK,2,15700,10035.0,2,10027.0,at_or_above_ask_touch,10009.0,10031.0,False,True,10007.0,9984.0,9985.0,-20.0,-43.0,-42.0
HYDROGEL_PACK,2,19100,10020.0,6,10012.0,at_or_above_ask_touch,10009.0,10031.0,False,False,9999.0,10000.0,9993.0,-13.0,-12.0,-19.0
HYDROGEL_PACK,2,29200,9993.0,4,10001.0,at_or_below_bid_touch,9983.5,10031.0,False,False,10008.0,9987.0,9951.0,7.0,-14.0,-50.0
HYDROGEL_PACK,2,41100,9998.0,6,9990.0,at_or_above_ask_touch,9983.0,10031.0,False,False,9980.0,9946.0,9915.0,-10.0,-44.0,-75.0
HYDROGEL_PACK,2,44000,9978.0,4,9986.0,at_or_below_bid_touch,9983.0,10031.0,True,False,9957.0,9942.0,9927.0,-29.0,-44.0,-59.0
HYDROGEL_PACK,2,45100,9991.0,3,9983.0,at_or_above_ask_touch,9979.0,10031.0,False,False,9955.0,9942.0,9938.5,-28.0,-41.0,-44.5
HYDROGEL_PACK,2,49400,9958.0,4,9962.0,at_or_below_bid_touch,9957.0,10031.0,True,False,9938.0,9953.0,9953.0,-24.0,-9.0,-9.0
HYDROGEL_PACK,2,49800,9960.0,3,9952.0,at_or_above_ask_touch,9952.0,10031.0,False,False,9941.5,9956.0,9959.0,-10.5,4.0,7.0
HYDROGEL_PACK,2,58300,9963.0,6,9955.0,at_or_above_ask_touch,9935.5,10029.0,False,False,9976.0,9986.0,9978.0,21.0,31.0,23.0
HYDROGEL_PACK,2,60700,9973.0,5,9965.0,at_or_above_ask_touch,9935.5,10029.0,False,False,9985.0,9990.0,9977.0,20.0,25.0,12.0
HYDROGEL_PACK,2,70900,9994.0,2,9986.0,at_or_above_ask_touch,9935.5,10012.0,False,False,9971.0,9957.0,10002.0,-15.0,-29.0,16.0
HYDROGEL_PACK,2,71800,9975.0,5,9983.0,at_or_below_bid_touch,9935.5,10012.0,False,False,9958.0,9960.0,10008.0,-25.0,-23.0,25.0
HYDROGEL_PACK,2,72700,9988.0,3,9980.0,at_or_above_ask_touch,9935.5,10011.0,False,False,9955.5,9956.0,10004.0,-24.5,-24.0,24.0
HYDROGEL_PACK,2,78700,9939.0,3,9947.0,at_or_below_bid_touch,9935.5,10011.0,False,False,9951.0,9934.0,10003.0,4.0,-13.0,56.0
HYDROGEL_PACK,2,85500,9954.0,2,9946.0,at_or_above_ask_touch,9935.5,9998.0,False,False,9928.0,9942.0,10004.0,-18.0,-4.0,58.0
HYDROGEL_PACK,2,90100,9931.0,3,9923.0,at_or_above_ask_touch,9923.0,9998.0,False,False,9938.5,9958.0,10015.0,15.5,35.0,92.0
HYDROGEL_PACK,2,91700,9929.0,2,9921.0,at_or_above_ask_touch,9915.0,9998.0,False,False,9939.0,9973.0,10029.0,18.0,52.0,108.0
HYDROGEL_PACK,2,97600,9937.0,2,9945.0,at_or_below_bid_touch,9915.0,9997.0,False,False,9976.5,9976.0,10014.0,31.5,31.0,69.0
HYDROGEL_PACK,2,101800,9984.0,3,9976.0,at_or_above_ask_touch,9915.0,9997.0,False,False,9980.0,9973.0,10019.0,4.0,-3.0,43.0
HYDROGEL_PACK,2,102400,9984.0,3,9976.0,at_or_above_ask_touch,9915.0,9997.0,False,False,9979.0,9970.0,10015.0,3.0,-6.0,39.0
HYDROGEL_PACK,2,104500,9984.0,2,9976.0,at_or_above_ask_touch,9915.0,9997.0,False,False,9982.0,9986.0,10010.0,6.0,10.0,34.0
HYDROGEL_PACK,2,109600,9990.0,6,9982.0,at_or_above_ask_touch,9915.0,9997.0,False,False,9988.0,9999.0,10018.0,6.0,17.0,36.0
HYDROGEL_PACK,2,114500,9994.0,5,9986.0,at_or_above_ask_touch,9915.0,9997.0,False,False,9997.0,10017.0,10031.0,11.0,31.0,45.0
HYDROGEL_PACK,2,124900,10022.0,3,10014.0,at_or_above_ask_touch,9915.0,10020.0,False,True,10009.5,10008.0,10021.0,-4.5,-6.0,7.0
HYDROGEL_PACK,2,126800,10015.0,2,10011.5,at_or_above_ask_touch,9915.0,10020.0,False,False,9998.0,10016.0,10020.0,-13.5,4.5,8.5
HYDROGEL_PACK,2,129400,10009.0,4,10001.0,at_or_above_ask_touch,9915.0,10020.0,False,False,10007.0,10017.0,10009.0,6.0,16.0,8.0
HYDROGEL_PACK,2,137000,10007.0,3,10015.0,at_or_below_bid_touch,9915.0,10020.0,False,False,10022.0,10010.0,9997.0,7.0,-5.0,-18.0
HYDROGEL_PACK,2,143800,9996.0,5,10004.0,at_or_below_bid_touch,9927.0,10029.0,False,False,10020.0,10012.0,9988.0,16.0,8.0,-16.0
HYDROGEL_PACK,2,145100,10012.0,5,10004.0,at_or_above_ask_touch,9934.0,10029.0,False,False,10016.0,10009.0,9984.0,12.0,5.0,-20.0
HYDROGEL_PACK,2,145400,9995.0,2,10003.0,at_or_below_bid_touch,9934.0,10029.0,False,False,10024.0,10008.0,9984.0,21.0,5.0,-19.0
HYDROGEL_PACK,2,149900,10007.0,3,10015.0,at_or_below_bid_touch,9958.0,10029.0,False,False,10012.0,10023.0,9970.0,-3.0,8.0,-45.0
HYDROGEL_PACK,2,150600,10028.0,4,10020.0,at_or_above_ask_touch,9968.0,10029.0,False,True,10011.0,10028.0,9972.0,-9.0,8.0,-48.0
HYDROGEL_PACK,2,151400,10014.0,3,10022.0,at_or_below_bid_touch,9968.0,10029.0,False,False,10022.0,10020.0,9977.0,0.0,-2.0,-45.0
HYDROGEL_PACK,2,151600,10014.0,6,10022.0,at_or_below_bid_touch,9968.0,10029.0,False,False,10021.0,10021.0,9976.0,-1.0,-1.0,-46.0
HYDROGEL_PACK,2,153200,10008.0,5,10016.0,at_or_below_bid_touch,9968.0,10029.0,False,False,10010.0,10022.0,9968.0,-6.0,6.0,-48.0
HYDROGEL_PACK,2,157000,10024.0,4,10016.0,at_or_above_ask_touch,9968.0,10029.0,False,False,10020.0,10021.0,9983.0,4.0,5.0,-33.0
HYDROGEL_PACK,2,161100,10028.0,4,10020.0,at_or_above_ask_touch,9968.0,10030.0,False,False,10024.0,10005.0,9970.0,4.0,-15.0,-50.0
HYDROGEL_PACK,2,164600,10023.0,6,10031.0,at_or_below_bid_touch,9986.0,10031.0,False,False,10013.0,10017.0,9973.0,-18.0,-14.0,-58.0
HYDROGEL_PACK,2,169000,10028.0,2,10020.0,at_or_above_ask_touch,9992.0,10033.0,False,False,10020.0,10011.0,9963.0,0.0,-9.0,-57.0
HYDROGEL_PACK,2,169200,10025.0,5,10017.0,at_or_above_ask_touch,9992.0,10033.0,False,False,10019.0,10008.0,9962.0,2.0,-9.0,-55.0
HYDROGEL_PACK,2,170100,10020.0,4,10012.0,at_or_above_ask_touch,9996.5,10033.0,False,False,10019.0,10012.0,9957.0,7.0,0.0,-55.0
HYDROGEL_PACK,2,177100,10011.0,3,10019.0,at_or_below_bid_touch,9996.5,10033.0,False,False,10005.0,9998.0,9909.5,-14.0,-21.0,-109.5
HYDROGEL_PACK,2,178100,10007.0,3,10015.0,at_or_below_bid_touch,9996.5,10033.0,False,False,10005.0,9997.0,9907.0,-10.0,-18.0,-108.0
HYDROGEL_PACK,2,181600,9996.0,5,10004.0,at_or_below_bid_touch,9996.5,10033.0,True,False,10002.0,9980.0,9911.0,-2.0,-24.0,-93.0
HYDROGEL_PACK,2,193400,9993.0,4,9985.0,at_or_above_ask_touch,9971.0,10033.0,False,False,9978.0,9967.0,9924.0,-7.0,-18.0,-61.0
HYDROGEL_PACK,2,195600,9972.0,5,9980.0,at_or_below_bid_touch,9971.0,10033.0,True,False,9972.0,9980.0,9945.0,-8.0,0.0,-35.0
HYDROGEL_PACK,2,206200,9992.0,3,9984.0,at_or_above_ask_touch,9965.0,10033.0,False,False,9970.0,9976.0,9935.0,-14.0,-8.0,-49.0
HYDROGEL_PACK,2,206600,9976.0,3,9984.0,at_or_below_bid_touch,9965.0,10033.0,False,False,9966.0,9978.0,9933.0,-18.0,-6.0,-51.0
HYDROGEL_PACK,2,206700,9981.0,5,9985.0,at_or_below_bid_touch,9965.0,10033.0,False,False,9968.0,9978.0,9935.0,-17.0,-7.0,-50.0
HYDROGEL_PACK,2,219200,9954.0,4,9962.0,at_or_below_bid_touch,9962.0,10026.0,True,False,9935.0,9908.5,9923.0,-27.0,-53.5,-39.0
HYDROGEL_PACK,2,221200,9963.0,6,9955.0,at_or_above_ask_touch,9955.0,10026.0,False,False,9919.0,9907.0,9933.0,-36.0,-48.0,-22.0
HYDROGEL_PACK,2,224300,9942.0,4,9934.0,at_or_above_ask_touch,9934.0,10026.0,False,False,9908.5,9916.0,9915.0,-25.5,-18.0,-19.0
HYDROGEL_PACK,2,233000,9927.0,3,9919.0,at_or_above_ask_touch,9906.0,10012.0,False,False,9921.0,9925.0,9911.0,2.0,6.0,-8.0
HYDROGEL_PACK,2,235700,9906.0,6,9914.0,at_or_below_bid_touch,9906.0,10011.0,True,False,9918.0,9943.0,9917.0,4.0,29.0,3.0
HYDROGEL_PACK,2,238900,9910.0,4,9918.0,at_or_below_bid_touch,9904.0,9992.0,False,False,9927.0,9938.0,9930.0,9.0,20.0,12.0
HYDROGEL_PACK,2,239300,9909.0,2,9917.0,at_or_below_bid_touch,9904.0,9992.0,False,False,9928.5,9931.0,9925.5,11.5,14.0,8.5
HYDROGEL_PACK,2,239400,9910.0,4,9918.0,at_or_below_bid_touch,9904.0,9992.0,False,False,9930.0,9931.5,9920.0,12.0,13.5,2.0
HYDROGEL_PACK,2,239800,9925.0,5,9917.0,at_or_above_ask_touch,9904.0,9992.0,False,False,9930.0,9935.0,9920.0,13.0,18.0,3.0
HYDROGEL_PACK,2,243800,9919.0,4,9927.0,at_or_below_bid_touch,9904.0,9992.0,False,False,9940.0,9937.0,9925.0,13.0,10.0,-2.0
HYDROGEL_PACK,2,254300,9951.0,2,9943.0,at_or_above_ask_touch,9904.0,9991.0,False,False,9927.0,9915.0,9943.0,-16.0,-28.0,0.0
HYDROGEL_PACK,2,256200,9927.0,5,9935.0,at_or_below_bid_touch,9904.0,9991.0,False,False,9933.0,9923.0,9946.0,-2.0,-12.0,11.0
HYDROGEL_PACK,2,258900,9928.0,2,9920.0,at_or_above_ask_touch,9904.0,9988.0,False,False,9924.5,9919.0,9943.0,4.5,-1.0,23.0
HYDROGEL_PACK,2,264200,9927.0,6,9919.5,at_or_above_ask_touch,9904.0,9980.5,False,False,9923.0,9910.0,9942.0,3.5,-9.5,22.5
HYDROGEL_PACK,2,264700,9907.0,2,9915.0,at_or_below_bid_touch,9904.0,9980.5,False,False,9926.0,9913.0,9944.0,11.0,-2.0,29.0
HYDROGEL_PACK,2,265200,9909.0,5,9917.0,at_or_below_bid_touch,9904.0,9980.5,False,False,9926.0,9907.5,9948.0,9.0,-9.5,31.0
HYDROGEL_PACK,2,267900,9926.0,6,9922.5,at_or_above_ask_touch,9904.0,9974.0,False,False,9916.5,9901.0,9953.5,-6.0,-21.5,31.0
HYDROGEL_PACK,2,272900,9924.0,5,9916.5,at_or_above_ask_touch,9904.0,9951.0,False,False,9901.0,9909.0,9952.0,-15.5,-7.5,35.5
HYDROGEL_PACK,2,273400,9922.0,3,9914.0,at_or_above_ask_touch,9904.0,9951.0,False,False,9903.0,9911.0,9956.0,-11.0,-3.0,42.0
HYDROGEL_PACK,2,273500,9921.0,6,9913.0,at_or_above_ask_touch,9904.0,9951.0,False,False,9902.0,9911.0,9953.0,-11.0,-2.0,40.0
HYDROGEL_PACK,2,274400,9907.0,3,9915.0,at_or_below_bid_touch,9904.0,9951.0,False,False,9895.0,9918.0,9950.0,-20.0,3.0,35.0
HYDROGEL_PACK,2,275800,9912.0,6,9904.0,at_or_above_ask_touch,9904.0,9951.0,False,False,9902.0,9915.0,9948.0,-2.0,11.0,44.0
HYDROGEL_PACK,2,277000,9911.0,6,9903.0,at_or_above_ask_touch,9897.0,9951.0,False,False,9900.5,9929.0,9950.0,-2.5,26.0,47.0
HYDROGEL_PACK,2,277300,9910.0,3,9902.0,at_or_above_ask_touch,9897.0,9951.0,False,False,9902.0,9928.5,9947.0,0.0,26.5,45.0
HYDROGEL_PACK,2,278800,9890.0,2,9897.5,at_or_below_bid_touch,9897.0,9951.0,True,False,9913.5,9932.0,9951.0,16.0,34.5,53.5
HYDROGEL_PACK,2,279900,9890.0,6,9898.0,at_or_below_bid_touch,9891.0,9951.0,True,False,9916.5,9919.5,9950.0,18.5,21.5,52.0
HYDROGEL_PACK,2,282200,9891.0,4,9899.0,at_or_below_bid_touch,9891.0,9951.0,True,False,9932.0,9917.0,9949.0,33.0,18.0,50.0
HYDROGEL_PACK,2,283700,9922.0,5,9914.0,at_or_above_ask_touch,9891.0,9951.0,False,False,9929.0,9923.0,9955.0,15.0,9.0,41.0
HYDROGEL_PACK,2,284300,9923.0,6,9915.0,at_or_above_ask_touch,9891.0,9951.0,False,False,9925.5,9924.0,9947.0,10.5,9.0,32.0
HYDROGEL_PACK,2,288000,9936.0,5,9928.0,at_or_above_ask_touch,9891.0,9951.0,False,False,9912.0,9955.0,9960.0,-16.0,27.0,32.0
HYDROGEL_PACK,2,291000,9905.0,3,9913.0,at_or_below_bid_touch,9891.0,9951.0,False,False,9943.0,9955.5,9957.0,30.0,42.5,44.0
HYDROGEL_PACK,2,292800,9921.0,6,9913.0,at_or_above_ask_touch,9891.0,9951.0,False,False,9955.0,9941.5,9958.0,42.0,28.5,45.0
HYDROGEL_PACK,2,299100,9963.0,3,9955.0,at_or_above_ask_touch,9891.0,9957.0,False,True,9944.0,9937.0,9955.0,-11.0,-18.0,0.0
HYDROGEL_PACK,2,300800,9946.0,4,9954.0,at_or_below_bid_touch,9891.0,9957.0,False,False,9944.0,9938.0,9949.0,-10.0,-16.0,-5.0
HYDROGEL_PACK,2,303800,9935.0,2,9943.0,at_or_below_bid_touch,9891.0,9957.0,False,False,9942.0,9944.0,9969.0,-1.0,1.0,26.0
HYDROGEL_PACK,2,305700,9951.0,6,9943.5,at_or_above_ask_touch,9891.0,9957.0,False,False,9939.0,9946.0,9974.0,-4.5,2.5,30.5
HYDROGEL_PACK,2,306100,9952.0,5,9944.0,at_or_above_ask_touch,9891.0,9957.0,False,False,9933.0,9947.0,9976.0,-11.0,3.0,32.0
HYDROGEL_PACK,2,310100,9942.0,4,9934.0,at_or_above_ask_touch,9891.0,9957.0,False,False,9950.0,9958.5,9983.0,16.0,24.5,49.0
HYDROGEL_PACK,2,311800,9945.0,2,9937.0,at_or_above_ask_touch,9891.0,9957.0,False,False,9947.0,9947.0,9985.0,10.0,10.0,48.0
HYDROGEL_PACK,2,314800,9953.0,3,9945.0,at_or_above_ask_touch,9891.0,9957.0,False,False,9960.0,9944.0,9986.0,15.0,-1.0,41.0
HYDROGEL_PACK,2,315400,9956.0,4,9948.0,at_or_above_ask_touch,9891.0,9957.0,False,True,9957.0,9948.0,9991.0,9.0,0.0,43.0
HYDROGEL_PACK,2,316900,9954.0,2,9946.5,at_or_above_ask_touch,9891.0,9957.0,False,False,9949.0,9953.0,9997.0,2.5,6.5,50.5
HYDROGEL_PACK,2,328900,9958.0,2,9950.0,at_or_above_ask_touch,9891.0,9963.0,False,False,9955.0,9955.0,9980.0,5.0,5.0,30.0
HYDROGEL_PACK,2,332800,9947.0,3,9955.0,at_or_below_bid_touch,9909.0,9963.0,False,False,9957.0,9958.0,9968.0,2.0,3.0,13.0
HYDROGEL_PACK,2,338400,9948.0,4,9956.0,at_or_below_bid_touch,9911.0,9963.0,False,False,9958.0,9951.0,9982.0,2.0,-5.0,26.0
HYDROGEL_PACK,2,340200,9951.0,2,9959.0,at_or_below_bid_touch,9911.0,9963.0,False,False,9949.0,9958.0,9981.0,-10.0,-1.0,22.0
HYDROGEL_PACK,2,342300,9966.0,2,9958.0,at_or_above_ask_touch,9911.0,9963.0,False,True,9933.5,9959.0,9982.0,-24.5,1.0,24.0
HYDROGEL_PACK,2,344100,9942.0,3,9950.0,at_or_below_bid_touch,9924.0,9963.0,False,False,9955.0,9965.0,9967.0,5.0,15.0,17.0
HYDROGEL_PACK,2,344500,9942.0,3,9950.0,at_or_below_bid_touch,9930.5,9963.0,False,False,9950.0,9966.0,9967.5,0.0,16.0,17.5
HYDROGEL_PACK,2,344600,9958.0,6,9950.0,at_or_above_ask_touch,9931.0,9963.0,False,False,9951.0,9968.0,9967.0,1.0,18.0,17.0
HYDROGEL_PACK,2,346100,9947.0,2,9939.0,at_or_above_ask_touch,9931.0,9963.0,False,False,9946.0,9976.0,9979.0,7.0,37.0,40.0
HYDROGEL_PACK,2,347400,9947.0,4,9939.0,at_or_above_ask_touch,9931.0,9963.0,False,False,9960.0,9976.0,9963.0,21.0,37.0,24.0
HYDROGEL_PACK,2,351400,9937.0,6,9945.0,at_or_below_bid_touch,9930.0,9963.0,False,False,9973.0,9988.0,9978.0,28.0,43.0,33.0
HYDROGEL_PACK,2,359500,9972.0,5,9980.0,at_or_below_bid_touch,9930.0,9980.0,False,False,9980.0,9979.0,9975.0,0.0,-1.0,-5.0
HYDROGEL_PACK,2,365300,9984.0,2,9992.0,at_or_below_bid_touch,9930.0,9992.0,False,False,9984.0,9977.0,9971.0,-8.0,-15.0,-21.0
HYDROGEL_PACK,2,366500,10001.0,2,9993.0,at_or_above_ask_touch,9930.0,9997.0,False,True,9985.0,9982.0,9971.0,-8.0,-11.0,-22.0
HYDROGEL_PACK,2,384800,9978.0,4,9982.0,at_or_below_bid_touch,9930.0,9999.0,False,False,9976.0,9968.0,9970.0,-6.0,-14.0,-12.0
HYDROGEL_PACK,2,385500,9972.0,5,9980.0,at_or_below_bid_touch,9930.0,9999.0,False,False,9977.0,9976.0,9968.0,-3.0,-4.0,-12.0
HYDROGEL_PACK,2,387500,9991.0,3,9983.0,at_or_above_ask_touch,9930.0,9999.0,False,False,9983.0,9960.0,9969.0,0.0,-23.0,-14.0
HYDROGEL_PACK,2,391600,9970.0,2,9978.0,at_or_below_bid_touch,9930.0,9999.0,False,False,9970.0,9976.0,9967.0,-8.0,-2.0,-11.0
HYDROGEL_PACK,2,391700,9988.0,2,9980.0,at_or_above_ask_touch,9930.0,9999.0,False,False,9968.0,9975.0,9968.0,-12.0,-5.0,-12.0
HYDROGEL_PACK,2,392400,9990.0,5,9982.0,at_or_above_ask_touch,9930.0,9999.0,False,False,9963.0,9979.0,9959.0,-19.0,-3.0,-23.0
HYDROGEL_PACK,2,394100,9975.0,6,9967.0,at_or_above_ask_touch,9930.0,9999.0,False,False,9966.0,9981.0,9963.0,-1.0,14.0,-4.0
HYDROGEL_PACK,2,394300,9970.0,5,9962.0,at_or_above_ask_touch,9930.0,9999.0,False,False,9967.0,9985.0,9964.0,5.0,23.0,2.0
HYDROGEL_PACK,2,401200,9966.0,5,9974.0,at_or_below_bid_touch,9944.0,9999.0,False,False,9985.0,9979.0,9980.0,11.0,5.0,6.0
HYDROGEL_PACK,2,408000,9991.0,3,9983.0,at_or_above_ask_touch,9954.0,9999.0,False,False,9972.0,9974.0,9956.0,-11.0,-9.0,-27.0
HYDROGEL_PACK,2,409400,9988.0,3,9980.0,at_or_above_ask_touch,9954.0,9999.0,False,False,9966.0,9963.0,9959.0,-14.0,-17.0,-21.0
HYDROGEL_PACK,2,410100,9988.0,6,9980.0,at_or_above_ask_touch,9954.0,9999.0,False,False,9966.0,9966.0,9967.0,-14.0,-14.0,-13.0
HYDROGEL_PACK,2,413100,9977.0,2,9969.0,at_or_above_ask_touch,9954.0,9999.0,False,False,9973.0,9966.0,9987.0,4.0,-3.0,18.0
HYDROGEL_PACK,2,413500,9974.0,5,9966.5,at_or_above_ask_touch,9954.0,9999.0,False,False,9970.0,9961.0,9993.0,3.5,-5.5,26.5
HYDROGEL_PACK,2,415400,9976.0,6,9968.0,at_or_above_ask_touch,9954.0,9999.0,False,False,9968.0,9961.5,9985.0,0.0,-6.5,17.0
HYDROGEL_PACK,2,416600,9981.0,4,9973.0,at_or_above_ask_touch,9954.0,9999.0,False,False,9970.0,9962.0,9989.0,-3.0,-11.0,16.0
HYDROGEL_PACK,2,420200,9975.0,4,9967.0,at_or_above_ask_touch,9954.0,9993.0,False,False,9960.0,9966.0,9985.0,-7.0,-1.0,18.0
HYDROGEL_PACK,2,421100,9961.0,5,9969.0,at_or_below_bid_touch,9954.0,9993.0,False,False,9956.0,9966.0,9986.0,-13.0,-3.0,17.0
HYDROGEL_PACK,2,422200,9963.0,2,9971.0,at_or_below_bid_touch,9954.0,9992.0,False,False,9963.0,9959.0,9977.0,-8.0,-12.0,6.0
HYDROGEL_PACK,2,423800,9969.0,3,9961.0,at_or_above_ask_touch,9954.0,9988.0,False,False,9963.0,9960.0,9975.0,2.0,-1.0,14.0
HYDROGEL_PACK,2,429500,9968.0,3,9960.0,at_or_above_ask_touch,9951.0,9988.0,False,False,9962.0,9973.0,9991.0,2.0,13.0,31.0
HYDROGEL_PACK,2,430200,9974.0,4,9966.0,at_or_above_ask_touch,9951.0,9988.0,False,False,9971.0,9964.0,9999.0,5.0,-2.0,33.0
HYDROGEL_PACK,2,430700,9976.0,4,9968.0,at_or_above_ask_touch,9951.0,9988.0,False,False,9968.0,9968.0,10002.0,0.0,0.0,34.0
HYDROGEL_PACK,2,433900,9970.0,4,9962.0,at_or_above_ask_touch,9951.0,9988.0,False,False,9975.0,9964.0,10002.0,13.0,2.0,40.0
HYDROGEL_PACK,2,436200,9968.0,2,9976.0,at_or_below_bid_touch,9951.0,9988.0,False,False,9967.0,9965.0,10003.0,-9.0,-11.0,27.0
HYDROGEL_PACK,2,443400,9969.0,4,9961.0,at_or_above_ask_touch,9951.0,9988.0,False,False,9976.0,9965.0,10007.0,15.0,4.0,46.0
HYDROGEL_PACK,2,445300,9974.0,2,9966.0,at_or_above_ask_touch,9951.0,9988.0,False,False,9982.0,9952.0,10000.0,16.0,-14.0,34.0
HYDROGEL_PACK,2,449000,9979.0,6,9987.0,at_or_below_bid_touch,9951.0,9988.0,False,False,9963.0,9957.0,9982.0,-24.0,-30.0,-5.0
HYDROGEL_PACK,2,450900,9988.0,6,9980.0,at_or_above_ask_touch,9951.0,9995.0,False,False,9950.0,9975.0,9983.0,-30.0,-5.0,3.0
HYDROGEL_PACK,2,452000,9965.0,3,9973.0,at_or_below_bid_touch,9951.0,9995.0,False,False,9955.0,9980.0,9981.0,-18.0,7.0,8.0
HYDROGEL_PACK,2,452800,9974.0,4,9966.0,at_or_above_ask_touch,9951.0,9995.0,False,False,9957.0,9983.0,9976.5,-9.0,17.0,10.5
HYDROGEL_PACK,2,478900,9997.0,3,9989.0,at_or_above_ask_touch,9950.0,9997.0,False,True,10002.0,9992.0,9995.0,13.0,3.0,6.0
HYDROGEL_PACK,2,480900,9994.0,2,10002.0,at_or_below_bid_touch,9950.0,10003.0,False,False,10005.0,9999.0,9996.0,3.0,-3.0,-6.0
HYDROGEL_PACK,2,481400,9996.0,2,10004.0,at_or_below_bid_touch,9950.0,10004.0,False,False,9999.0,9989.0,9986.0,-5.0,-15.0,-18.0
HYDROGEL_PACK,2,482400,10013.0,3,10005.0,at_or_above_ask_touch,9950.0,10009.0,False,True,10003.0,10004.0,9977.0,-2.0,-1.0,-28.0
HYDROGEL_PACK,2,488200,9994.0,2,10002.0,at_or_below_bid_touch,9950.0,10009.0,False,False,10006.0,9986.0,9977.5,4.0,-16.0,-24.5
HYDROGEL_PACK,2,488700,9985.0,5,9993.0,at_or_below_bid_touch,9950.0,10009.0,False,False,10008.0,9983.0,9968.0,15.0,-10.0,-25.0
HYDROGEL_PACK,2,493800,10020.0,6,10012.0,at_or_above_ask_touch,9950.0,10012.0,False,True,9987.0,9981.0,9967.0,-25.0,-31.0,-45.0
HYDROGEL_PACK,2,495700,9985.0,3,9993.0,at_or_below_bid_touch,9950.0,10014.0,False,False,9981.0,9980.5,9972.0,-12.0,-12.5,-21.0
HYDROGEL_PACK,2,498500,9977.0,4,9985.0,at_or_below_bid_touch,9950.0,10014.0,False,False,9983.0,9992.0,9971.0,-2.0,7.0,-14.0
HYDROGEL_PACK,2,500600,9976.0,5,9984.0,at_or_below_bid_touch,9950.0,10014.0,False,False,9980.0,9997.0,9964.0,-4.0,13.0,-20.0
HYDROGEL_PACK,2,501600,9976.0,4,9984.0,at_or_below_bid_touch,9950.0,10014.0,False,False,9984.0,9988.0,9957.5,0.0,4.0,-26.5
HYDROGEL_PACK,2,503600,9975.0,2,9983.0,at_or_below_bid_touch,9950.0,10014.0,False,False,9992.0,9995.0,9961.0,9.0,12.0,-22.0
HYDROGEL_PACK,2,511000,9989.0,6,9997.0,at_or_below_bid_touch,9974.0,10014.0,False,False,9994.0,9973.0,9988.0,-3.0,-24.0,-9.0
HYDROGEL_PACK,2,512800,9982.0,4,9989.5,at_or_below_bid_touch,9974.0,10014.0,False,False,9978.0,9977.0,9990.0,-11.5,-12.5,0.5
HYDROGEL_PACK,2,516500,9977.0,5,9985.0,at_or_below_bid_touch,9974.0,10014.0,False,False,9973.0,9981.0,9968.0,-12.0,-4.0,-17.0
HYDROGEL_PACK,2,519800,9982.0,6,9974.0,at_or_above_ask_touch,9974.0,10014.0,False,False,9979.0,9993.0,9988.0,5.0,19.0,14.0
HYDROGEL_PACK,2,524600,9969.0,5,9977.0,at_or_below_bid_touch,9969.0,10014.0,True,False,9993.0,9964.0,9987.0,16.0,-13.0,10.0
HYDROGEL_PACK,2,526300,9966.0,3,9974.0,at_or_below_bid_touch,9969.0,10014.0,True,False,9991.0,9966.0,9996.0,17.0,-8.0,22.0
HYDROGEL_PACK,2,530900,9988.0,3,9996.0,at_or_below_bid_touch,9969.0,10014.0,False,False,9966.0,9970.0,9990.0,-30.0,-26.0,-6.0
HYDROGEL_PACK,2,534700,9958.0,3,9965.5,at_or_below_bid_touch,9964.0,10014.0,True,False,9968.5,9966.0,10009.0,3.0,0.5,43.5
HYDROGEL_PACK,2,534900,9976.0,3,9968.0,at_or_above_ask_touch,9964.0,10014.0,False,False,9971.0,9970.0,10013.0,3.0,2.0,45.0
HYDROGEL_PACK,2,535100,9961.0,2,9969.0,at_or_below_bid_touch,9964.0,10014.0,True,False,9972.0,9972.0,10008.5,3.0,3.0,39.5
HYDROGEL_PACK,2,540500,9982.0,2,9974.0,at_or_above_ask_touch,9964.0,10014.0,False,False,9972.0,9966.0,10008.0,-2.0,-8.0,34.0
HYDROGEL_PACK,2,540600,9980.0,2,9972.0,at_or_above_ask_touch,9964.0,10014.0,False,False,9970.0,9964.0,10011.0,-2.0,-8.0,39.0
HYDROGEL_PACK,2,543800,9975.0,6,9967.0,at_or_above_ask_touch,9964.0,10014.0,False,False,9972.0,9960.0,10020.0,5.0,-7.0,53.0
HYDROGEL_PACK,2,544400,9976.0,6,9971.5,at_or_above_ask_touch,9964.0,10010.0,False,False,9969.5,9956.0,10015.0,-2.0,-15.5,43.5
HYDROGEL_PACK,2,547000,9969.0,6,9977.0,at_or_below_bid_touch,9964.0,10000.0,False,False,9964.0,9965.0,10002.0,-13.0,-12.0,25.0
HYDROGEL_PACK,2,548500,9963.0,6,9971.0,at_or_below_bid_touch,9964.0,10000.0,True,False,9960.0,9974.0,10009.0,-11.0,3.0,38.0
HYDROGEL_PACK,2,553400,9968.0,2,9960.0,at_or_above_ask_touch,9957.0,10000.0,False,False,9972.0,9985.0,10029.0,12.0,25.0,69.0
HYDROGEL_PACK,2,556000,9976.0,5,9968.0,at_or_above_ask_touch,9956.0,10000.0,False,False,9988.0,9975.0,10036.0,20.0,7.0,68.0
HYDROGEL_PACK,2,556100,9976.0,5,9968.0,at_or_above_ask_touch,9956.0,10000.0,False,False,9990.0,9974.0,10035.0,22.0,6.0,67.0
HYDROGEL_PACK,2,561000,9996.0,4,9988.0,at_or_above_ask_touch,9956.0,9999.0,False,False,9975.0,9984.0,10034.0,-13.0,-4.0,46.0
HYDROGEL_PACK,2,568500,9971.0,2,9979.0,at_or_below_bid_touch,9956.0,9997.0,False,False,9984.0,9982.5,10027.0,5.0,3.5,48.0
HYDROGEL_PACK,2,573800,9989.0,3,9981.0,at_or_above_ask_touch,9956.0,9997.0,False,False,9978.0,10001.0,10018.0,-3.0,20.0,37.0
HYDROGEL_PACK,2,574200,9988.0,6,9980.0,at_or_above_ask_touch,9956.0,9997.0,False,False,9986.0,10002.0,10020.0,6.0,22.0,40.0
HYDROGEL_PACK,2,576700,10000.0,5,9992.0,at_or_above_ask_touch,9956.0,9997.0,False,True,9991.0,10010.0,10016.0,-1.0,18.0,24.0
HYDROGEL_PACK,2,578300,9992.0,6,9984.5,at_or_above_ask_touch,9956.0,9997.0,False,False,9990.0,10005.0,10026.0,5.5,20.5,41.5
HYDROGEL_PACK,2,581600,10000.0,2,9992.0,at_or_above_ask_touch,9956.0,9996.0,False,True,10011.0,10008.0,10007.0,19.0,16.0,15.0
HYDROGEL_PACK,2,582600,9980.0,4,9988.0,at_or_below_bid_touch,9956.0,9996.0,False,False,10005.0,10008.0,10007.0,17.0,20.0,19.0
HYDROGEL_PACK,2,585200,10005.0,6,10013.0,at_or_below_bid_touch,9956.0,10013.0,False,False,10003.0,10012.0,10008.0,-10.0,-1.0,-5.0
HYDROGEL_PACK,2,587700,10013.0,4,10005.0,at_or_above_ask_touch,9956.0,10016.5,False,False,10011.0,10006.0,10009.0,6.0,1.0,4.0
HYDROGEL_PACK,2,588400,10015.0,6,10007.0,at_or_above_ask_touch,9956.0,10016.5,False,False,10025.0,10012.0,10013.0,18.0,5.0,6.0
HYDROGEL_PACK,2,588800,10016.0,2,10008.0,at_or_above_ask_touch,9956.0,10016.5,False,True,10020.0,10014.0,10010.0,12.0,6.0,2.0
HYDROGEL_PACK,2,589300,10001.0,3,10009.0,at_or_below_bid_touch,9956.0,10016.5,False,False,10016.0,10012.0,10013.0,7.0,3.0,4.0
HYDROGEL_PACK,2,592200,10020.0,4,10011.5,at_or_above_ask_touch,9956.0,10016.5,False,True,10002.0,10023.0,10012.0,-9.5,11.5,0.5
HYDROGEL_PACK,2,596100,10002.0,3,10010.0,at_or_below_bid_touch,9956.0,10025.0,False,False,10017.0,10035.0,10042.0,7.0,25.0,32.0
HYDROGEL_PACK,2,596600,10012.0,6,10004.0,at_or_above_ask_touch,9956.0,10025.0,False,False,10021.0,10032.0,10034.0,17.0,28.0,30.0
HYDROGEL_PACK,2,597500,10015.0,4,10007.0,at_or_above_ask_touch,9956.0,10025.0,False,False,10027.0,10038.0,10038.0,20.0,31.0,31.0
HYDROGEL_PACK,2,601600,10013.0,6,10021.0,at_or_below_bid_touch,9956.0,10025.0,False,False,10032.0,10035.0,10037.0,11.0,14.0,16.0
HYDROGEL_PACK,2,604400,10043.0,3,10035.0,at_or_above_ask_touch,9957.0,10035.0,False,True,10043.0,10033.5,10032.0,8.0,-1.5,-3.0
HYDROGEL_PACK,2,608900,10031.0,2,10039.0,at_or_below_bid_touch,9966.0,10041.0,False,False,10033.0,10018.0,10035.0,-6.0,-21.0,-4.0
HYDROGEL_PACK,2,610900,10029.0,5,10037.0,at_or_below_bid_touch,9966.0,10043.0,False,False,10034.0,10023.0,10037.0,-3.0,-14.0,0.0
HYDROGEL_PACK,2,620000,10010.0,5,10018.0,at_or_below_bid_touch,9975.0,10043.0,False,False,10028.0,10024.0,10029.0,10.0,6.0,11.0
HYDROGEL_PACK,2,630700,10010.0,3,10018.0,at_or_below_bid_touch,9981.5,10043.0,False,False,10009.0,10006.0,10001.0,-9.0,-12.0,-17.0
HYDROGEL_PACK,2,631400,10002.0,3,10010.0,at_or_below_bid_touch,9981.5,10043.0,False,False,10004.0,10007.0,10008.0,-6.0,-3.0,-2.0
HYDROGEL_PACK,2,633100,10017.0,6,10009.0,at_or_above_ask_touch,9983.0,10043.0,False,False,10011.0,10023.0,10009.0,2.0,14.0,0.0
HYDROGEL_PACK,2,634300,10009.0,4,10001.0,at_or_above_ask_touch,10001.0,10043.0,False,False,10013.0,10023.0,10002.0,12.0,22.0,1.0
HYDROGEL_PACK,2,640000,10001.0,2,10009.0,at_or_below_bid_touch,9998.0,10043.0,False,False,10024.0,10037.0,10007.0,15.0,28.0,-2.0
HYDROGEL_PACK,2,645000,10016.0,4,10024.0,at_or_below_bid_touch,9998.0,10043.0,False,False,10037.0,10031.0,10012.5,13.0,7.0,-11.5
HYDROGEL_PACK,2,650000,10029.0,4,10037.0,at_or_below_bid_touch,9998.0,10043.0,False,False,10031.0,10040.0,10009.0,-6.0,3.0,-28.0
HYDROGEL_PACK,2,655500,10024.0,3,10032.5,at_or_below_bid_touch,9998.0,10045.0,False,False,10040.0,10024.0,10022.0,7.5,-8.5,-10.5
HYDROGEL_PACK,2,659500,10046.0,5,10038.0,at_or_above_ask_touch,9998.0,10045.0,False,True,10028.0,10030.0,10026.0,-10.0,-8.0,-12.0
HYDROGEL_PACK,2,661900,10024.0,6,10032.0,at_or_below_bid_touch,9998.0,10045.0,False,False,10024.0,10010.0,10037.0,-8.0,-22.0,5.0
HYDROGEL_PACK,2,663000,10025.0,2,10033.0,at_or_below_bid_touch,9998.0,10045.0,False,False,10035.0,10008.0,10042.0,2.0,-25.0,9.0
HYDROGEL_PACK,2,674000,10015.0,2,10007.0,at_or_above_ask_touch,9998.0,10045.0,False,False,9998.0,10001.0,10051.0,-9.0,-6.0,44.0
HYDROGEL_PACK,2,674400,10012.0,4,10004.0,at_or_above_ask_touch,9998.0,10045.0,False,False,9997.0,10002.0,10048.0,-7.0,-2.0,44.0
HYDROGEL_PACK,2,675300,10017.0,2,10009.0,at_or_above_ask_touch,9998.0,10045.0,False,False,10001.0,10001.0,10043.0,-8.0,-8.0,34.0
HYDROGEL_PACK,2,675600,10018.0,3,10010.0,at_or_above_ask_touch,9998.0,10045.0,False,False,10001.0,10001.0,10043.0,-9.0,-9.0,33.0
HYDROGEL_PACK,2,678700,10013.0,6,10005.0,at_or_above_ask_touch,9998.0,10045.0,False,False,10003.0,10013.0,10043.0,-2.0,8.0,38.0
HYDROGEL_PACK,2,681000,10010.0,5,10002.0,at_or_above_ask_touch,9989.5,10045.0,False,False,10002.0,9999.0,10031.5,0.0,-3.0,29.5
HYDROGEL_PACK,2,686100,9996.0,6,10004.0,at_or_below_bid_touch,9989.5,10045.0,False,False,9998.0,10006.0,10013.0,-6.0,2.0,9.0
HYDROGEL_PACK,2,686700,10016.0,5,10008.0,at_or_above_ask_touch,9989.5,10045.0,False,False,9998.0,10013.0,10007.0,-10.0,5.0,-1.0
HYDROGEL_PACK,2,689700,9997.0,5,10005.0,at_or_below_bid_touch,9989.5,10045.0,False,False,10012.0,10007.0,10011.0,7.0,2.0,6.0
HYDROGEL_PACK,2,690800,9990.0,5,9998.0,at_or_below_bid_touch,9989.5,10045.0,True,False,10012.0,10010.0,10010.0,14.0,12.0,12.0
HYDROGEL_PACK,2,691600,9990.0,5,9998.0,at_or_below_bid_touch,9989.5,10045.0,True,False,10013.0,10021.0,10014.0,15.0,23.0,16.0
HYDROGEL_PACK,2,694500,10016.0,4,10008.0,at_or_above_ask_touch,9989.5,10045.0,False,False,10009.0,10016.0,10012.0,1.0,8.0,4.0
HYDROGEL_PACK,2,696000,10016.0,2,10008.0,at_or_above_ask_touch,9989.5,10045.0,False,False,10011.0,10024.0,10010.0,3.0,16.0,2.0
HYDROGEL_PACK,2,697000,10017.0,4,10009.0,at_or_above_ask_touch,9989.5,10045.0,False,False,10016.0,10023.0,10002.0,7.0,14.0,-7.0
HYDROGEL_PACK,2,697400,10018.0,2,10010.0,at_or_above_ask_touch,9989.5,10045.0,False,False,10020.0,10025.0,9998.0,10.0,15.0,-12.0
HYDROGEL_PACK,2,698800,9999.0,2,10007.0,at_or_below_bid_touch,9989.5,10045.0,False,False,10021.0,10021.0,9993.0,14.0,14.0,-14.0
HYDROGEL_PACK,2,705900,10032.0,6,10024.0,at_or_above_ask_touch,9989.5,10040.0,False,False,10034.0,10046.0,10008.0,10.0,22.0,-16.0
HYDROGEL_PACK,2,707900,10021.0,6,10029.0,at_or_below_bid_touch,9989.5,10040.0,False,False,10043.0,10038.0,10014.0,14.0,9.0,-15.0
HYDROGEL_PACK,2,715500,10036.0,6,10044.0,at_or_below_bid_touch,9989.5,10050.0,False,False,10040.0,10044.0,10040.0,-4.0,0.0,-4.0
HYDROGEL_PACK,2,716900,10028.0,3,10036.0,at_or_below_bid_touch,9989.5,10050.0,False,False,10049.0,10040.0,10042.0,13.0,4.0,6.0
HYDROGEL_PACK,2,719000,10033.0,5,10041.0,at_or_below_bid_touch,9989.5,10050.0,False,False,10051.0,10039.5,10036.0,10.0,-1.5,-5.0
HYDROGEL_PACK,2,727700,10040.0,6,10032.0,at_or_above_ask_touch,9989.5,10051.0,False,False,10017.0,9998.0,10043.0,-15.0,-34.0,11.0
HYDROGEL_PACK,2,734200,10029.0,5,10021.0,at_or_above_ask_touch,9994.0,10051.0,False,False,10006.0,10014.0,10019.0,-15.0,-7.0,-2.0
HYDROGEL_PACK,2,736200,10004.0,6,10012.0,at_or_below_bid_touch,9994.0,10051.0,False,False,10013.0,10006.0,10021.0,1.0,-6.0,9.0
HYDROGEL_PACK,2,737300,10014.0,6,10006.0,at_or_above_ask_touch,9994.0,10051.0,False,False,10014.0,9998.0,10017.0,8.0,-8.0,11.0
HYDROGEL_PACK,2,739000,9996.0,4,10004.0,at_or_below_bid_touch,9994.0,10051.0,False,False,10011.0,9997.0,10006.0,7.0,-7.0,2.0
HYDROGEL_PACK,2,740000,10001.0,4,10009.0,at_or_below_bid_touch,9994.0,10051.0,False,False,10009.0,10005.0,10003.0,0.0,-4.0,-6.0
HYDROGEL_PACK,2,743500,10003.0,5,10011.0,at_or_below_bid_touch,9997.0,10051.0,False,False,9994.0,10000.0,9995.0,-17.0,-11.0,-16.0
HYDROGEL_PACK,2,747700,9988.0,3,9996.0,at_or_below_bid_touch,9996.0,10051.0,True,False,10003.0,10018.0,9987.0,7.0,22.0,-9.0
HYDROGEL_PACK,2,749400,10016.0,5,10008.0,at_or_above_ask_touch,9993.0,10051.0,False,False,10006.0,10024.0,9988.0,-2.0,16.0,-20.0
HYDROGEL_PACK,2,750200,10006.0,3,10002.5,at_or_above_ask_touch,9993.0,10051.0,False,False,10012.0,10030.0,9988.0,9.5,27.5,-14.5
HYDROGEL_PACK,2,752100,10012.0,6,10004.0,at_or_above_ask_touch,9993.0,10051.0,False,False,10013.0,10033.0,10003.0,9.0,29.0,-1.0
HYDROGEL_PACK,2,752500,9997.0,5,10005.0,at_or_below_bid_touch,9993.0,10051.0,False,False,10013.0,10043.0,10003.0,8.0,38.0,-2.0
HYDROGEL_PACK,2,753400,10008.0,4,10000.0,at_or_above_ask_touch,9993.0,10051.0,False,False,10017.0,10036.0,10008.0,17.0,36.0,8.0
HYDROGEL_PACK,2,755000,10002.0,4,10010.0,at_or_below_bid_touch,9993.0,10051.0,False,False,10025.0,10040.0,10013.0,15.0,30.0,3.0
HYDROGEL_PACK,2,759500,10016.0,2,10024.0,at_or_below_bid_touch,9993.0,10051.0,False,False,10043.0,10036.0,9996.0,19.0,12.0,-28.0
HYDROGEL_PACK,2,766500,10039.0,4,10047.0,at_or_below_bid_touch,9993.0,10051.0,False,False,10041.0,10042.0,10034.0,-6.0,-5.0,-13.0
HYDROGEL_PACK,2,767700,10043.0,6,10035.0,at_or_above_ask_touch,9993.0,10051.0,False,False,10042.0,10043.0,10033.0,7.0,8.0,-2.0
HYDROGEL_PACK,2,771300,10051.0,4,10043.0,at_or_above_ask_touch,9993.0,10051.0,False,True,10045.0,10019.0,10024.0,2.0,-24.0,-19.0
HYDROGEL_PACK,2,775300,10028.0,4,10036.5,at_or_below_bid_touch,9993.0,10048.0,False,False,10028.0,10023.0,10031.0,-8.5,-13.5,-5.5
HYDROGEL_PACK,2,780000,10035.0,3,10027.0,at_or_above_ask_touch,9993.0,10050.0,False,False,10026.0,10003.0,10034.0,-1.0,-24.0,7.0
HYDROGEL_PACK,2,784000,10014.0,6,10022.0,at_or_below_bid_touch,9993.0,10050.0,False,False,10006.0,9990.5,10025.0,-16.0,-31.5,3.0
HYDROGEL_PACK,2,787400,10012.0,5,10020.0,at_or_below_bid_touch,9993.0,10050.0,False,False,9994.0,9984.0,10025.0,-26.0,-36.0,5.0
HYDROGEL_PACK,2,795400,9978.0,6,9986.0,at_or_below_bid_touch,9984.0,10050.0,True,False,9991.0,10011.5,10018.0,5.0,25.5,32.0
HYDROGEL_PACK,2,802700,10014.0,4,10006.0,at_or_above_ask_touch,9981.0,10050.0,False,False,10006.0,10013.0,10013.0,0.0,7.0,7.0
HYDROGEL_PACK,2,804500,10020.0,5,10012.0,at_or_above_ask_touch,9981.0,10050.0,False,False,9996.0,10024.0,10011.0,-16.0,12.0,-1.0
HYDROGEL_PACK,2,812700,10005.0,3,10013.0,at_or_below_bid_touch,9981.0,10050.0,False,False,10033.0,10034.0,9997.0,20.0,21.0,-16.0
HYDROGEL_PACK,2,818600,10039.0,3,10031.0,at_or_above_ask_touch,9981.0,10050.0,False,False,10034.0,10027.0,10007.0,3.0,-4.0,-24.0
HYDROGEL_PACK,2,824000,10027.0,4,10035.0,at_or_below_bid_touch,9981.0,10050.0,False,False,10029.5,10025.0,9987.0,-5.5,-10.0,-48.0
HYDROGEL_PACK,2,827000,10024.0,5,10032.0,at_or_below_bid_touch,9981.0,10050.0,False,False,10029.0,10021.0,9986.0,-3.0,-11.0,-46.0
HYDROGEL_PACK,2,830600,10024.0,3,10032.0,at_or_below_bid_touch,9981.0,10038.5,False,False,10036.0,10014.0,9986.0,4.0,-18.0,-46.0
HYDROGEL_PACK,2,834000,10017.0,4,10025.0,at_or_below_bid_touch,9981.0,10038.5,False,False,10024.0,10024.0,9992.0,-1.0,-1.0,-33.0
HYDROGEL_PACK,2,842800,10008.0,6,10016.0,at_or_below_bid_touch,9981.0,10038.5,False,False,10008.0,10014.0,9984.0,-8.0,-2.0,-32.0
HYDROGEL_PACK,2,843300,10026.0,3,10018.0,at_or_above_ask_touch,9981.0,10038.5,False,False,10005.0,10019.0,9979.0,-13.0,1.0,-39.0
HYDROGEL_PACK,2,849400,9996.0,6,10004.0,at_or_below_bid_touch,9987.0,10038.5,False,False,10011.5,10019.0,10005.0,7.5,15.0,1.0
HYDROGEL_PACK,2,855100,10018.0,4,10010.0,at_or_above_ask_touch,9996.0,10038.5,False,False,10014.0,9994.0,10011.0,4.0,-16.0,1.0
HYDROGEL_PACK,2,856600,10001.0,2,10009.0,at_or_below_bid_touch,9996.0,10038.5,False,False,10003.0,9995.0,10001.0,-6.0,-14.0,-8.0
HYDROGEL_PACK,2,861200,10021.0,2,10013.0,at_or_above_ask_touch,9998.0,10038.5,False,False,9991.0,9990.0,9995.0,-22.0,-23.0,-18.0
HYDROGEL_PACK,2,861800,9996.0,6,10004.0,at_or_below_bid_touch,9998.0,10038.5,True,False,9994.0,9995.0,9991.0,-10.0,-9.0,-13.0
HYDROGEL_PACK,2,863300,9990.0,5,9998.0,at_or_below_bid_touch,9995.0,10038.5,True,False,10006.0,9988.0,9999.0,8.0,-10.0,1.0
HYDROGEL_PACK,2,864200,9990.0,3,9998.0,at_or_below_bid_touch,9992.5,10038.5,True,False,10001.0,9985.0,10002.0,3.0,-13.0,4.0
HYDROGEL_PACK,2,866200,9999.0,3,9991.0,at_or_above_ask_touch,9991.0,10038.5,False,False,9990.0,9985.0,9996.0,-1.0,-6.0,5.0
HYDROGEL_PACK,2,866800,10002.0,6,9994.0,at_or_above_ask_touch,9991.0,10038.5,False,False,9995.0,9985.0,9999.0,1.0,-9.0,5.0
HYDROGEL_PACK,2,866900,10001.0,2,9993.0,at_or_above_ask_touch,9991.0,10038.5,False,False,9997.0,9985.0,10001.0,4.0,-8.0,8.0
HYDROGEL_PACK,2,867500,9992.0,6,10000.0,at_or_below_bid_touch,9988.5,10038.5,False,False,9997.0,9990.5,9996.0,-3.0,-9.5,-4.0
HYDROGEL_PACK,2,869900,9987.0,2,9995.0,at_or_below_bid_touch,9988.5,10038.5,True,False,9989.0,9986.0,10009.0,-6.0,-9.0,14.0
HYDROGEL_PACK,2,870100,10001.0,2,9993.0,at_or_above_ask_touch,9988.5,10038.5,False,False,9991.0,9985.0,10004.0,-2.0,-8.0,11.0
HYDROGEL_PACK,2,870400,9999.0,4,9991.0,at_or_above_ask_touch,9988.5,10038.5,False,False,9985.0,9988.0,10000.0,-6.0,-3.0,9.0
HYDROGEL_PACK,2,876900,9977.0,5,9985.0,at_or_below_bid_touch,9985.0,10036.0,True,False,9978.0,9989.0,9995.0,-7.0,4.0,10.0
HYDROGEL_PACK,2,880800,9993.0,5,9985.0,at_or_above_ask_touch,9978.5,10036.0,False,False,9994.0,9985.0,10003.0,9.0,0.0,18.0
HYDROGEL_PACK,2,890200,9994.0,5,9986.0,at_or_above_ask_touch,9978.0,10030.0,False,False,9986.0,10007.0,10017.0,0.0,21.0,31.0
HYDROGEL_PACK,2,891600,9976.0,6,9983.5,at_or_below_bid_touch,9978.0,10030.0,True,False,9992.0,10012.0,10007.0,8.5,28.5,23.5
HYDROGEL_PACK,2,894900,9993.0,2,9989.0,at_or_above_ask_touch,9978.0,10021.0,False,False,10009.0,10012.0,9991.0,20.0,23.0,2.0
HYDROGEL_PACK,2,899900,10001.0,3,10009.0,at_or_below_bid_touch,9978.0,10021.0,False,False,10012.0,10000.0,9989.0,3.0,-9.0,-20.0
HYDROGEL_PACK,2,902500,10019.0,5,10011.0,at_or_above_ask_touch,9978.0,10021.0,False,False,9999.0,10004.0,9985.0,-12.0,-7.0,-26.0
HYDROGEL_PACK,2,903600,9999.0,4,10007.0,at_or_below_bid_touch,9978.0,10021.0,False,False,10005.0,10001.0,9985.0,-2.0,-6.0,-22.0
HYDROGEL_PACK,2,913200,9992.0,2,10000.0,at_or_below_bid_touch,9978.0,10018.0,False,False,9998.0,10001.0,10009.0,-2.0,1.0,9.0
HYDROGEL_PACK,2,918200,10006.0,5,9998.0,at_or_above_ask_touch,9978.0,10018.0,False,False,10001.0,9989.0,10010.0,3.0,-9.0,12.0
HYDROGEL_PACK,2,921800,10011.0,3,10003.0,at_or_above_ask_touch,9978.0,10018.0,False,False,9996.0,10010.0,10001.0,-7.0,7.0,-2.0
HYDROGEL_PACK,2,923800,10006.0,6,10001.5,at_or_above_ask_touch,9978.0,10018.0,False,False,9985.0,10015.0,9998.0,-16.5,13.5,-3.5
HYDROGEL_PACK,2,927700,9982.0,4,9990.0,at_or_below_bid_touch,9978.0,10018.0,False,False,10016.5,10014.0,9994.0,26.5,24.0,4.0
HYDROGEL_PACK,2,928800,9977.0,6,9985.0,at_or_below_bid_touch,9978.0,10018.0,True,False,10015.0,10008.0,9991.0,30.0,23.0,6.0
HYDROGEL_PACK,2,929600,9987.0,6,9995.0,at_or_below_bid_touch,9978.0,10018.0,False,False,10016.0,10015.0,9988.0,21.0,20.0,-7.0
HYDROGEL_PACK,2,935400,10017.0,3,10025.0,at_or_below_bid_touch,9978.0,10027.0,False,False,10012.0,9997.0,9988.0,-13.0,-28.0,-37.0
HYDROGEL_PACK,2,940100,10025.0,6,10017.0,at_or_above_ask_touch,9978.0,10027.0,False,False,9996.5,9986.0,10012.0,-20.5,-31.0,-5.0
HYDROGEL_PACK,2,940500,10003.0,2,10011.0,at_or_below_bid_touch,9978.0,10027.0,False,False,9994.0,9985.0,10014.0,-17.0,-26.0,3.0
HYDROGEL_PACK,2,941900,10006.0,2,10010.5,at_or_below_bid_touch,9978.0,10027.0,False,False,9992.0,9986.0,10022.0,-18.5,-24.5,11.5
HYDROGEL_PACK,2,944300,9988.0,5,9996.0,at_or_below_bid_touch,9982.5,10027.0,False,False,9981.5,9989.5,10021.0,-14.5,-6.5,25.0
HYDROGEL_PACK,2,947900,9983.0,6,9991.0,at_or_below_bid_touch,9982.5,10027.0,True,False,9983.0,9997.0,10008.0,-8.0,6.0,17.0
HYDROGEL_PACK,2,948400,10002.0,5,9994.0,at_or_above_ask_touch,9982.5,10027.0,False,False,9985.0,10001.0,10016.0,-9.0,7.0,22.0
HYDROGEL_PACK,2,949800,9978.0,6,9986.0,at_or_below_bid_touch,9981.5,10027.0,True,False,9996.0,10018.0,10011.0,10.0,32.0,25.0
HYDROGEL_PACK,2,958400,9993.0,4,10001.0,at_or_below_bid_touch,9975.5,10027.0,False,False,10009.0,10007.0,,8.0,6.0,
HYDROGEL_PACK,2,961700,9990.0,5,9998.0,at_or_below_bid_touch,9975.5,10027.0,False,False,10011.0,10000.0,,13.0,2.0,
HYDROGEL_PACK,2,965500,9998.0,6,10006.0,at_or_below_bid_touch,9975.5,10027.0,False,False,10000.0,10003.0,,-6.0,-3.0,
HYDROGEL_PACK,2,967500,10022.0,4,10014.0,at_or_above_ask_touch,9975.5,10027.0,False,False,9993.0,9997.0,,-21.0,-17.0,
HYDROGEL_PACK,2,968600,10015.0,5,10007.0,at_or_above_ask_touch,9975.5,10027.0,False,False,9998.0,9990.0,,-9.0,-17.0,
HYDROGEL_PACK,2,970300,10006.0,3,9998.0,at_or_above_ask_touch,9975.5,10027.0,False,False,10002.0,9989.0,,4.0,-9.0,
HYDROGEL_PACK,2,976200,9997.0,2,10005.0,at_or_below_bid_touch,9975.5,10027.0,False,False,9997.0,9992.0,,-8.0,-13.0,
HYDROGEL_PACK,2,976800,10005.0,2,9997.0,at_or_above_ask_touch,9975.5,10027.0,False,False,9998.0,9991.0,,1.0,-6.0,
HYDROGEL_PACK,2,978600,9998.0,3,9990.0,at_or_above_ask_touch,9975.5,10027.0,False,False,10000.0,10002.0,,10.0,12.0,
HYDROGEL_PACK,2,978700,10000.0,2,9992.0,at_or_above_ask_touch,9975.5,10027.0,False,False,9997.0,9996.0,,5.0,4.0,
HYDROGEL_PACK,2,982000,10003.0,2,9995.0,at_or_above_ask_touch,9975.5,10027.0,False,False,9991.0,10022.0,,-4.0,27.0,
HYDROGEL_PACK,2,983700,10005.0,2,9997.0,at_or_above_ask_touch,9975.5,10027.0,False,False,9996.0,10028.0,,-1.0,31.0,
HYDROGEL_PACK,2,984200,10009.0,3,10001.0,at_or_above_ask_touch,9975.5,10027.0,False,False,9996.0,10024.0,,-5.0,23.0,
HYDROGEL_PACK,2,984700,9984.0,5,9992.0,at_or_below_bid_touch,9975.5,10027.0,False,False,10007.0,10018.0,,15.0,26.0,
HYDROGEL_PACK,2,992200,10029.0,4,10021.0,at_or_above_ask_touch,9975.5,10026.0,False,True,10014.0,,,-7.0,,
HYDROGEL_PACK,2,993200,10024.0,6,10020.5,at_or_above_ask_touch,9975.5,10026.0,False,False,10013.0,,,-7.5,,
HYDROGEL_PACK,2,994800,10011.0,4,10019.0,at_or_below_bid_touch,9975.5,10032.0,False,False,10011.0,,,-8.0,,
HYDROGEL_PACK,2,996500,10010.0,2,10018.0,at_or_below_bid_touch,9975.5,10032.0,False,False,,,,,,
VELVETFRUIT_EXTRACT,0,2500,5250.0,4,5247.5,at_or_above_ask_touch,5246.0,5250.5,False,True,5237.5,5238.5,5240.5,-10.0,-9.0,-7.0
VELVETFRUIT_EXTRACT,0,5200,5236.0,3,5238.5,at_or_below_bid_touch,5237.5,5250.5,True,False,5232.5,5243.5,5238.5,-6.0,5.0,0.0
VELVETFRUIT_EXTRACT,0,5500,5241.0,8,5238.5,at_or_above_ask_touch,5237.5,5250.5,False,False,5234.5,5243.5,5239.5,-4.0,5.0,1.0
VELVETFRUIT_EXTRACT,0,9300,5229.0,6,5230.0,at_or_below_bid_touch,5230.0,5250.5,True,False,5241.0,5238.5,5244.5,11.0,8.5,14.5
VELVETFRUIT_EXTRACT,0,11900,5237.0,4,5234.5,at_or_above_ask_touch,5230.0,5250.5,False,False,5241.0,5234.0,5239.5,6.5,-0.5,5.0
VELVETFRUIT_EXTRACT,0,14000,5243.0,7,5240.5,at_or_above_ask_touch,5230.0,5250.5,False,False,5236.5,5234.5,5241.5,-4.0,-6.0,1.0
VELVETFRUIT_EXTRACT,0,17000,5239.0,6,5238.0,at_or_above_ask_touch,5230.0,5250.5,False,False,5234.5,5230.0,5238.5,-3.5,-8.0,0.5
VELVETFRUIT_EXTRACT,0,19900,5236.0,7,5238.5,at_or_below_bid_touch,5230.0,5250.5,False,False,5234.5,5229.0,5239.5,-4.0,-9.5,1.0
VELVETFRUIT_EXTRACT,0,20700,5238.0,5,5235.5,at_or_above_ask_touch,5230.0,5250.5,False,False,5231.5,5231.5,5239.5,-4.0,-4.0,4.0
VELVETFRUIT_EXTRACT,0,22500,5234.0,4,5236.5,at_or_below_bid_touch,5230.0,5250.5,False,False,5232.5,5229.5,5243.5,-4.0,-7.0,7.0
VELVETFRUIT_EXTRACT,0,23200,5234.0,4,5235.5,at_or_below_bid_touch,5230.0,5250.5,False,False,5233.5,5231.5,5243.5,-2.0,-4.0,8.0
VELVETFRUIT_EXTRACT,0,26100,5227.0,5,5226.0,at_or_above_ask_touch,5226.0,5250.5,True,False,5229.0,5232.5,5241.0,3.0,6.5,15.0
VELVETFRUIT_EXTRACT,0,27300,5230.0,3,5232.5,at_or_below_bid_touch,5226.0,5250.5,False,False,5228.5,5233.5,5243.0,-4.0,1.0,10.5
VELVETFRUIT_EXTRACT,0,28400,5230.0,8,5233.0,at_or_below_bid_touch,5226.0,5250.5,False,False,5229.5,5232.5,5244.0,-3.5,-0.5,11.0
VELVETFRUIT_EXTRACT,0,29800,5232.0,4,5229.5,at_or_above_ask_touch,5226.0,5250.5,False,False,5231.5,5232.0,5249.5,2.0,2.5,20.0
VELVETFRUIT_EXTRACT,0,33300,5233.0,6,5230.5,at_or_above_ask_touch,5226.0,5250.5,False,False,5233.5,5234.5,5248.0,3.0,4.0,17.5
VELVETFRUIT_EXTRACT,0,36500,5229.0,7,5231.5,at_or_below_bid_touch,5226.0,5250.5,False,False,5231.5,5238.5,5242.5,0.0,7.0,11.0
VELVETFRUIT_EXTRACT,0,36800,5228.0,7,5230.5,at_or_below_bid_touch,5226.0,5250.5,False,False,5230.5,5239.5,5242.5,0.0,9.0,12.0
VELVETFRUIT_EXTRACT,0,37300,5231.0,5,5233.5,at_or_below_bid_touch,5226.0,5250.5,False,False,5232.5,5236.5,5241.5,-1.0,3.0,8.0
VELVETFRUIT_EXTRACT,0,38200,5232.0,5,5234.5,at_or_below_bid_touch,5226.0,5250.5,False,False,5233.5,5234.5,5237.0,-1.0,0.0,2.5
VELVETFRUIT_EXTRACT,0,38400,5235.0,3,5232.5,at_or_above_ask_touch,5226.0,5250.5,False,False,5232.5,5234.0,5236.5,0.0,1.5,4.0
VELVETFRUIT_EXTRACT,0,38700,5236.0,6,5233.5,at_or_above_ask_touch,5226.0,5250.5,False,False,5233.5,5233.5,5238.0,0.0,0.0,4.5
VELVETFRUIT_EXTRACT,0,39900,5230.0,8,5232.5,at_or_below_bid_touch,5226.0,5250.5,False,False,5232.5,5238.5,5234.5,0.0,6.0,2.0
VELVETFRUIT_EXTRACT,0,40500,5232.0,7,5233.5,at_or_below_bid_touch,5226.0,5250.5,False,False,5235.0,5240.5,5235.5,1.5,7.0,2.0
VELVETFRUIT_EXTRACT,0,47900,5234.0,4,5236.5,at_or_below_bid_touch,5226.0,5250.5,False,False,5239.5,5242.5,5235.5,3.0,6.0,-1.0
VELVETFRUIT_EXTRACT,0,54300,5239.0,4,5241.5,at_or_below_bid_touch,5226.0,5243.5,False,False,5244.5,5236.5,5234.0,3.0,-5.0,-7.5
VELVETFRUIT_EXTRACT,0,54900,5240.0,4,5237.5,at_or_above_ask_touch,5226.0,5243.5,False,False,5243.5,5232.5,5232.5,6.0,-5.0,-5.0
VELVETFRUIT_EXTRACT,0,57500,5246.0,4,5243.5,at_or_above_ask_touch,5226.0,5246.5,False,True,5238.0,5235.5,5232.0,-5.5,-8.0,-11.5
VELVETFRUIT_EXTRACT,0,61900,5242.0,5,5239.5,at_or_above_ask_touch,5226.0,5247.0,False,False,5239.5,5241.5,5223.0,0.0,2.0,-16.5
VELVETFRUIT_EXTRACT,0,65600,5238.0,8,5235.5,at_or_above_ask_touch,5226.0,5247.0,False,False,5238.5,5241.5,5218.5,3.0,6.0,-17.0
VELVETFRUIT_EXTRACT,0,69200,5239.0,8,5240.5,at_or_below_bid_touch,5226.0,5247.0,False,False,5245.5,5246.5,5221.5,5.0,6.0,-19.0
VELVETFRUIT_EXTRACT,0,75500,5243.0,6,5240.5,at_or_above_ask_touch,5226.0,5247.0,False,False,5250.5,5240.5,5233.5,10.0,0.0,-7.0
VELVETFRUIT_EXTRACT,0,75800,5240.0,3,5242.5,at_or_below_bid_touch,5226.0,5247.0,False,False,5252.0,5241.0,5236.5,9.5,-1.5,-6.0
VELVETFRUIT_EXTRACT,0,76300,5247.0,8,5244.0,at_or_above_ask_touch,5226.5,5247.0,False,True,5252.5,5241.5,5239.5,8.5,-2.5,-4.5
VELVETFRUIT_EXTRACT,0,79800,5247.0,6,5249.5,at_or_below_bid_touch,5226.5,5250.5,False,False,5243.5,5232.5,5239.0,-6.0,-17.0,-10.5
VELVETFRUIT_EXTRACT,0,85300,5245.0,6,5242.5,at_or_above_ask_touch,5229.5,5255.5,False,False,5236.5,5235.0,5238.0,-6.0,-7.5,-4.5
VELVETFRUIT_EXTRACT,0,85800,5238.0,4,5241.0,at_or_below_bid_touch,5229.5,5255.5,False,False,5235.5,5238.5,5236.5,-5.5,-2.5,-4.5
VELVETFRUIT_EXTRACT,0,86300,5244.0,7,5241.5,at_or_above_ask_touch,5229.5,5255.5,False,False,5236.0,5237.5,5236.5,-5.5,-4.0,-5.0
VELVETFRUIT_EXTRACT,0,86800,5245.0,6,5242.5,at_or_above_ask_touch,5229.5,5255.5,False,False,5232.5,5238.5,5234.5,-10.0,-4.0,-8.0
VELVETFRUIT_EXTRACT,0,89300,5237.0,5,5234.5,at_or_above_ask_touch,5229.5,5255.5,False,False,5233.5,5241.0,5226.5,-1.0,6.5,-8.0
VELVETFRUIT_EXTRACT,0,92600,5232.0,5,5230.5,at_or_above_ask_touch,5229.5,5255.5,False,False,5236.0,5239.0,5233.0,5.5,8.5,2.5
VELVETFRUIT_EXTRACT,0,100000,5240.0,4,5237.5,at_or_above_ask_touch,5229.5,5255.5,False,False,5233.5,5222.0,5228.5,-4.0,-15.5,-9.0
VELVETFRUIT_EXTRACT,0,101800,5241.0,4,5238.5,at_or_above_ask_touch,5229.5,5255.5,False,False,5234.5,5221.5,5232.5,-4.0,-17.0,-6.0
VELVETFRUIT_EXTRACT,0,102600,5236.0,4,5239.0,at_or_below_bid_touch,5229.5,5255.5,False,False,5230.5,5220.5,5235.5,-8.5,-18.5,-3.5
VELVETFRUIT_EXTRACT,0,104800,5235.0,6,5232.0,at_or_above_ask_touch,5229.5,5255.5,False,False,5224.5,5222.5,5240.5,-7.5,-9.5,8.5
VELVETFRUIT_EXTRACT,0,105600,5235.0,12,5234.5,at_or_above_ask_touch,5229.5,5255.5,False,False,5225.5,5218.5,5242.5,-9.0,-16.0,8.0
VELVETFRUIT_EXTRACT,0,110200,5224.0,5,5225.5,at_or_below_bid_touch,5222.0,5255.5,False,False,5221.5,5222.0,5251.5,-4.0,-3.5,26.0
VELVETFRUIT_EXTRACT,0,112900,5224.0,5,5221.5,at_or_above_ask_touch,5220.5,5255.5,False,False,5218.5,5232.5,5251.5,-3.0,11.0,30.0
VELVETFRUIT_EXTRACT,0,117700,5223.0,8,5220.5,at_or_above_ask_touch,5216.5,5255.5,False,False,5231.5,5238.5,5253.0,11.0,18.0,32.5
VELVETFRUIT_EXTRACT,0,120900,5219.0,5,5222.0,at_or_below_bid_touch,5216.5,5255.5,False,False,5237.5,5240.5,5252.5,15.5,18.5,30.5
VELVETFRUIT_EXTRACT,0,123200,5230.0,5,5232.5,at_or_below_bid_touch,5216.5,5255.5,False,False,5241.5,5241.5,5250.5,9.0,9.0,18.0
VELVETFRUIT_EXTRACT,0,127700,5241.0,8,5238.5,at_or_above_ask_touch,5216.5,5255.5,False,False,5244.5,5228.5,5240.5,6.0,-10.0,2.0
VELVETFRUIT_EXTRACT,0,136700,5239.0,3,5236.5,at_or_above_ask_touch,5216.5,5246.0,False,False,5231.5,5228.0,5237.5,-5.0,-8.5,1.0
VELVETFRUIT_EXTRACT,0,140800,5234.0,7,5231.5,at_or_above_ask_touch,5216.5,5246.0,False,False,5227.5,5232.5,5232.5,-4.0,1.0,1.0
VELVETFRUIT_EXTRACT,0,141700,5234.0,6,5231.5,at_or_above_ask_touch,5216.5,5246.0,False,False,5228.0,5232.5,5230.5,-3.5,1.0,-1.0
VELVETFRUIT_EXTRACT,0,142400,5231.0,5,5233.5,at_or_below_bid_touch,5216.5,5246.0,False,False,5224.5,5233.5,5231.5,-9.0,0.0,-2.0
VELVETFRUIT_EXTRACT,0,144100,5227.0,7,5229.5,at_or_below_bid_touch,5216.5,5246.0,False,False,5225.5,5238.5,5228.5,-4.0,9.0,-1.0
VELVETFRUIT_EXTRACT,0,145100,5228.0,5,5227.0,at_or_above_ask_touch,5216.5,5246.0,False,False,5229.5,5241.5,5231.5,2.5,14.5,4.5
VELVETFRUIT_EXTRACT,0,148100,5223.0,3,5225.5,at_or_below_bid_touch,5216.5,5246.0,False,False,5231.5,5245.5,5228.5,6.0,20.0,3.0
VELVETFRUIT_EXTRACT,0,148700,5223.0,8,5225.5,at_or_below_bid_touch,5216.5,5246.0,False,False,5234.5,5245.0,5226.5,9.0,19.5,1.0
VELVETFRUIT_EXTRACT,0,152200,5237.0,3,5234.0,at_or_above_ask_touch,5216.5,5246.0,False,False,5240.5,5251.0,5231.5,6.5,17.0,-2.5
VELVETFRUIT_EXTRACT,0,152400,5231.0,3,5233.5,at_or_below_bid_touch,5216.5,5246.0,False,False,5243.5,5252.5,5232.5,10.0,19.0,-1.0
VELVETFRUIT_EXTRACT,0,156600,5244.0,4,5241.5,at_or_above_ask_touch,5216.5,5246.0,False,False,5249.5,5250.5,5223.5,8.0,9.0,-18.0
VELVETFRUIT_EXTRACT,0,159000,5249.0,6,5246.5,at_or_above_ask_touch,5216.5,5246.5,False,True,5251.5,5250.5,5229.5,5.0,4.0,-17.0
VELVETFRUIT_EXTRACT,0,169400,5253.0,6,5250.5,at_or_above_ask_touch,5219.5,5255.5,False,False,5244.5,5239.5,5227.5,-6.0,-11.0,-23.0
VELVETFRUIT_EXTRACT,0,172800,5252.0,3,5249.0,at_or_above_ask_touch,5224.0,5255.5,False,False,5240.5,5239.5,5226.5,-8.5,-9.5,-22.5
VELVETFRUIT_EXTRACT,0,173200,5253.0,5,5250.5,at_or_above_ask_touch,5224.0,5255.5,False,False,5236.5,5240.5,5229.5,-14.0,-10.0,-21.0
VELVETFRUIT_EXTRACT,0,173900,5245.0,5,5247.5,at_or_below_bid_touch,5224.0,5255.5,False,False,5240.5,5238.5,5227.5,-7.0,-9.0,-20.0
VELVETFRUIT_EXTRACT,0,178300,5239.0,6,5236.5,at_or_above_ask_touch,5224.0,5255.5,False,False,5240.5,5234.5,5235.0,4.0,-2.0,-1.5
VELVETFRUIT_EXTRACT,0,178800,5237.0,5,5239.5,at_or_below_bid_touch,5224.0,5255.5,False,False,5237.5,5234.0,5232.5,-2.0,-5.5,-7.0
VELVETFRUIT_EXTRACT,0,179500,5236.0,3,5238.5,at_or_below_bid_touch,5224.0,5255.5,False,False,5238.5,5235.0,5232.0,0.0,-3.5,-6.5
VELVETFRUIT_EXTRACT,0,195800,5234.0,8,5231.5,at_or_above_ask_touch,5224.0,5255.5,False,False,5232.5,5228.5,5243.5,1.0,-3.0,12.0
VELVETFRUIT_EXTRACT,0,196500,5227.0,7,5229.5,at_or_below_bid_touch,5224.0,5255.5,False,False,5231.5,5224.5,5244.5,2.0,-5.0,15.0
VELVETFRUIT_EXTRACT,0,199300,5233.0,7,5230.0,at_or_above_ask_touch,5224.0,5255.5,False,False,5227.5,5228.5,5247.5,-2.5,-1.5,17.5
VELVETFRUIT_EXTRACT,0,199700,5227.0,4,5229.5,at_or_below_bid_touch,5224.0,5255.5,False,False,5230.5,5228.0,5246.5,1.0,-1.5,17.0
VELVETFRUIT_EXTRACT,0,200700,5235.0,7,5232.5,at_or_above_ask_touch,5224.0,5255.5,False,False,5228.5,5235.5,5246.5,-4.0,3.0,14.0
VELVETFRUIT_EXTRACT,0,201900,5230.0,4,5233.0,at_or_below_bid_touch,5224.0,5255.5,False,False,5226.0,5225.5,5246.5,-7.0,-7.5,13.5
VELVETFRUIT_EXTRACT,0,202500,5233.0,6,5230.5,at_or_above_ask_touch,5224.0,5255.5,False,False,5227.5,5219.5,5249.0,-3.0,-11.0,18.5
VELVETFRUIT_EXTRACT,0,203600,5229.0,10,5228.0,at_or_above_ask_touch,5224.0,5255.5,False,False,5227.5,5220.5,5246.5,-0.5,-7.5,18.5
VELVETFRUIT_EXTRACT,0,209400,5231.0,5,5228.5,at_or_above_ask_touch,5223.5,5255.5,False,False,5220.5,5227.5,5236.5,-8.0,-1.0,8.0
VELVETFRUIT_EXTRACT,0,210700,5238.0,6,5235.5,at_or_above_ask_touch,5223.5,5255.5,False,False,5222.5,5227.5,5236.5,-13.0,-8.0,1.0
VELVETFRUIT_EXTRACT,0,213100,5224.0,6,5221.5,at_or_above_ask_touch,5219.5,5255.5,False,False,5222.5,5229.5,5243.0,1.0,8.0,21.5
VELVETFRUIT_EXTRACT,0,213600,5221.0,13,5220.5,at_or_above_ask_touch,5219.5,5254.5,False,False,5221.5,5228.5,5243.0,1.0,8.0,22.5
VELVETFRUIT_EXTRACT,0,216000,5222.0,3,5224.5,at_or_below_bid_touch,5219.0,5254.5,False,False,5227.5,5231.5,5243.5,3.0,7.0,19.0
VELVETFRUIT_EXTRACT,0,216100,5226.0,4,5223.5,at_or_above_ask_touch,5219.0,5254.5,False,False,5226.5,5232.0,5244.0,3.0,8.5,20.5
VELVETFRUIT_EXTRACT,0,216600,5222.0,7,5224.5,at_or_below_bid_touch,5219.0,5254.5,False,False,5228.5,5231.5,5245.5,4.0,7.0,21.0
VELVETFRUIT_EXTRACT,0,217200,5227.0,4,5224.5,at_or_above_ask_touch,5219.0,5254.5,False,False,5228.5,5232.5,5241.0,4.0,8.0,16.5
VELVETFRUIT_EXTRACT,0,225900,5235.0,5,5232.5,at_or_above_ask_touch,5219.0,5245.0,False,False,5235.5,5233.5,5250.5,3.0,1.0,18.0
VELVETFRUIT_EXTRACT,0,227300,5231.0,13,5230.5,at_or_above_ask_touch,5219.0,5244.5,False,False,5238.5,5227.5,5251.5,8.0,-3.0,21.0
VELVETFRUIT_EXTRACT,0,227800,5239.0,6,5236.5,at_or_above_ask_touch,5219.0,5241.5,False,False,5236.5,5230.5,5250.5,0.0,-6.0,14.0
VELVETFRUIT_EXTRACT,0,229700,5237.0,7,5234.5,at_or_above_ask_touch,5219.0,5241.0,False,False,5241.0,5233.5,5239.5,6.5,-1.0,5.0
VELVETFRUIT_EXTRACT,0,231000,5235.0,8,5234.5,at_or_above_ask_touch,5219.0,5241.0,False,False,5233.5,5232.5,5239.5,-1.0,-2.0,5.0
VELVETFRUIT_EXTRACT,0,232700,5234.0,3,5236.5,at_or_below_bid_touch,5219.0,5241.0,False,False,5230.5,5234.5,5240.5,-6.0,-2.0,4.0
VELVETFRUIT_EXTRACT,0,235900,5231.0,8,5233.5,at_or_below_bid_touch,5219.0,5244.5,False,False,5232.0,5244.5,5237.5,-1.5,11.0,4.0
VELVETFRUIT_EXTRACT,0,238700,5233.0,6,5230.5,at_or_above_ask_touch,5219.0,5244.5,False,False,5241.5,5242.5,5244.5,11.0,12.0,14.0
VELVETFRUIT_EXTRACT,0,239200,5229.0,5,5231.5,at_or_below_bid_touch,5219.0,5244.5,False,False,5241.5,5246.5,5246.5,10.0,15.0,15.0
VELVETFRUIT_EXTRACT,0,242100,5237.0,3,5234.5,at_or_above_ask_touch,5219.0,5244.5,False,False,5244.0,5247.5,5243.5,9.5,13.0,9.0
VELVETFRUIT_EXTRACT,0,248500,5241.0,8,5243.5,at_or_below_bid_touch,5219.0,5246.5,False,False,5248.5,5237.5,5250.5,5.0,-6.0,7.0
VELVETFRUIT_EXTRACT,0,250200,5244.0,7,5247.0,at_or_below_bid_touch,5219.0,5248.0,False,False,5245.5,5238.0,5255.5,-1.5,-9.0,8.5
VELVETFRUIT_EXTRACT,0,251800,5249.0,4,5246.5,at_or_above_ask_touch,5219.0,5248.5,False,True,5239.5,5240.5,5256.5,-7.0,-6.0,10.0
VELVETFRUIT_EXTRACT,0,256100,5243.0,4,5240.5,at_or_above_ask_touch,5219.0,5250.5,False,False,5236.5,5244.0,5250.5,-4.0,3.5,10.0
VELVETFRUIT_EXTRACT,0,257100,5245.0,7,5242.5,at_or_above_ask_touch,5219.0,5250.5,False,False,5242.0,5244.5,5252.5,-0.5,2.0,10.0
VELVETFRUIT_EXTRACT,0,260200,5235.0,3,5238.0,at_or_below_bid_touch,5219.0,5250.5,False,False,5243.5,5247.5,5252.5,5.5,9.5,14.5
VELVETFRUIT_EXTRACT,0,265200,5241.0,8,5243.5,at_or_below_bid_touch,5220.0,5250.5,False,False,5247.5,5246.5,5257.5,4.0,3.0,14.0
VELVETFRUIT_EXTRACT,0,265500,5241.0,6,5243.5,at_or_below_bid_touch,5220.0,5250.5,False,False,5246.5,5247.5,5256.0,3.0,4.0,12.5
VELVETFRUIT_EXTRACT,0,265900,5242.0,8,5244.5,at_or_below_bid_touch,5220.0,5250.5,False,False,5245.0,5250.5,5259.5,0.5,6.0,15.0
VELVETFRUIT_EXTRACT,0,266000,5241.0,8,5243.5,at_or_below_bid_touch,5220.0,5250.5,False,False,5244.5,5249.0,5260.5,1.0,5.5,17.0
VELVETFRUIT_EXTRACT,0,267500,5238.0,8,5240.5,at_or_below_bid_touch,5220.0,5250.5,False,False,5244.5,5249.5,5265.5,4.0,9.0,25.0
VELVETFRUIT_EXTRACT,0,270900,5242.0,8,5245.0,at_or_below_bid_touch,5226.0,5250.5,False,False,5250.5,5240.0,5261.0,5.5,-5.0,16.0
VELVETFRUIT_EXTRACT,0,273700,5251.0,3,5248.5,at_or_above_ask_touch,5227.5,5250.5,False,True,5244.5,5236.5,5257.5,-4.0,-12.0,9.0
VELVETFRUIT_EXTRACT,0,277200,5254.0,6,5251.5,at_or_above_ask_touch,5227.5,5253.0,False,True,5243.5,5234.5,5270.5,-8.0,-17.0,19.0
VELVETFRUIT_EXTRACT,0,280600,5238.0,8,5240.5,at_or_below_bid_touch,5227.5,5253.0,False,False,5236.5,5245.5,5265.5,-4.0,5.0,25.0
VELVETFRUIT_EXTRACT,0,281300,5242.0,8,5240.5,at_or_above_ask_touch,5227.5,5253.0,False,False,5238.5,5241.0,5268.5,-2.0,0.5,28.0
VELVETFRUIT_EXTRACT,0,282600,5243.0,7,5240.5,at_or_above_ask_touch,5227.5,5253.0,False,False,5239.5,5243.5,5267.5,-1.0,3.0,27.0
VELVETFRUIT_EXTRACT,0,286800,5232.0,6,5234.5,at_or_below_bid_touch,5227.5,5253.0,False,False,5242.0,5250.0,5258.0,7.5,15.5,23.5
VELVETFRUIT_EXTRACT,0,289500,5250.0,7,5247.5,at_or_above_ask_touch,5229.5,5253.0,False,False,5243.5,5255.5,5258.5,-4.0,8.0,11.0
VELVETFRUIT_EXTRACT,0,291200,5237.0,7,5239.5,at_or_below_bid_touch,5229.5,5253.0,False,False,5243.5,5254.5,5257.5,4.0,15.0,18.0
VELVETFRUIT_EXTRACT,0,292400,5245.0,6,5242.5,at_or_above_ask_touch,5233.0,5253.0,False,False,5247.5,5257.0,5253.5,5.0,14.5,11.0
VELVETFRUIT_EXTRACT,0,293200,5242.0,7,5244.5,at_or_below_bid_touch,5233.0,5253.0,False,False,5249.0,5258.5,5251.5,4.5,14.0,7.0
VELVETFRUIT_EXTRACT,0,297300,5245.0,3,5248.0,at_or_below_bid_touch,5233.0,5253.0,False,False,5258.5,5252.5,5265.5,10.5,4.5,17.5
VELVETFRUIT_EXTRACT,0,297600,5245.0,8,5247.5,at_or_below_bid_touch,5233.0,5253.0,False,False,5258.0,5252.5,5263.5,10.5,5.0,16.0
VELVETFRUIT_EXTRACT,0,297800,5251.0,5,5248.5,at_or_above_ask_touch,5233.0,5253.0,False,False,5259.5,5254.0,5266.5,11.0,5.5,18.0
VELVETFRUIT_EXTRACT,0,304700,5255.0,4,5252.5,at_or_above_ask_touch,5233.0,5259.5,False,False,5252.5,5260.5,5271.5,0.0,8.0,19.0
VELVETFRUIT_EXTRACT,0,305700,5252.0,8,5254.5,at_or_below_bid_touch,5233.0,5259.5,False,False,5255.0,5257.5,5274.5,0.5,3.0,20.0
VELVETFRUIT_EXTRACT,0,310000,5253.0,3,5255.5,at_or_below_bid_touch,5233.0,5259.5,False,False,5260.0,5268.0,5283.0,4.5,12.5,27.5
VELVETFRUIT_EXTRACT,0,321200,5257.0,10,5256.0,at_or_above_ask_touch,5233.0,5268.0,False,False,5268.5,5268.5,5278.5,12.5,12.5,22.5
VELVETFRUIT_EXTRACT,0,323400,5258.0,12,5257.5,at_or_above_ask_touch,5233.0,5268.0,False,False,5268.5,5266.5,5278.5,11.0,9.0,21.0
VELVETFRUIT_EXTRACT,0,323900,5258.0,7,5257.0,at_or_above_ask_touch,5233.0,5268.0,False,False,5266.5,5264.0,5279.5,9.5,7.0,22.5
VELVETFRUIT_EXTRACT,0,327600,5269.0,3,5271.5,at_or_below_bid_touch,5233.0,5272.5,False,False,5267.5,5260.5,5282.5,-4.0,-11.0,11.0
VELVETFRUIT_EXTRACT,0,329500,5266.0,10,5265.5,at_or_above_ask_touch,5233.0,5272.5,False,False,5262.5,5258.5,5274.0,-3.0,-7.0,8.5
VELVETFRUIT_EXTRACT,0,329700,5265.0,3,5267.5,at_or_below_bid_touch,5233.0,5272.5,False,False,5263.5,5258.5,5273.5,-4.0,-9.0,6.0
VELVETFRUIT_EXTRACT,0,335400,5266.0,8,5263.5,at_or_above_ask_touch,5233.0,5272.5,False,False,5256.5,5252.5,5271.5,-7.0,-11.0,8.0
VELVETFRUIT_EXTRACT,0,338000,5262.0,3,5259.5,at_or_above_ask_touch,5239.0,5272.5,False,False,5252.0,5267.5,5272.5,-7.5,8.0,13.0
VELVETFRUIT_EXTRACT,0,345400,5250.0,8,5252.5,at_or_below_bid_touch,5243.5,5272.5,False,False,5270.5,5273.5,5264.5,18.0,21.0,12.0
VELVETFRUIT_EXTRACT,0,346300,5262.0,8,5259.5,at_or_above_ask_touch,5245.5,5272.5,False,False,5271.5,5271.0,5262.5,12.0,11.5,3.0
VELVETFRUIT_EXTRACT,0,346400,5258.0,3,5260.5,at_or_below_bid_touch,5246.5,5272.5,False,False,5271.5,5270.5,5262.5,11.0,10.0,2.0
VELVETFRUIT_EXTRACT,0,350700,5276.0,6,5273.5,at_or_above_ask_touch,5249.5,5273.5,False,True,5274.5,5279.0,5261.5,1.0,5.5,-12.0
VELVETFRUIT_EXTRACT,0,351100,5271.0,7,5273.5,at_or_below_bid_touch,5249.5,5273.5,False,False,5273.5,5277.5,5261.5,0.0,4.0,-12.0
VELVETFRUIT_EXTRACT,0,352700,5274.0,7,5271.5,at_or_above_ask_touch,5249.5,5277.0,False,False,5273.5,5279.5,5260.5,2.0,8.0,-11.0
VELVETFRUIT_EXTRACT,0,354000,5270.0,3,5272.5,at_or_below_bid_touch,5249.5,5277.0,False,False,5283.0,5277.5,5262.0,10.5,5.0,-10.5
VELVETFRUIT_EXTRACT,0,354400,5271.0,4,5273.5,at_or_below_bid_touch,5249.5,5277.0,False,False,5280.5,5276.5,5264.5,7.0,3.0,-9.0
VELVETFRUIT_EXTRACT,0,359500,5279.0,6,5281.5,at_or_below_bid_touch,5249.5,5283.0,False,False,5276.5,5274.0,5272.5,-5.0,-7.5,-9.0
VELVETFRUIT_EXTRACT,0,366300,5279.0,7,5277.5,at_or_above_ask_touch,5249.5,5284.5,False,False,5278.5,5283.5,5262.5,1.0,6.0,-15.0
VELVETFRUIT_EXTRACT,0,369900,5274.0,8,5276.5,at_or_below_bid_touch,5249.5,5284.5,False,False,5284.5,5272.0,5264.0,8.0,-4.5,-12.5
VELVETFRUIT_EXTRACT,0,372300,5279.0,9,5278.0,at_or_above_ask_touch,5249.5,5284.5,False,False,5284.0,5272.5,5266.5,6.0,-5.5,-11.5
VELVETFRUIT_EXTRACT,0,374900,5287.0,3,5284.5,at_or_above_ask_touch,5249.5,5284.5,False,True,5272.0,5273.5,5264.5,-12.5,-11.0,-20.0
VELVETFRUIT_EXTRACT,0,376500,5287.0,3,5284.5,at_or_above_ask_touch,5249.5,5284.5,False,True,5271.5,5268.0,5262.5,-13.0,-16.5,-22.0
VELVETFRUIT_EXTRACT,0,376700,5286.0,8,5283.5,at_or_above_ask_touch,5249.5,5284.5,False,True,5271.5,5269.5,5262.0,-12.0,-14.0,-21.5
VELVETFRUIT_EXTRACT,0,381200,5269.0,7,5271.5,at_or_below_bid_touch,5249.5,5284.5,False,False,5265.5,5266.5,5253.5,-6.0,-5.0,-18.0
VELVETFRUIT_EXTRACT,0,386500,5271.0,3,5268.0,at_or_above_ask_touch,5249.5,5284.5,False,False,5265.5,5261.5,5247.0,-2.5,-6.5,-21.0
VELVETFRUIT_EXTRACT,0,387500,5275.0,7,5272.5,at_or_above_ask_touch,5249.5,5284.5,False,False,5264.0,5261.5,5250.5,-8.5,-11.0,-22.0
VELVETFRUIT_EXTRACT,0,388000,5275.0,4,5272.5,at_or_above_ask_touch,5249.5,5284.5,False,False,5262.5,5260.0,5245.5,-10.0,-12.5,-27.0
VELVETFRUIT_EXTRACT,0,389600,5271.0,4,5268.5,at_or_above_ask_touch,5249.5,5284.5,False,False,5261.5,5262.5,5243.5,-7.0,-6.0,-25.0
VELVETFRUIT_EXTRACT,0,392600,5266.0,8,5263.5,at_or_above_ask_touch,5249.5,5284.5,False,False,5262.5,5262.5,5244.5,-1.0,-1.0,-19.0
VELVETFRUIT_EXTRACT,0,394200,5261.0,7,5263.5,at_or_below_bid_touch,5249.5,5284.5,False,False,5263.5,5263.5,5249.5,0.0,0.0,-14.0
VELVETFRUIT_EXTRACT,0,395500,5261.0,3,5263.5,at_or_below_bid_touch,5255.5,5284.5,False,False,5261.5,5262.5,5251.5,-2.0,-1.0,-12.0
VELVETFRUIT_EXTRACT,0,396900,5263.0,10,5262.0,at_or_above_ask_touch,5259.5,5284.5,False,False,5265.5,5267.0,5250.5,3.5,5.0,-11.5
VELVETFRUIT_EXTRACT,0,397900,5260.0,6,5263.0,at_or_below_bid_touch,5259.5,5284.5,True,False,5256.5,5271.5,5249.0,-6.5,8.5,-14.0
VELVETFRUIT_EXTRACT,0,399700,5259.0,6,5261.5,at_or_below_bid_touch,5259.5,5284.5,True,False,5262.5,5269.5,5245.5,1.0,8.0,-16.0
VELVETFRUIT_EXTRACT,0,404300,5260.0,8,5263.0,at_or_below_bid_touch,5255.5,5284.5,False,False,5272.5,5264.5,5239.0,9.5,1.5,-24.0
VELVETFRUIT_EXTRACT,0,405800,5260.0,7,5262.5,at_or_below_bid_touch,5255.5,5284.5,False,False,5271.5,5262.5,5243.5,9.0,0.0,-19.0
VELVETFRUIT_EXTRACT,0,407800,5271.0,9,5270.5,at_or_above_ask_touch,5255.5,5284.5,False,False,5271.0,5265.5,5242.5,0.5,-5.0,-28.0
VELVETFRUIT_EXTRACT,0,409600,5269.0,6,5271.5,at_or_below_bid_touch,5255.5,5284.5,False,False,5264.0,5263.5,5235.5,-7.5,-8.0,-36.0
VELVETFRUIT_EXTRACT,0,414800,5266.0,5,5263.5,at_or_above_ask_touch,5255.5,5284.5,False,False,5261.5,5265.0,5233.5,-2.0,1.5,-30.0
VELVETFRUIT_EXTRACT,0,417000,5264.0,9,5263.5,at_or_above_ask_touch,5255.5,5284.5,False,False,5268.5,5260.0,5230.0,5.0,-3.5,-33.5
VELVETFRUIT_EXTRACT,0,419500,5262.0,5,5264.5,at_or_below_bid_touch,5255.5,5284.5,False,False,5267.5,5250.0,5227.5,3.0,-14.5,-37.0
VELVETFRUIT_EXTRACT,0,421200,5270.0,5,5267.0,at_or_above_ask_touch,5255.5,5284.5,False,False,5264.5,5253.5,5229.5,-2.5,-13.5,-37.5
VELVETFRUIT_EXTRACT,0,423100,5264.0,6,5266.5,at_or_below_bid_touch,5255.5,5284.5,False,False,5259.0,5245.5,5233.5,-7.5,-21.0,-33.0
VELVETFRUIT_EXTRACT,0,428200,5256.0,8,5258.5,at_or_below_bid_touch,5255.5,5277.0,True,False,5248.5,5246.5,5234.5,-10.0,-12.0,-24.0
VELVETFRUIT_EXTRACT,0,429700,5249.0,8,5248.0,at_or_above_ask_touch,5248.0,5277.0,True,False,5246.5,5243.5,5239.0,-1.5,-4.5,-9.0
VELVETFRUIT_EXTRACT,0,430800,5252.0,4,5249.5,at_or_above_ask_touch,5248.0,5277.0,False,False,5248.5,5246.0,5244.0,-1.0,-3.5,-5.5
VELVETFRUIT_EXTRACT,0,432000,5249.0,8,5246.5,at_or_above_ask_touch,5246.5,5277.0,False,False,5246.5,5244.0,5246.5,0.0,-2.5,0.0
VELVETFRUIT_EXTRACT,0,433100,5246.0,9,5245.5,at_or_above_ask_touch,5244.5,5276.5,False,False,5246.5,5248.5,5249.5,1.0,3.0,4.0
VELVETFRUIT_EXTRACT,0,433500,5248.0,3,5245.5,at_or_above_ask_touch,5244.5,5274.5,False,False,5244.0,5246.5,5247.5,-1.5,1.0,2.0
VELVETFRUIT_EXTRACT,0,436600,5249.0,8,5246.5,at_or_above_ask_touch,5243.5,5273.5,False,False,5243.5,5250.5,5243.5,-3.0,4.0,-3.0
VELVETFRUIT_EXTRACT,0,437100,5245.0,5,5247.5,at_or_below_bid_touch,5243.5,5273.5,False,False,5245.5,5249.0,5242.5,-2.0,1.5,-5.0
VELVETFRUIT_EXTRACT,0,440100,5248.0,4,5245.5,at_or_above_ask_touch,5243.5,5273.5,False,False,5253.0,5245.0,5238.5,7.5,-0.5,-7.0
VELVETFRUIT_EXTRACT,0,442300,5244.0,7,5247.0,at_or_below_bid_touch,5243.5,5273.5,True,False,5250.5,5238.5,5236.5,3.5,-8.5,-10.5
VELVETFRUIT_EXTRACT,0,448400,5253.0,7,5250.0,at_or_above_ask_touch,5243.5,5273.5,False,False,5238.5,5237.5,5246.5,-11.5,-12.5,-3.5
VELVETFRUIT_EXTRACT,0,450100,5242.0,5,5245.0,at_or_below_bid_touch,5243.5,5273.5,True,False,5244.5,5237.5,5246.5,-0.5,-7.5,1.5
VELVETFRUIT_EXTRACT,0,450300,5246.0,7,5247.0,at_or_below_bid_touch,5243.5,5273.5,False,False,5244.5,5236.0,5246.5,-2.5,-11.0,-0.5
VELVETFRUIT_EXTRACT,0,450500,5243.0,6,5242.0,at_or_above_ask_touch,5242.0,5273.5,True,False,5245.0,5236.0,5243.5,3.0,-6.0,1.5
VELVETFRUIT_EXTRACT,0,452500,5240.0,8,5238.5,at_or_above_ask_touch,5237.5,5273.5,False,False,5238.0,5231.5,5238.5,-0.5,-7.0,0.0
VELVETFRUIT_EXTRACT,0,453900,5237.0,10,5236.0,at_or_above_ask_touch,5236.0,5273.5,True,False,5239.5,5230.5,5240.5,3.5,-5.5,4.5
VELVETFRUIT_EXTRACT,0,454500,5240.0,8,5242.5,at_or_below_bid_touch,5236.0,5273.5,False,False,5236.5,5233.5,5238.5,-6.0,-9.0,-4.0
VELVETFRUIT_EXTRACT,0,455600,5241.0,4,5244.0,at_or_below_bid_touch,5236.0,5273.5,False,False,5234.5,5230.5,5239.5,-9.5,-13.5,-4.5
VELVETFRUIT_EXTRACT,0,456600,5243.0,8,5240.5,at_or_above_ask_touch,5236.0,5273.5,False,False,5229.5,5228.5,5241.5,-11.0,-12.0,1.0
VELVETFRUIT_EXTRACT,0,458100,5237.0,8,5240.0,at_or_below_bid_touch,5236.0,5273.5,True,False,5230.5,5230.5,5232.5,-9.5,-9.5,-7.5
VELVETFRUIT_EXTRACT,0,463300,5227.0,8,5229.5,at_or_below_bid_touch,5227.0,5269.5,True,False,5232.5,5235.5,5224.0,3.0,6.0,-5.5
VELVETFRUIT_EXTRACT,0,463700,5234.0,3,5231.0,at_or_above_ask_touch,5227.0,5269.5,False,False,5229.5,5234.5,5227.5,-1.5,3.5,-3.5
VELVETFRUIT_EXTRACT,0,469900,5233.0,3,5230.0,at_or_above_ask_touch,5227.0,5268.5,False,False,5234.0,5241.5,5245.5,4.0,11.5,15.5
VELVETFRUIT_EXTRACT,0,470500,5232.0,5,5229.5,at_or_above_ask_touch,5227.0,5268.5,False,False,5231.5,5244.5,5246.5,2.0,15.0,17.0
VELVETFRUIT_EXTRACT,0,471100,5231.0,6,5228.5,at_or_above_ask_touch,5227.0,5268.5,False,False,5236.5,5244.5,5249.5,8.0,16.0,21.0
VELVETFRUIT_EXTRACT,0,472600,5233.0,7,5235.5,at_or_below_bid_touch,5227.0,5268.5,False,False,5233.0,5248.0,5252.5,-2.5,12.5,17.0
VELVETFRUIT_EXTRACT,0,472700,5234.0,6,5236.5,at_or_below_bid_touch,5227.0,5268.5,False,False,5232.5,5248.5,5252.5,-4.0,12.0,16.0
VELVETFRUIT_EXTRACT,0,474000,5238.0,7,5235.5,at_or_above_ask_touch,5227.0,5267.5,False,False,5235.5,5246.5,5250.5,0.0,11.0,15.0
VELVETFRUIT_EXTRACT,0,474600,5232.0,9,5231.0,at_or_above_ask_touch,5227.0,5266.5,False,False,5239.5,5243.0,5252.5,8.5,12.0,21.5
VELVETFRUIT_EXTRACT,0,476800,5240.0,8,5237.5,at_or_above_ask_touch,5227.0,5260.5,False,False,5245.5,5244.0,5256.5,8.0,6.5,19.0
VELVETFRUIT_EXTRACT,0,478700,5234.0,3,5236.5,at_or_below_bid_touch,5227.0,5255.0,False,False,5248.0,5241.0,5260.0,11.5,4.5,23.5
VELVETFRUIT_EXTRACT,0,482700,5251.0,7,5248.5,at_or_above_ask_touch,5227.0,5254.5,False,False,5243.0,5237.0,5254.0,-5.5,-11.5,5.5
VELVETFRUIT_EXTRACT,0,483100,5247.0,3,5249.5,at_or_below_bid_touch,5227.0,5254.5,False,False,5243.5,5237.5,5253.5,-6.0,-12.0,4.0
VELVETFRUIT_EXTRACT,0,488600,5244.0,5,5241.0,at_or_above_ask_touch,5227.0,5254.5,False,False,5238.5,5244.5,5241.5,-2.5,3.5,0.5
VELVETFRUIT_EXTRACT,0,491300,5234.0,4,5233.0,at_or_above_ask_touch,5227.0,5254.5,False,False,5243.5,5243.5,5243.5,10.5,10.5,10.5
VELVETFRUIT_EXTRACT,0,491300,5234.0,3,5233.0,at_or_above_ask_touch,5227.0,5254.5,False,False,5243.5,5243.5,5243.5,10.5,10.5,10.5
VELVETFRUIT_EXTRACT,0,491600,5238.0,3,5235.5,at_or_above_ask_touch,5227.0,5254.5,False,False,5244.5,5244.0,5244.5,9.0,8.5,9.0
VELVETFRUIT_EXTRACT,0,493600,5241.0,5,5238.5,at_or_above_ask_touch,5227.0,5254.5,False,False,5244.5,5241.0,5241.5,6.0,2.5,3.0
VELVETFRUIT_EXTRACT,0,494100,5244.0,6,5241.5,at_or_above_ask_touch,5227.0,5254.5,False,False,5248.0,5238.5,5238.5,6.5,-3.0,-3.0
VELVETFRUIT_EXTRACT,0,495200,5242.0,7,5239.5,at_or_above_ask_touch,5227.0,5253.5,False,False,5247.5,5240.5,5237.5,8.0,1.0,-2.0
VELVETFRUIT_EXTRACT,0,499400,5247.0,7,5250.0,at_or_below_bid_touch,5227.0,5250.5,False,False,5238.5,5227.5,5242.5,-11.5,-22.5,-7.5
VELVETFRUIT_EXTRACT,0,501100,5246.0,6,5243.5,at_or_above_ask_touch,5227.0,5250.5,False,False,5243.0,5226.5,5247.5,-0.5,-17.0,4.0
VELVETFRUIT_EXTRACT,0,502700,5243.0,6,5240.5,at_or_above_ask_touch,5227.0,5250.5,False,False,5236.5,5229.5,5245.5,-4.0,-11.0,5.0
VELVETFRUIT_EXTRACT,0,507500,5231.0,6,5234.0,at_or_below_bid_touch,5227.0,5250.5,False,False,5227.5,5233.0,5237.5,-6.5,-1.0,3.5
VELVETFRUIT_EXTRACT,0,512300,5225.0,7,5227.5,at_or_below_bid_touch,5226.5,5250.5,True,False,5232.5,5252.5,5236.5,5.0,25.0,9.0
VELVETFRUIT_EXTRACT,0,513300,5225.0,10,5224.0,at_or_above_ask_touch,5224.0,5250.5,True,False,5237.5,5252.5,5236.5,13.5,28.5,12.5
VELVETFRUIT_EXTRACT,0,513900,5232.0,7,5229.5,at_or_above_ask_touch,5224.0,5250.5,False,False,5241.5,5250.5,5238.0,12.0,21.0,8.5
VELVETFRUIT_EXTRACT,0,515500,5225.0,7,5224.0,at_or_above_ask_touch,5224.0,5250.5,True,False,5246.5,5253.5,5239.5,22.5,29.5,15.5
VELVETFRUIT_EXTRACT,0,515800,5228.0,4,5227.0,at_or_above_ask_touch,5224.0,5250.5,False,False,5247.0,5253.5,5239.5,20.0,26.5,12.5
VELVETFRUIT_EXTRACT,0,518000,5234.0,7,5236.5,at_or_below_bid_touch,5224.0,5250.5,False,False,5253.5,5257.5,5245.5,17.0,21.0,9.0
VELVETFRUIT_EXTRACT,0,519600,5241.0,5,5243.5,at_or_below_bid_touch,5224.0,5250.5,False,False,5252.5,5260.0,5249.5,9.0,16.5,6.0
VELVETFRUIT_EXTRACT,0,520200,5243.0,4,5245.5,at_or_below_bid_touch,5224.0,5250.5,False,False,5254.5,5259.5,5252.0,9.0,14.0,6.5
VELVETFRUIT_EXTRACT,0,521000,5246.0,5,5249.0,at_or_below_bid_touch,5224.0,5250.5,False,False,5254.5,5257.5,5247.5,5.5,8.5,-1.5
VELVETFRUIT_EXTRACT,0,521500,5248.0,4,5251.0,at_or_below_bid_touch,5224.0,5251.0,False,False,5257.5,5257.0,5244.0,6.5,6.0,-7.0
VELVETFRUIT_EXTRACT,0,522400,5249.0,7,5251.5,at_or_below_bid_touch,5224.0,5252.5,False,False,5255.5,5256.5,5247.5,4.0,5.0,-4.0
VELVETFRUIT_EXTRACT,0,523200,5255.0,8,5252.5,at_or_above_ask_touch,5224.0,5255.5,False,True,5258.5,5254.5,5243.5,6.0,2.0,-9.0
VELVETFRUIT_EXTRACT,0,525700,5257.0,8,5255.5,at_or_above_ask_touch,5224.0,5255.5,False,True,5259.5,5254.0,5242.5,4.0,-1.5,-13.0
VELVETFRUIT_EXTRACT,0,530400,5263.0,7,5260.5,at_or_above_ask_touch,5224.0,5260.5,False,True,5253.5,5244.0,5244.5,-7.0,-16.5,-16.0
VELVETFRUIT_EXTRACT,0,531300,5255.0,10,5254.0,at_or_above_ask_touch,5224.0,5260.5,False,False,5250.5,5243.5,5245.5,-3.5,-10.5,-8.5
VELVETFRUIT_EXTRACT,0,535000,5249.0,3,5252.0,at_or_below_bid_touch,5224.0,5260.5,False,False,5243.5,5236.5,5242.5,-8.5,-15.5,-9.5
VELVETFRUIT_EXTRACT,0,535900,5253.0,7,5252.0,at_or_above_ask_touch,5224.0,5260.5,False,False,5245.5,5238.5,5236.5,-6.5,-13.5,-15.5
VELVETFRUIT_EXTRACT,0,537500,5247.0,8,5250.0,at_or_below_bid_touch,5224.0,5260.5,False,False,5245.0,5240.5,5241.0,-5.0,-9.5,-9.0
VELVETFRUIT_EXTRACT,0,540100,5246.0,7,5243.5,at_or_above_ask_touch,5224.0,5260.5,False,False,5238.5,5244.0,5244.5,-5.0,0.5,1.0
VELVETFRUIT_EXTRACT,0,542600,5249.0,7,5246.0,at_or_above_ask_touch,5224.0,5260.5,False,False,5239.0,5246.0,5248.5,-7.0,0.0,2.5
VELVETFRUIT_EXTRACT,0,543200,5241.0,8,5243.5,at_or_below_bid_touch,5224.0,5260.5,False,False,5244.5,5243.5,5246.5,1.0,0.0,3.0
VELVETFRUIT_EXTRACT,0,546200,5243.0,5,5240.5,at_or_above_ask_touch,5224.0,5260.5,False,False,5246.5,5241.5,5249.5,6.0,1.0,9.0
VELVETFRUIT_EXTRACT,0,547100,5240.0,12,5239.0,at_or_above_ask_touch,5224.0,5260.5,False,False,5243.5,5236.5,5247.5,4.5,-2.5,8.5
VELVETFRUIT_EXTRACT,0,547400,5238.0,3,5240.5,at_or_below_bid_touch,5224.0,5260.5,False,False,5246.5,5237.5,5246.5,6.0,-3.0,6.0
VELVETFRUIT_EXTRACT,0,548900,5241.0,3,5240.0,at_or_above_ask_touch,5224.0,5260.5,False,False,5242.5,5235.5,5249.5,2.5,-4.5,9.5
VELVETFRUIT_EXTRACT,0,550400,5243.0,9,5242.0,at_or_above_ask_touch,5224.0,5260.5,False,False,5237.0,5234.5,5246.5,-5.0,-7.5,4.5
VELVETFRUIT_EXTRACT,0,551200,5244.0,4,5246.5,at_or_below_bid_touch,5224.0,5260.5,False,False,5241.5,5237.5,5242.5,-5.0,-9.0,-4.0
VELVETFRUIT_EXTRACT,0,552800,5248.0,7,5245.5,at_or_above_ask_touch,5224.0,5260.5,False,False,5234.5,5237.0,5242.5,-11.0,-8.5,-3.0
VELVETFRUIT_EXTRACT,0,553800,5242.0,15,5241.5,at_or_above_ask_touch,5224.0,5260.5,False,False,5235.5,5238.5,5239.5,-6.0,-3.0,-2.0
VELVETFRUIT_EXTRACT,0,554300,5240.0,3,5242.5,at_or_below_bid_touch,5224.0,5260.5,False,False,5236.0,5239.5,5239.5,-6.5,-3.0,-3.0
VELVETFRUIT_EXTRACT,0,559100,5235.0,7,5236.0,at_or_below_bid_touch,5224.0,5260.5,False,False,5238.5,5250.5,5236.5,2.5,14.5,0.5
VELVETFRUIT_EXTRACT,0,560800,5238.0,4,5235.5,at_or_above_ask_touch,5224.0,5260.5,False,False,5239.5,5246.5,5237.5,4.0,11.0,2.0
VELVETFRUIT_EXTRACT,0,566400,5246.0,6,5243.0,at_or_above_ask_touch,5229.0,5260.5,False,False,5243.0,5240.5,5226.5,0.0,-2.5,-16.5
VELVETFRUIT_EXTRACT,0,568200,5247.0,7,5249.5,at_or_below_bid_touch,5233.5,5260.5,False,False,5243.5,5239.0,5230.5,-6.0,-10.5,-19.0
VELVETFRUIT_EXTRACT,0,569000,5254.0,8,5251.0,at_or_above_ask_touch,5233.5,5260.5,False,False,5242.5,5241.5,5228.5,-8.5,-9.5,-22.5
VELVETFRUIT_EXTRACT,0,571700,5249.0,8,5246.5,at_or_above_ask_touch,5233.5,5260.5,False,False,5239.0,5242.5,5225.5,-7.5,-4.0,-21.0
VELVETFRUIT_EXTRACT,0,574400,5239.0,5,5241.5,at_or_below_bid_touch,5233.5,5260.5,False,False,5242.5,5239.0,5222.0,1.0,-2.5,-19.5
VELVETFRUIT_EXTRACT,0,579000,5244.0,5,5241.5,at_or_above_ask_touch,5233.5,5260.5,False,False,5238.5,5243.5,5222.5,-3.0,2.0,-19.0
VELVETFRUIT_EXTRACT,0,579200,5240.0,4,5242.5,at_or_below_bid_touch,5233.5,5260.5,False,False,5240.5,5242.5,5220.5,-2.0,0.0,-22.0
VELVETFRUIT_EXTRACT,0,579800,5245.0,6,5242.5,at_or_above_ask_touch,5233.5,5260.5,False,False,5240.0,5244.5,5224.5,-2.5,2.0,-18.0
VELVETFRUIT_EXTRACT,0,581000,5241.0,7,5243.5,at_or_below_bid_touch,5233.5,5257.5,False,False,5237.5,5241.0,5225.0,-6.0,-2.5,-18.5
VELVETFRUIT_EXTRACT,0,584300,5237.0,8,5240.0,at_or_below_bid_touch,5233.5,5254.5,False,False,5242.0,5246.5,5228.5,2.0,6.5,-11.5
VELVETFRUIT_EXTRACT,0,585100,5246.0,6,5243.5,at_or_above_ask_touch,5233.5,5254.5,False,False,5244.5,5250.0,5225.5,1.0,6.5,-18.0
VELVETFRUIT_EXTRACT,0,585800,5233.0,6,5236.0,at_or_below_bid_touch,5233.5,5252.5,True,False,5239.5,5249.5,5228.5,3.5,13.5,-7.5
VELVETFRUIT_EXTRACT,0,592500,5248.0,10,5247.0,at_or_above_ask_touch,5233.5,5252.5,False,False,5246.5,5241.5,5229.5,-0.5,-5.5,-17.5
VELVETFRUIT_EXTRACT,0,593200,5249.0,3,5246.5,at_or_above_ask_touch,5233.5,5252.5,False,False,5248.5,5241.5,5231.0,2.0,-5.0,-15.5
VELVETFRUIT_EXTRACT,0,599000,5252.0,3,5249.5,at_or_above_ask_touch,5233.5,5252.5,False,True,5239.5,5235.5,5226.5,-10.0,-14.0,-23.0
VELVETFRUIT_EXTRACT,0,604600,5243.0,7,5240.5,at_or_above_ask_touch,5233.5,5252.5,False,False,5237.5,5228.5,5233.5,-3.0,-12.0,-7.0
VELVETFRUIT_EXTRACT,0,605600,5239.0,5,5236.5,at_or_above_ask_touch,5233.5,5252.5,False,False,5237.5,5227.5,5231.5,1.0,-9.0,-5.0
VELVETFRUIT_EXTRACT,0,606800,5236.0,3,5238.5,at_or_below_bid_touch,5233.5,5252.5,False,False,5236.5,5223.5,5232.5,-2.0,-15.0,-6.0
VELVETFRUIT_EXTRACT,0,608000,5236.0,8,5238.5,at_or_below_bid_touch,5233.5,5252.5,False,False,5235.5,5230.5,5235.5,-3.0,-8.0,-3.0
VELVETFRUIT_EXTRACT,0,618000,5228.0,6,5230.5,at_or_below_bid_touch,5223.5,5252.5,False,False,5221.5,5217.0,5243.5,-9.0,-13.5,13.0
VELVETFRUIT_EXTRACT,0,620400,5224.0,4,5226.5,at_or_below_bid_touch,5223.5,5250.5,True,False,5222.5,5222.5,5239.5,-4.0,-4.0,13.0
VELVETFRUIT_EXTRACT,0,621900,5225.0,8,5222.5,at_or_above_ask_touch,5222.5,5250.5,False,False,5219.5,5220.5,5246.5,-3.0,-2.0,24.0
VELVETFRUIT_EXTRACT,0,622700,5220.0,7,5222.5,at_or_below_bid_touch,5221.5,5250.5,True,False,5217.5,5218.5,5241.5,-5.0,-4.0,19.0
VELVETFRUIT_EXTRACT,0,623300,5218.0,3,5220.5,at_or_below_bid_touch,5220.5,5250.5,True,False,5219.5,5221.5,5241.5,-1.0,1.0,21.0
VELVETFRUIT_EXTRACT,0,624800,5220.0,6,5219.0,at_or_above_ask_touch,5219.0,5250.5,True,False,5224.5,5225.5,5233.5,5.5,6.5,14.5
VELVETFRUIT_EXTRACT,0,629100,5220.0,4,5222.5,at_or_below_bid_touch,5217.0,5250.5,False,False,5228.5,5230.0,5237.5,6.0,7.5,15.0
VELVETFRUIT_EXTRACT,0,635000,5228.0,5,5225.5,at_or_above_ask_touch,5217.0,5250.5,False,False,5231.5,5230.0,5245.0,6.0,4.5,19.5
VELVETFRUIT_EXTRACT,0,636500,5225.0,3,5227.5,at_or_below_bid_touch,5217.0,5250.5,False,False,5229.5,5229.0,5243.0,2.0,1.5,15.5
VELVETFRUIT_EXTRACT,0,637800,5232.0,4,5229.5,at_or_above_ask_touch,5217.0,5250.5,False,False,5229.0,5226.5,5245.5,-0.5,-3.0,16.0
VELVETFRUIT_EXTRACT,0,639800,5233.0,5,5230.5,at_or_above_ask_touch,5217.0,5250.5,False,False,5229.5,5226.5,5245.0,-1.0,-4.0,14.5
VELVETFRUIT_EXTRACT,0,641600,5229.0,8,5231.5,at_or_below_bid_touch,5217.0,5250.5,False,False,5230.0,5233.5,5248.5,-1.5,2.0,17.0
VELVETFRUIT_EXTRACT,0,641800,5233.0,6,5230.5,at_or_above_ask_touch,5217.0,5250.5,False,False,5230.0,5230.5,5246.5,-0.5,0.0,16.0
VELVETFRUIT_EXTRACT,0,642400,5227.0,8,5229.5,at_or_below_bid_touch,5217.0,5250.5,False,False,5227.5,5232.0,5247.5,-2.0,2.5,18.0
VELVETFRUIT_EXTRACT,0,642700,5229.0,13,5228.5,at_or_above_ask_touch,5217.0,5250.5,False,False,5226.5,5231.5,5249.0,-2.0,3.0,20.5
VELVETFRUIT_EXTRACT,0,644700,5233.0,4,5230.5,at_or_above_ask_touch,5217.0,5250.5,False,False,5228.5,5233.0,5248.5,-2.0,2.5,18.0
VELVETFRUIT_EXTRACT,0,645200,5224.0,7,5226.5,at_or_below_bid_touch,5217.0,5250.5,False,False,5231.5,5233.5,5247.0,5.0,7.0,20.5
VELVETFRUIT_EXTRACT,0,646800,5233.0,5,5230.0,at_or_above_ask_touch,5217.0,5249.5,False,False,5230.5,5232.5,5248.5,0.5,2.5,18.5
VELVETFRUIT_EXTRACT,0,648100,5228.0,3,5225.5,at_or_above_ask_touch,5217.0,5249.5,False,False,5233.5,5235.5,5250.0,8.0,10.0,24.5
VELVETFRUIT_EXTRACT,0,650900,5227.0,4,5230.0,at_or_below_bid_touch,5217.0,5245.5,False,False,5231.5,5240.5,5252.0,1.5,10.5,22.0
VELVETFRUIT_EXTRACT,0,655000,5231.0,5,5233.5,at_or_below_bid_touch,5217.0,5240.0,False,False,5239.5,5244.5,5253.5,6.0,11.0,20.0
VELVETFRUIT_EXTRACT,0,663300,5245.0,3,5242.5,at_or_above_ask_touch,5217.0,5247.5,False,False,5242.5,5241.5,5244.5,0.0,-1.0,2.0
VELVETFRUIT_EXTRACT,0,663600,5242.0,5,5243.5,at_or_below_bid_touch,5217.0,5247.5,False,False,5241.5,5241.5,5244.0,-2.0,-2.0,0.5
VELVETFRUIT_EXTRACT,0,668300,5245.0,4,5242.5,at_or_above_ask_touch,5217.0,5247.5,False,False,5241.5,5239.5,5253.5,-1.0,-3.0,11.0
VELVETFRUIT_EXTRACT,0,669000,5238.0,6,5241.0,at_or_below_bid_touch,5217.0,5247.5,False,False,5238.5,5238.0,5252.5,-2.5,-3.0,11.5
VELVETFRUIT_EXTRACT,0,672800,5243.0,4,5240.5,at_or_above_ask_touch,5217.0,5247.5,False,False,5236.0,5237.5,5258.0,-4.5,-3.0,17.5
VELVETFRUIT_EXTRACT,0,676600,5237.0,6,5234.5,at_or_above_ask_touch,5217.0,5247.5,False,False,5238.5,5245.0,5271.0,4.0,10.5,36.5
VELVETFRUIT_EXTRACT,0,678200,5236.0,11,5235.5,at_or_above_ask_touch,5218.5,5247.5,False,False,5238.5,5244.5,5270.5,3.0,9.0,35.0
VELVETFRUIT_EXTRACT,0,679600,5244.0,4,5241.5,at_or_above_ask_touch,5218.5,5247.5,False,False,5241.0,5244.5,5269.5,-0.5,3.0,28.0
VELVETFRUIT_EXTRACT,0,680000,5240.0,9,5239.0,at_or_above_ask_touch,5218.5,5247.5,False,False,5245.0,5248.5,5272.5,6.0,9.5,33.5
VELVETFRUIT_EXTRACT,0,680300,5243.0,7,5240.5,at_or_above_ask_touch,5218.5,5247.5,False,False,5245.5,5250.5,5272.5,5.0,10.0,32.0
VELVETFRUIT_EXTRACT,0,682000,5237.0,4,5239.5,at_or_below_bid_touch,5218.5,5247.5,False,False,5247.5,5246.5,5269.0,8.0,7.0,29.5
VELVETFRUIT_EXTRACT,0,683300,5234.0,3,5236.5,at_or_below_bid_touch,5223.5,5247.5,False,False,5243.5,5247.5,5271.0,7.0,11.0,34.5
VELVETFRUIT_EXTRACT,0,685500,5244.0,5,5243.0,at_or_above_ask_touch,5223.5,5247.5,False,False,5251.5,5249.0,5268.0,8.5,6.0,25.0
VELVETFRUIT_EXTRACT,0,687700,5244.0,9,5243.5,at_or_above_ask_touch,5223.5,5247.5,False,False,5249.0,5249.0,5266.5,5.5,5.5,23.0
VELVETFRUIT_EXTRACT,0,688200,5243.0,5,5244.5,at_or_below_bid_touch,5223.5,5247.5,False,False,5248.5,5251.5,5267.0,4.0,7.0,22.5
VELVETFRUIT_EXTRACT,0,690600,5248.0,13,5247.5,at_or_above_ask_touch,5223.5,5251.5,False,False,5247.0,5250.5,5267.5,-0.5,3.0,20.0
VELVETFRUIT_EXTRACT,0,693500,5249.0,6,5246.0,at_or_above_ask_touch,5223.5,5251.5,False,False,5253.5,5256.5,5267.5,7.5,10.5,21.5
VELVETFRUIT_EXTRACT,0,693900,5251.0,3,5248.5,at_or_above_ask_touch,5223.5,5251.5,False,True,5252.5,5256.5,5269.5,4.0,8.0,21.0
VELVETFRUIT_EXTRACT,0,696200,5251.0,5,5248.5,at_or_above_ask_touch,5223.5,5251.5,False,True,5253.5,5253.5,5271.5,5.0,5.0,23.0
VELVETFRUIT_EXTRACT,0,696300,5251.0,6,5249.5,at_or_above_ask_touch,5223.5,5251.5,False,True,5254.5,5254.5,5270.5,5.0,5.0,21.0
VELVETFRUIT_EXTRACT,0,696800,5251.0,5,5248.5,at_or_above_ask_touch,5223.5,5251.5,False,True,5258.0,5252.5,5272.5,9.5,4.0,24.0
VELVETFRUIT_EXTRACT,0,707600,5253.0,6,5250.5,at_or_above_ask_touch,5232.0,5258.5,False,False,5247.5,5258.5,5268.5,-3.0,8.0,18.0
VELVETFRUIT_EXTRACT,0,708700,5258.0,3,5255.5,at_or_above_ask_touch,5232.0,5258.5,False,True,5245.5,5250.5,5271.5,-10.0,-5.0,16.0
VELVETFRUIT_EXTRACT,0,710400,5252.0,3,5249.5,at_or_above_ask_touch,5232.0,5258.5,False,False,5252.0,5252.5,5260.5,2.5,3.0,11.0
VELVETFRUIT_EXTRACT,0,711900,5251.0,3,5248.5,at_or_above_ask_touch,5232.0,5258.5,False,False,5255.5,5252.5,5257.5,7.0,4.0,9.0
VELVETFRUIT_EXTRACT,0,712900,5250.0,6,5247.0,at_or_above_ask_touch,5232.0,5258.5,False,False,5257.5,5258.5,5255.5,10.5,11.5,8.5
VELVETFRUIT_EXTRACT,0,715500,5249.0,4,5252.0,at_or_below_bid_touch,5232.0,5258.5,False,False,5253.0,5266.5,5262.5,1.0,14.5,10.5
VELVETFRUIT_EXTRACT,0,715600,5249.0,5,5251.5,at_or_below_bid_touch,5232.0,5258.5,False,False,5253.5,5267.5,5262.5,2.0,16.0,11.0
VELVETFRUIT_EXTRACT,0,719300,5250.0,7,5252.5,at_or_below_bid_touch,5232.0,5258.5,False,False,5267.5,5268.5,5257.5,15.0,16.0,5.0
VELVETFRUIT_EXTRACT,0,719900,5250.0,5,5252.5,at_or_below_bid_touch,5232.0,5258.5,False,False,5269.0,5271.5,5261.5,16.5,19.0,9.0
VELVETFRUIT_EXTRACT,0,725000,5266.0,4,5268.5,at_or_below_bid_touch,5232.5,5269.0,False,False,5272.5,5266.5,5260.5,4.0,-2.0,-8.0
VELVETFRUIT_EXTRACT,0,727400,5270.0,6,5269.0,at_or_above_ask_touch,5234.5,5272.5,False,False,5268.0,5267.5,5252.5,-1.0,-1.5,-16.5
VELVETFRUIT_EXTRACT,0,731500,5275.0,7,5272.5,at_or_above_ask_touch,5234.5,5274.0,False,True,5271.5,5270.0,5249.5,-1.0,-2.5,-23.0
VELVETFRUIT_EXTRACT,0,732700,5268.0,8,5270.5,at_or_below_bid_touch,5234.5,5274.0,False,False,5266.5,5266.0,5249.5,-4.0,-4.5,-21.0
VELVETFRUIT_EXTRACT,0,735800,5269.0,3,5270.5,at_or_below_bid_touch,5242.0,5274.0,False,False,5268.5,5270.5,5249.0,-2.0,0.0,-21.5
VELVETFRUIT_EXTRACT,0,741100,5269.0,9,5268.0,at_or_above_ask_touch,5243.0,5274.0,False,False,5271.5,5279.5,5245.0,3.5,11.5,-23.0
VELVETFRUIT_EXTRACT,0,744700,5272.0,6,5270.5,at_or_above_ask_touch,5243.0,5274.0,False,False,5277.5,5270.5,5239.5,7.0,0.0,-31.0
VELVETFRUIT_EXTRACT,0,746600,5269.0,7,5271.5,at_or_below_bid_touch,5243.0,5274.0,False,False,5283.0,5266.5,5236.0,11.5,-5.0,-35.5
VELVETFRUIT_EXTRACT,0,746800,5275.0,4,5272.5,at_or_above_ask_touch,5243.0,5274.0,False,True,5283.5,5266.0,5239.5,11.0,-6.5,-33.0
VELVETFRUIT_EXTRACT,0,748000,5278.0,7,5275.0,at_or_above_ask_touch,5243.0,5275.0,False,True,5276.5,5269.5,5243.5,1.5,-5.5,-31.5
VELVETFRUIT_EXTRACT,0,750300,5279.0,6,5276.5,at_or_above_ask_touch,5243.0,5277.5,False,True,5268.5,5260.0,5251.5,-8.0,-16.5,-25.0
VELVETFRUIT_EXTRACT,0,756100,5270.0,14,5269.0,at_or_above_ask_touch,5243.0,5284.5,False,False,5256.0,5262.0,5252.5,-13.0,-7.0,-16.5
VELVETFRUIT_EXTRACT,0,758600,5275.0,3,5272.0,at_or_above_ask_touch,5243.0,5284.5,False,False,5256.5,5257.0,5242.5,-15.5,-15.0,-29.5
VELVETFRUIT_EXTRACT,0,758800,5273.0,6,5270.5,at_or_above_ask_touch,5243.0,5284.5,False,False,5256.5,5258.5,5240.5,-14.0,-12.0,-30.0
VELVETFRUIT_EXTRACT,0,761600,5259.0,4,5256.0,at_or_above_ask_touch,5243.0,5284.5,False,False,5259.5,5262.5,5248.5,3.5,6.5,-7.5
VELVETFRUIT_EXTRACT,0,764300,5258.0,7,5255.5,at_or_above_ask_touch,5250.0,5284.5,False,False,5257.5,5261.5,5251.5,2.0,6.0,-4.0
VELVETFRUIT_EXTRACT,0,770000,5265.0,3,5262.5,at_or_above_ask_touch,5250.5,5284.5,False,False,5260.5,5250.5,5255.0,-2.0,-12.0,-7.5
VELVETFRUIT_EXTRACT,0,772300,5259.0,10,5258.5,at_or_above_ask_touch,5254.0,5284.5,False,False,5250.5,5251.5,5254.0,-8.0,-7.0,-4.5
VELVETFRUIT_EXTRACT,0,774500,5264.0,8,5261.0,at_or_above_ask_touch,5254.0,5284.5,False,False,5249.5,5246.5,5246.0,-11.5,-14.5,-15.0
VELVETFRUIT_EXTRACT,0,775200,5257.0,3,5259.5,at_or_below_bid_touch,5254.0,5284.5,False,False,5249.5,5247.5,5246.5,-10.0,-12.0,-13.0
VELVETFRUIT_EXTRACT,0,777400,5255.0,4,5252.5,at_or_above_ask_touch,5250.5,5284.5,False,False,5250.5,5246.5,5253.5,-2.0,-6.0,1.0
VELVETFRUIT_EXTRACT,0,781500,5247.0,7,5249.5,at_or_below_bid_touch,5247.5,5284.5,True,False,5252.5,5243.0,5256.0,3.0,-6.5,6.5
VELVETFRUIT_EXTRACT,0,783500,5249.0,7,5246.5,at_or_above_ask_touch,5246.0,5284.5,False,False,5248.0,5243.5,5257.0,1.5,-3.0,10.5
VELVETFRUIT_EXTRACT,0,784600,5244.0,8,5246.5,at_or_below_bid_touch,5244.5,5284.5,True,False,5241.0,5240.5,5253.5,-5.5,-6.0,7.0
VELVETFRUIT_EXTRACT,0,792300,5239.0,5,5241.5,at_or_below_bid_touch,5240.0,5284.5,True,False,5241.5,5250.5,5257.5,0.0,9.0,16.0
VELVETFRUIT_EXTRACT,0,793000,5247.0,6,5244.5,at_or_above_ask_touch,5240.0,5284.5,False,False,5243.5,5249.5,5253.5,-1.0,5.0,9.0
VELVETFRUIT_EXTRACT,0,793900,5241.0,6,5244.0,at_or_below_bid_touch,5240.0,5284.5,True,False,5243.5,5251.0,5250.5,-0.5,7.0,6.5
VELVETFRUIT_EXTRACT,0,796800,5242.0,7,5239.5,at_or_above_ask_touch,5235.5,5284.5,False,False,5250.5,5246.5,5263.5,11.0,7.0,24.0
VELVETFRUIT_EXTRACT,0,797900,5241.0,5,5243.5,at_or_below_bid_touch,5235.5,5284.5,False,False,5249.5,5244.5,5260.0,6.0,1.0,16.5
VELVETFRUIT_EXTRACT,0,798400,5246.0,5,5243.5,at_or_above_ask_touch,5235.5,5284.5,False,False,5247.0,5242.5,5258.0,3.5,-1.0,14.5
VELVETFRUIT_EXTRACT,0,799800,5245.0,6,5248.0,at_or_below_bid_touch,5235.5,5284.5,False,False,5254.5,5245.0,5251.5,6.5,-3.0,3.5
VELVETFRUIT_EXTRACT,0,800600,5247.0,4,5249.5,at_or_below_bid_touch,5235.5,5284.5,False,False,5252.5,5249.5,5252.5,3.0,0.0,3.0
VELVETFRUIT_EXTRACT,0,807100,5244.0,8,5243.5,at_or_above_ask_touch,5235.5,5273.5,False,False,5246.5,5254.5,5256.0,3.0,11.0,12.5
VELVETFRUIT_EXTRACT,0,809500,5242.0,5,5243.5,at_or_below_bid_touch,5235.5,5265.5,False,False,5249.5,5249.5,5253.5,6.0,6.0,10.0
VELVETFRUIT_EXTRACT,0,810600,5247.0,4,5249.5,at_or_below_bid_touch,5235.5,5264.5,False,False,5252.5,5256.5,5253.5,3.0,7.0,4.0
VELVETFRUIT_EXTRACT,0,812700,5250.0,7,5247.5,at_or_above_ask_touch,5235.5,5264.5,False,False,5252.5,5254.0,5249.5,5.0,6.5,2.0
VELVETFRUIT_EXTRACT,0,815500,5249.0,7,5251.5,at_or_below_bid_touch,5235.5,5264.5,False,False,5255.5,5247.5,5253.5,4.0,-4.0,2.0
VELVETFRUIT_EXTRACT,0,816900,5255.0,5,5254.0,at_or_above_ask_touch,5235.5,5264.5,False,False,5254.5,5252.5,5261.0,0.5,-1.5,7.0
VELVETFRUIT_EXTRACT,0,818500,5256.0,3,5253.0,at_or_above_ask_touch,5235.5,5264.5,False,False,5253.5,5255.5,5263.5,0.5,2.5,10.5
VELVETFRUIT_EXTRACT,0,819500,5250.0,14,5249.5,at_or_above_ask_touch,5235.5,5264.5,False,False,5246.0,5262.0,5269.5,-3.5,12.5,20.0
VELVETFRUIT_EXTRACT,0,821700,5256.0,8,5254.5,at_or_above_ask_touch,5235.5,5264.5,False,False,5251.5,5255.5,5263.0,-3.0,1.0,8.5
VELVETFRUIT_EXTRACT,0,822000,5253.0,8,5255.5,at_or_below_bid_touch,5235.5,5264.5,False,False,5254.0,5256.5,5260.0,-1.5,1.0,4.5
VELVETFRUIT_EXTRACT,0,822400,5250.0,8,5252.5,at_or_below_bid_touch,5235.5,5264.5,False,False,5253.5,5256.0,5261.0,1.0,3.5,8.5
VELVETFRUIT_EXTRACT,0,822700,5255.0,10,5254.0,at_or_above_ask_touch,5235.5,5264.5,False,False,5253.0,5256.5,5262.5,-1.0,2.5,8.5
VELVETFRUIT_EXTRACT,0,824700,5249.0,8,5246.5,at_or_above_ask_touch,5235.5,5261.5,False,False,5261.5,5252.5,5259.5,15.0,6.0,13.0
VELVETFRUIT_EXTRACT,0,825200,5244.0,3,5246.5,at_or_below_bid_touch,5235.5,5261.5,False,False,5261.5,5254.5,5259.5,15.0,8.0,13.0
VELVETFRUIT_EXTRACT,0,827000,5257.0,8,5254.0,at_or_above_ask_touch,5235.5,5261.5,False,False,5256.5,5261.5,5256.5,2.5,7.5,2.5
VELVETFRUIT_EXTRACT,0,830900,5254.0,7,5256.5,at_or_below_bid_touch,5235.5,5262.0,False,False,5252.5,5263.0,5255.5,-4.0,6.5,-1.0
VELVETFRUIT_EXTRACT,0,831400,5258.0,8,5256.5,at_or_above_ask_touch,5235.5,5262.0,False,False,5255.5,5256.0,5254.0,-1.0,-0.5,-2.5
VELVETFRUIT_EXTRACT,0,832500,5255.0,14,5254.5,at_or_above_ask_touch,5235.5,5262.0,False,False,5258.5,5255.0,5253.0,4.0,0.5,-1.5
VELVETFRUIT_EXTRACT,0,836300,5252.0,7,5255.0,at_or_below_bid_touch,5235.5,5262.0,False,False,5260.5,5259.0,5253.5,5.5,4.0,-1.5
VELVETFRUIT_EXTRACT,0,838200,5259.0,6,5256.0,at_or_above_ask_touch,5235.5,5262.0,False,False,5252.0,5259.5,5250.0,-4.0,3.5,-6.0
VELVETFRUIT_EXTRACT,0,838500,5255.0,5,5254.0,at_or_above_ask_touch,5235.5,5262.0,False,False,5251.5,5256.5,5250.5,-2.5,2.5,-3.5
VELVETFRUIT_EXTRACT,0,838800,5259.0,5,5256.5,at_or_above_ask_touch,5235.5,5262.0,False,False,5250.5,5254.5,5253.5,-6.0,-2.0,-3.0
VELVETFRUIT_EXTRACT,0,840700,5260.0,13,5259.0,at_or_above_ask_touch,5235.5,5262.0,False,False,5258.5,5253.5,5254.5,-0.5,-5.5,-4.5
VELVETFRUIT_EXTRACT,0,841900,5259.0,3,5256.5,at_or_above_ask_touch,5235.5,5263.0,False,False,5262.5,5256.5,5258.5,6.0,0.0,2.0
VELVETFRUIT_EXTRACT,0,842800,5256.0,8,5253.5,at_or_above_ask_touch,5235.5,5263.0,False,False,5258.5,5250.5,5259.5,5.0,-3.0,6.0
VELVETFRUIT_EXTRACT,0,844000,5254.0,7,5251.0,at_or_above_ask_touch,5235.5,5263.0,False,False,5252.5,5255.5,5253.5,1.5,4.5,2.5
VELVETFRUIT_EXTRACT,0,851700,5252.0,4,5254.5,at_or_below_bid_touch,5240.0,5263.5,False,False,5256.5,5253.0,5253.5,2.0,-1.5,-1.0
VELVETFRUIT_EXTRACT,0,856600,5257.0,10,5258.5,at_or_below_bid_touch,5240.0,5263.5,False,False,5253.5,5259.5,5241.5,-5.0,1.0,-17.0
VELVETFRUIT_EXTRACT,0,861800,5256.0,3,5253.5,at_or_above_ask_touch,5244.0,5263.5,False,False,5257.5,5262.0,5257.5,4.0,8.5,4.0
VELVETFRUIT_EXTRACT,0,863700,5255.0,5,5252.5,at_or_above_ask_touch,5244.0,5263.5,False,False,5263.5,5263.0,5264.5,11.0,10.5,12.0
VELVETFRUIT_EXTRACT,0,864900,5251.0,7,5248.5,at_or_above_ask_touch,5244.0,5263.5,False,False,5268.5,5258.5,5259.5,20.0,10.0,11.0
VELVETFRUIT_EXTRACT,0,866200,5255.0,3,5257.5,at_or_below_bid_touch,5244.0,5263.5,False,False,5263.0,5257.5,5255.5,5.5,0.0,-2.0
VELVETFRUIT_EXTRACT,0,869000,5265.0,5,5267.5,at_or_below_bid_touch,5244.0,5267.5,False,False,5263.5,5259.5,5254.0,-4.0,-8.0,-13.5
VELVETFRUIT_EXTRACT,0,870200,5271.0,6,5268.5,at_or_above_ask_touch,5244.0,5270.0,False,True,5259.5,5256.5,5258.5,-9.0,-12.0,-10.0
VELVETFRUIT_EXTRACT,0,871100,5270.0,4,5267.0,at_or_above_ask_touch,5244.0,5270.0,False,True,5259.5,5253.5,5260.5,-7.5,-13.5,-6.5
VELVETFRUIT_EXTRACT,0,871200,5264.0,9,5263.0,at_or_above_ask_touch,5244.0,5270.0,False,False,5257.5,5254.0,5263.0,-5.5,-9.0,0.0
VELVETFRUIT_EXTRACT,0,878600,5260.0,5,5257.5,at_or_above_ask_touch,5245.5,5270.0,False,False,5250.5,5250.5,5274.5,-7.0,-7.0,17.0
VELVETFRUIT_EXTRACT,0,880800,5258.0,5,5255.5,at_or_above_ask_touch,5245.5,5270.0,False,False,5252.5,5254.0,5265.5,-3.0,-1.5,10.0
VELVETFRUIT_EXTRACT,0,882600,5251.0,10,5250.5,at_or_above_ask_touch,5245.5,5270.0,False,False,5249.5,5259.0,5263.5,-1.0,8.5,13.0
VELVETFRUIT_EXTRACT,0,882800,5248.0,8,5251.0,at_or_below_bid_touch,5245.5,5270.0,False,False,5247.5,5259.5,5263.5,-3.5,8.5,12.5
VELVETFRUIT_EXTRACT,0,885800,5250.0,5,5252.5,at_or_below_bid_touch,5245.5,5270.0,False,False,5254.0,5260.5,5261.5,1.5,8.0,9.0
VELVETFRUIT_EXTRACT,0,886700,5252.0,6,5251.0,at_or_above_ask_touch,5245.5,5270.0,False,False,5258.5,5259.0,5259.0,7.5,8.0,8.0
VELVETFRUIT_EXTRACT,0,891400,5255.0,6,5257.5,at_or_below_bid_touch,5245.5,5270.0,False,False,5260.0,5254.5,5250.0,2.5,-3.0,-7.5
VELVETFRUIT_EXTRACT,0,893500,5254.0,3,5256.5,at_or_below_bid_touch,5245.5,5270.0,False,False,5261.5,5245.5,5250.0,5.0,-11.0,-6.5
VELVETFRUIT_EXTRACT,0,893800,5253.0,5,5252.0,at_or_above_ask_touch,5245.5,5270.0,False,False,5262.5,5244.5,5250.5,10.5,-7.5,-1.5
VELVETFRUIT_EXTRACT,0,895100,5255.0,5,5254.0,at_or_above_ask_touch,5245.5,5270.0,False,False,5256.0,5238.5,5246.5,2.0,-15.5,-7.5
VELVETFRUIT_EXTRACT,0,898300,5259.0,8,5260.5,at_or_below_bid_touch,5245.5,5270.0,False,False,5246.0,5246.5,5244.5,-14.5,-14.0,-16.0
VELVETFRUIT_EXTRACT,0,904700,5239.0,7,5241.5,at_or_below_bid_touch,5240.0,5270.0,True,False,5246.0,5258.0,5232.5,4.5,16.5,-9.0
VELVETFRUIT_EXTRACT,0,908800,5243.0,7,5246.0,at_or_below_bid_touch,5238.5,5270.0,False,False,5262.5,5254.0,5232.5,16.5,8.0,-13.5
VELVETFRUIT_EXTRACT,0,909100,5243.0,3,5245.5,at_or_below_bid_touch,5238.5,5270.0,False,False,5262.0,5254.0,5232.5,16.5,8.5,-13.0
VELVETFRUIT_EXTRACT,0,910400,5247.0,5,5249.5,at_or_below_bid_touch,5238.5,5270.0,False,False,5257.5,5257.5,5234.5,8.0,8.0,-15.0
VELVETFRUIT_EXTRACT,0,912800,5259.0,5,5261.5,at_or_below_bid_touch,5238.5,5270.0,False,False,5253.5,5266.5,5234.5,-8.0,5.0,-27.0
VELVETFRUIT_EXTRACT,0,913400,5267.0,5,5264.5,at_or_above_ask_touch,5238.5,5270.0,False,False,5251.5,5268.5,5237.5,-13.0,4.0,-27.0
VELVETFRUIT_EXTRACT,0,913800,5260.0,7,5262.5,at_or_below_bid_touch,5238.5,5270.0,False,False,5254.0,5270.5,5239.5,-8.5,8.0,-23.0
VELVETFRUIT_EXTRACT,0,914400,5256.0,7,5258.5,at_or_below_bid_touch,5238.5,5270.0,False,False,5255.5,5274.5,5240.5,-3.0,16.0,-18.0
VELVETFRUIT_EXTRACT,0,915000,5257.0,7,5259.5,at_or_below_bid_touch,5238.5,5270.0,False,False,5257.5,5276.5,5241.5,-2.0,17.0,-18.0
VELVETFRUIT_EXTRACT,0,916300,5259.0,6,5256.5,at_or_above_ask_touch,5238.5,5270.0,False,False,5262.0,5273.5,5239.0,5.5,17.0,-17.5
VELVETFRUIT_EXTRACT,0,917000,5259.0,4,5256.5,at_or_above_ask_touch,5238.5,5270.0,False,False,5262.5,5276.0,5236.0,6.0,19.5,-20.5
VELVETFRUIT_EXTRACT,0,920500,5255.0,8,5257.5,at_or_below_bid_touch,5238.5,5269.5,False,False,5274.0,5268.5,5225.5,16.5,11.0,-32.0
VELVETFRUIT_EXTRACT,0,920600,5254.0,7,5256.5,at_or_below_bid_touch,5238.5,5268.5,False,False,5272.0,5267.5,5225.0,15.5,11.0,-31.5
VELVETFRUIT_EXTRACT,0,922000,5260.0,6,5262.5,at_or_below_bid_touch,5238.5,5265.5,False,False,5276.0,5264.5,5228.5,13.5,2.0,-34.0
VELVETFRUIT_EXTRACT,0,925100,5279.0,4,5276.5,at_or_above_ask_touch,5238.5,5276.5,False,True,5270.5,5261.5,5233.0,-6.0,-15.0,-43.5
VELVETFRUIT_EXTRACT,0,925200,5279.0,4,5276.0,at_or_above_ask_touch,5238.5,5276.5,False,True,5268.5,5260.0,5234.0,-7.5,-16.0,-42.0
VELVETFRUIT_EXTRACT,0,925600,5273.0,6,5272.0,at_or_above_ask_touch,5238.5,5276.5,False,False,5267.5,5261.5,5233.5,-4.5,-10.5,-38.5
VELVETFRUIT_EXTRACT,0,928800,5273.0,5,5275.5,at_or_below_bid_touch,5238.5,5278.0,False,False,5262.0,5257.0,5239.5,-13.5,-18.5,-36.0
VELVETFRUIT_EXTRACT,0,930900,5264.0,6,5266.5,at_or_below_bid_touch,5238.5,5278.0,False,False,5263.5,5250.5,5245.5,-3.0,-16.0,-21.0
VELVETFRUIT_EXTRACT,0,932600,5262.0,8,5263.5,at_or_below_bid_touch,5238.5,5278.0,False,False,5260.5,5248.5,5244.5,-3.0,-15.0,-19.0
VELVETFRUIT_EXTRACT,0,933200,5266.0,4,5263.5,at_or_above_ask_touch,5238.5,5278.0,False,False,5259.0,5250.0,5242.5,-4.5,-13.5,-21.0
VELVETFRUIT_EXTRACT,0,935100,5259.0,4,5261.5,at_or_below_bid_touch,5238.5,5278.0,False,False,5253.5,5246.5,5242.5,-8.0,-15.0,-19.0
VELVETFRUIT_EXTRACT,0,936200,5257.0,7,5260.0,at_or_below_bid_touch,5238.5,5278.0,False,False,5250.5,5246.5,5242.5,-9.5,-13.5,-17.5
VELVETFRUIT_EXTRACT,0,937400,5265.0,3,5262.5,at_or_above_ask_touch,5238.5,5278.0,False,False,5248.5,5242.5,5248.5,-14.0,-20.0,-14.0
VELVETFRUIT_EXTRACT,0,937600,5258.0,3,5260.5,at_or_below_bid_touch,5238.5,5278.0,False,False,5248.5,5244.5,5247.0,-12.0,-16.0,-13.5
VELVETFRUIT_EXTRACT,0,938300,5254.0,4,5257.0,at_or_below_bid_touch,5238.5,5278.0,False,False,5249.5,5244.5,5245.5,-7.5,-12.5,-11.5
VELVETFRUIT_EXTRACT,0,938600,5254.0,6,5256.5,at_or_below_bid_touch,5238.5,5278.0,False,False,5250.5,5243.5,5246.5,-6.0,-13.0,-10.0
VELVETFRUIT_EXTRACT,0,939400,5255.0,8,5252.5,at_or_above_ask_touch,5238.5,5278.0,False,False,5249.5,5243.0,5246.5,-3.0,-9.5,-6.0
VELVETFRUIT_EXTRACT,0,947500,5242.0,8,5241.0,at_or_above_ask_touch,5238.5,5278.0,False,False,5240.5,5229.5,5246.5,-0.5,-11.5,5.5
VELVETFRUIT_EXTRACT,0,949500,5246.0,6,5243.5,at_or_above_ask_touch,5238.5,5278.0,False,False,5233.5,5232.5,5244.5,-10.0,-11.0,1.0
VELVETFRUIT_EXTRACT,0,951600,5236.0,5,5238.5,at_or_below_bid_touch,5237.5,5278.0,True,False,5228.5,5235.5,,-10.0,-3.0,
VELVETFRUIT_EXTRACT,0,952000,5242.0,7,5239.5,at_or_above_ask_touch,5237.5,5278.0,False,False,5226.5,5236.0,,-13.0,-3.5,
VELVETFRUIT_EXTRACT,0,954600,5235.0,3,5232.5,at_or_above_ask_touch,5231.5,5278.0,False,False,5230.5,5242.5,,-2.0,10.0,
VELVETFRUIT_EXTRACT,0,955100,5226.0,8,5229.0,at_or_below_bid_touch,5228.5,5278.0,True,False,5233.5,5240.5,,4.5,11.5,
VELVETFRUIT_EXTRACT,0,958900,5228.0,7,5230.5,at_or_below_bid_touch,5226.5,5278.0,False,False,5240.5,5230.5,,10.0,0.0,
VELVETFRUIT_EXTRACT,0,960600,5231.0,5,5233.5,at_or_below_bid_touch,5226.5,5278.0,False,False,5237.0,5225.0,,3.5,-8.5,
VELVETFRUIT_EXTRACT,0,961200,5230.0,8,5233.0,at_or_below_bid_touch,5226.5,5278.0,False,False,5238.5,5226.0,,5.5,-7.0,
VELVETFRUIT_EXTRACT,0,963500,5236.0,3,5238.5,at_or_below_bid_touch,5226.5,5278.0,False,False,5231.5,5233.5,,-7.0,-5.0,
VELVETFRUIT_EXTRACT,0,965600,5238.0,8,5237.0,at_or_above_ask_touch,5226.5,5278.0,False,False,5225.0,5233.5,,-12.0,-3.5,
VELVETFRUIT_EXTRACT,0,968200,5232.0,6,5234.5,at_or_below_bid_touch,5226.5,5278.0,False,False,5232.5,5236.5,,-2.0,2.0,
VELVETFRUIT_EXTRACT,0,969800,5232.0,8,5229.5,at_or_above_ask_touch,5226.5,5278.0,False,False,5231.5,5240.0,,2.0,10.5,
VELVETFRUIT_EXTRACT,0,971300,5229.0,3,5226.0,at_or_above_ask_touch,5224.5,5278.0,False,False,5235.5,5243.5,,9.5,17.5,
VELVETFRUIT_EXTRACT,0,971600,5225.0,7,5227.5,at_or_below_bid_touch,5224.5,5278.0,True,False,5234.0,5244.5,,6.5,17.0,
VELVETFRUIT_EXTRACT,0,976600,5231.0,7,5234.0,at_or_below_bid_touch,5224.5,5278.0,False,False,5244.5,5244.0,,10.5,10.0,
VELVETFRUIT_EXTRACT,0,978300,5241.0,5,5238.5,at_or_above_ask_touch,5224.5,5276.5,False,False,5242.5,5245.5,,4.0,7.0,
VELVETFRUIT_EXTRACT,0,980400,5239.0,8,5241.5,at_or_below_bid_touch,5224.5,5268.5,False,False,5243.0,5244.5,,1.5,3.0,
VELVETFRUIT_EXTRACT,0,984900,5239.0,4,5241.5,at_or_below_bid_touch,5224.5,5263.5,False,False,5243.5,5248.5,,2.0,7.0,
VELVETFRUIT_EXTRACT,0,985800,5239.0,5,5241.5,at_or_below_bid_touch,5224.5,5263.5,False,False,5243.0,5242.5,,1.5,1.0,
VELVETFRUIT_EXTRACT,0,986900,5250.0,8,5247.5,at_or_above_ask_touch,5224.5,5262.5,False,False,5243.5,5242.0,,-4.0,-5.5,
VELVETFRUIT_EXTRACT,0,989200,5247.0,8,5244.5,at_or_above_ask_touch,5224.5,5253.5,False,False,5243.5,5242.0,,-1.0,-2.5,
VELVETFRUIT_EXTRACT,0,989900,5241.0,4,5243.5,at_or_below_bid_touch,5224.5,5253.5,False,False,5248.5,5244.0,,5.0,0.5,
VELVETFRUIT_EXTRACT,0,991100,5244.0,13,5243.5,at_or_above_ask_touch,5224.5,5251.5,False,False,5242.5,,,-1.0,,
VELVETFRUIT_EXTRACT,1,6100,5255.0,3,5252.5,at_or_above_ask_touch,5245.0,5254.5,False,True,5244.5,5231.5,5245.5,-8.0,-21.0,-7.0
VELVETFRUIT_EXTRACT,1,9400,5244.0,8,5243.5,at_or_above_ask_touch,5243.5,5254.5,True,False,5233.5,5228.5,5247.0,-10.0,-15.0,3.5
VELVETFRUIT_EXTRACT,1,10400,5240.0,12,5239.5,at_or_above_ask_touch,5239.5,5254.5,True,False,5233.5,5228.5,5248.5,-6.0,-11.0,9.0
VELVETFRUIT_EXTRACT,1,14300,5238.0,6,5235.5,at_or_above_ask_touch,5235.5,5254.5,False,False,5228.5,5234.5,5242.5,-7.0,-1.0,7.0
VELVETFRUIT_EXTRACT,1,14800,5232.0,6,5234.5,at_or_below_bid_touch,5233.5,5254.5,True,False,5228.5,5233.5,5242.5,-6.0,-1.0,8.0
VELVETFRUIT_EXTRACT,1,17400,5230.0,8,5229.0,at_or_above_ask_touch,5229.0,5254.5,True,False,5229.5,5236.5,5248.5,0.5,7.5,19.5
VELVETFRUIT_EXTRACT,1,19300,5226.0,5,5228.5,at_or_below_bid_touch,5227.0,5254.5,True,False,5234.5,5239.5,5245.5,6.0,11.0,17.0
VELVETFRUIT_EXTRACT,1,20200,5224.0,5,5226.5,at_or_below_bid_touch,5226.5,5254.5,True,False,5231.5,5237.5,5241.5,5.0,11.0,15.0
VELVETFRUIT_EXTRACT,1,29300,5237.0,4,5239.5,at_or_below_bid_touch,5226.0,5254.5,False,False,5234.5,5234.5,5239.5,-5.0,-5.0,0.0
VELVETFRUIT_EXTRACT,1,31700,5237.0,4,5234.5,at_or_above_ask_touch,5226.0,5254.5,False,False,5233.0,5228.0,5237.0,-1.5,-6.5,2.5
VELVETFRUIT_EXTRACT,1,32600,5240.0,5,5237.5,at_or_above_ask_touch,5226.0,5254.5,False,False,5232.0,5230.5,5237.5,-5.5,-7.0,0.0
VELVETFRUIT_EXTRACT,1,32800,5238.0,7,5237.0,at_or_above_ask_touch,5226.0,5254.5,False,False,5231.5,5231.5,5235.5,-5.5,-5.5,-1.5
VELVETFRUIT_EXTRACT,1,36500,5232.0,7,5233.5,at_or_below_bid_touch,5226.0,5254.5,False,False,5228.5,5246.5,5236.5,-5.0,13.0,3.0
VELVETFRUIT_EXTRACT,1,38700,5228.0,8,5231.0,at_or_below_bid_touch,5226.0,5254.5,False,False,5232.5,5245.5,5242.0,1.5,14.5,11.0
VELVETFRUIT_EXTRACT,1,39400,5234.0,5,5232.5,at_or_above_ask_touch,5226.0,5254.5,False,False,5239.5,5243.5,5242.5,7.0,11.0,10.0
VELVETFRUIT_EXTRACT,1,39400,5233.0,9,5232.5,at_or_above_ask_touch,5226.0,5254.5,False,False,5239.5,5243.5,5242.5,7.0,11.0,10.0
VELVETFRUIT_EXTRACT,1,39800,5232.0,4,5235.0,at_or_below_bid_touch,5226.0,5254.5,False,False,5243.5,5246.5,5243.5,8.5,11.5,8.5
VELVETFRUIT_EXTRACT,1,43600,5229.0,4,5231.5,at_or_below_bid_touch,5226.0,5254.5,False,False,5245.5,5243.5,5243.5,14.0,12.0,12.0
VELVETFRUIT_EXTRACT,1,45400,5241.0,8,5240.0,at_or_above_ask_touch,5226.0,5254.5,False,False,5246.5,5247.5,5244.5,6.5,7.5,4.5
VELVETFRUIT_EXTRACT,1,47700,5243.0,4,5244.0,at_or_below_bid_touch,5226.0,5254.5,False,False,5246.0,5247.5,5243.0,2.0,3.5,-1.0
VELVETFRUIT_EXTRACT,1,48900,5241.0,6,5243.5,at_or_below_bid_touch,5226.0,5254.5,False,False,5244.5,5245.5,5246.5,1.0,2.0,3.0
VELVETFRUIT_EXTRACT,1,49800,5244.0,3,5246.5,at_or_below_bid_touch,5226.0,5254.5,False,False,5244.5,5247.0,5247.5,-2.0,0.5,1.0
VELVETFRUIT_EXTRACT,1,51700,5243.0,4,5245.5,at_or_below_bid_touch,5226.0,5254.5,False,False,5246.0,5245.5,5248.5,0.5,0.0,3.0
VELVETFRUIT_EXTRACT,1,59600,5244.0,4,5246.5,at_or_below_bid_touch,5226.0,5248.5,False,False,5242.5,5244.5,5270.5,-4.0,-2.0,24.0
VELVETFRUIT_EXTRACT,1,60300,5245.0,5,5247.5,at_or_below_bid_touch,5226.0,5248.5,False,False,5243.5,5242.5,5267.5,-4.0,-5.0,20.0
VELVETFRUIT_EXTRACT,1,62100,5243.0,6,5245.5,at_or_below_bid_touch,5226.0,5248.5,False,False,5245.0,5243.5,5263.5,-0.5,-2.0,18.0
VELVETFRUIT_EXTRACT,1,63200,5240.0,8,5242.5,at_or_below_bid_touch,5226.0,5248.5,False,False,5246.5,5237.5,5260.0,4.0,-5.0,17.5
VELVETFRUIT_EXTRACT,1,64200,5245.0,6,5242.5,at_or_above_ask_touch,5226.0,5248.5,False,False,5244.5,5237.0,5264.5,2.0,-5.5,22.0
VELVETFRUIT_EXTRACT,1,65700,5240.0,8,5242.5,at_or_below_bid_touch,5226.0,5248.5,False,False,5242.0,5237.5,5256.5,-0.5,-5.0,14.0
VELVETFRUIT_EXTRACT,1,67700,5250.0,4,5248.5,at_or_above_ask_touch,5226.0,5248.5,False,True,5238.0,5237.5,5257.5,-10.5,-11.0,9.0
VELVETFRUIT_EXTRACT,1,73400,5237.0,8,5235.5,at_or_above_ask_touch,5226.0,5248.5,False,False,5237.0,5235.5,5264.5,1.5,0.0,29.0
VELVETFRUIT_EXTRACT,1,73400,5236.0,6,5235.5,at_or_above_ask_touch,5226.0,5248.5,False,False,5237.0,5235.5,5264.5,1.5,0.0,29.0
VELVETFRUIT_EXTRACT,1,74300,5238.0,6,5235.5,at_or_above_ask_touch,5226.0,5248.5,False,False,5239.5,5232.5,5262.0,4.0,-3.0,26.5
VELVETFRUIT_EXTRACT,1,74400,5235.0,4,5237.5,at_or_below_bid_touch,5226.0,5248.5,False,False,5239.5,5232.5,5261.5,2.0,-5.0,24.0
VELVETFRUIT_EXTRACT,1,77300,5241.0,8,5238.5,at_or_above_ask_touch,5226.0,5248.5,False,False,5237.5,5239.5,5264.5,-1.0,1.0,26.0
VELVETFRUIT_EXTRACT,1,78400,5238.0,7,5237.0,at_or_above_ask_touch,5226.0,5248.5,False,False,5235.5,5242.5,5263.5,-1.5,5.5,26.5
VELVETFRUIT_EXTRACT,1,82300,5235.0,3,5237.5,at_or_below_bid_touch,5226.0,5248.5,False,False,5239.5,5242.5,5264.0,2.0,5.0,26.5
VELVETFRUIT_EXTRACT,1,83200,5237.0,7,5234.0,at_or_above_ask_touch,5226.0,5248.5,False,False,5239.0,5244.5,5263.5,5.0,10.5,29.5
VELVETFRUIT_EXTRACT,1,84600,5233.0,8,5232.0,at_or_above_ask_touch,5226.0,5248.5,False,False,5242.5,5244.5,5261.5,10.5,12.5,29.5
VELVETFRUIT_EXTRACT,1,87900,5239.0,3,5241.5,at_or_below_bid_touch,5226.0,5248.5,False,False,5242.5,5242.5,5257.5,1.0,1.0,16.0
VELVETFRUIT_EXTRACT,1,88500,5242.0,6,5241.0,at_or_above_ask_touch,5226.0,5248.5,False,False,5243.0,5245.5,5257.5,2.0,4.5,16.5
VELVETFRUIT_EXTRACT,1,91100,5244.0,6,5241.5,at_or_above_ask_touch,5226.0,5248.5,False,False,5241.5,5248.5,5258.5,0.0,7.0,17.0
VELVETFRUIT_EXTRACT,1,92000,5243.0,8,5240.5,at_or_above_ask_touch,5229.5,5248.5,False,False,5243.5,5244.0,5259.5,3.0,3.5,19.0
VELVETFRUIT_EXTRACT,1,93700,5246.0,6,5243.5,at_or_above_ask_touch,5230.5,5248.5,False,False,5245.5,5246.5,5264.0,2.0,3.0,20.5
VELVETFRUIT_EXTRACT,1,93800,5246.0,7,5243.5,at_or_above_ask_touch,5230.5,5248.5,False,False,5246.5,5247.5,5264.0,3.0,4.0,20.5
VELVETFRUIT_EXTRACT,1,100500,5248.0,4,5245.5,at_or_above_ask_touch,5230.5,5248.5,False,True,5256.5,5267.5,5265.5,11.0,22.0,20.0
VELVETFRUIT_EXTRACT,1,104400,5252.0,6,5249.5,at_or_above_ask_touch,5230.5,5250.5,False,True,5268.5,5265.5,5254.5,19.0,16.0,5.0
VELVETFRUIT_EXTRACT,1,107900,5267.0,3,5264.0,at_or_above_ask_touch,5230.5,5264.0,False,True,5260.5,5257.5,5255.0,-3.5,-6.5,-9.0
VELVETFRUIT_EXTRACT,1,109000,5265.0,12,5264.5,at_or_above_ask_touch,5230.5,5266.5,False,False,5264.5,5257.5,5254.5,0.0,-7.0,-10.0
VELVETFRUIT_EXTRACT,1,110100,5265.0,4,5267.5,at_or_below_bid_touch,5230.5,5271.5,False,False,5261.5,5258.5,5252.5,-6.0,-9.0,-15.0
VELVETFRUIT_EXTRACT,1,112000,5260.0,3,5262.5,at_or_below_bid_touch,5230.5,5271.5,False,False,5254.5,5263.5,5254.5,-8.0,1.0,-8.0
VELVETFRUIT_EXTRACT,1,118800,5257.0,3,5259.5,at_or_below_bid_touch,5230.5,5271.5,False,False,5264.5,5264.5,5249.5,5.0,5.0,-10.0
VELVETFRUIT_EXTRACT,1,123300,5262.0,7,5264.5,at_or_below_bid_touch,5230.5,5271.5,False,False,5264.5,5264.0,5249.0,0.0,-0.5,-15.5
VELVETFRUIT_EXTRACT,1,125600,5265.0,3,5262.5,at_or_above_ask_touch,5230.5,5271.5,False,False,5262.0,5260.5,5246.5,-0.5,-2.0,-16.0
VELVETFRUIT_EXTRACT,1,131300,5265.0,5,5266.5,at_or_below_bid_touch,5230.5,5271.5,False,False,5263.5,5258.5,5247.5,-3.0,-8.0,-19.0
VELVETFRUIT_EXTRACT,1,131800,5261.0,5,5264.0,at_or_below_bid_touch,5230.5,5271.5,False,False,5263.5,5259.5,5244.5,-0.5,-4.5,-19.5
VELVETFRUIT_EXTRACT,1,132600,5263.0,10,5262.0,at_or_above_ask_touch,5230.5,5271.5,False,False,5259.0,5262.5,5246.5,-3.0,0.5,-15.5
VELVETFRUIT_EXTRACT,1,134000,5264.0,8,5266.5,at_or_below_bid_touch,5230.5,5271.5,False,False,5258.5,5262.0,5242.5,-8.0,-4.5,-24.0
VELVETFRUIT_EXTRACT,1,135200,5264.0,8,5261.0,at_or_above_ask_touch,5234.5,5271.5,False,False,5257.5,5260.5,5241.5,-3.5,-0.5,-19.5
VELVETFRUIT_EXTRACT,1,135500,5257.0,7,5259.5,at_or_below_bid_touch,5234.5,5271.5,False,False,5255.5,5261.5,5236.5,-4.0,2.0,-23.0
VELVETFRUIT_EXTRACT,1,138000,5254.0,7,5256.5,at_or_below_bid_touch,5239.0,5271.5,False,False,5264.5,5267.5,5231.5,8.0,11.0,-25.0
VELVETFRUIT_EXTRACT,1,139700,5257.0,8,5256.0,at_or_above_ask_touch,5239.0,5271.5,False,False,5261.5,5265.5,5240.5,5.5,9.5,-15.5
VELVETFRUIT_EXTRACT,1,140000,5261.0,5,5258.5,at_or_above_ask_touch,5239.0,5271.5,False,False,5261.0,5267.0,5238.5,2.5,8.5,-20.0
VELVETFRUIT_EXTRACT,1,140100,5260.0,4,5257.5,at_or_above_ask_touch,5239.0,5271.5,False,False,5262.5,5266.0,5238.5,5.0,8.5,-19.0
VELVETFRUIT_EXTRACT,1,141000,5260.0,4,5257.5,at_or_above_ask_touch,5239.0,5271.5,False,False,5264.0,5265.5,5239.0,6.5,8.0,-18.5
VELVETFRUIT_EXTRACT,1,142000,5262.0,6,5259.5,at_or_above_ask_touch,5239.0,5271.5,False,False,5265.0,5259.0,5238.5,5.5,-0.5,-21.0
VELVETFRUIT_EXTRACT,1,144500,5258.0,5,5260.5,at_or_below_bid_touch,5239.0,5271.5,False,False,5265.5,5253.0,5237.5,5.0,-7.5,-23.0
VELVETFRUIT_EXTRACT,1,146700,5260.0,7,5262.5,at_or_below_bid_touch,5242.5,5271.5,False,False,5260.5,5247.5,5235.5,-2.0,-15.0,-27.0
VELVETFRUIT_EXTRACT,1,148300,5265.0,4,5266.5,at_or_below_bid_touch,5244.0,5271.5,False,False,5255.5,5256.5,5240.5,-11.0,-10.0,-26.0
VELVETFRUIT_EXTRACT,1,150700,5268.0,7,5265.5,at_or_above_ask_touch,5244.0,5271.5,False,False,5248.5,5254.5,5241.5,-17.0,-11.0,-24.0
VELVETFRUIT_EXTRACT,1,151400,5261.0,7,5263.5,at_or_below_bid_touch,5244.0,5271.5,False,False,5246.5,5254.5,5243.5,-17.0,-9.0,-20.0
VELVETFRUIT_EXTRACT,1,163300,5254.0,10,5253.0,at_or_above_ask_touch,5245.5,5268.5,False,False,5252.0,5249.0,5256.5,-1.0,-4.0,3.5
VELVETFRUIT_EXTRACT,1,164000,5251.0,5,5253.5,at_or_below_bid_touch,5245.5,5268.5,False,False,5252.0,5249.0,5255.5,-1.5,-4.5,2.0
VELVETFRUIT_EXTRACT,1,165500,5250.0,4,5251.0,at_or_below_bid_touch,5245.5,5268.5,False,False,5248.5,5247.5,5253.5,-2.5,-3.5,2.5
VELVETFRUIT_EXTRACT,1,167600,5249.0,6,5252.0,at_or_below_bid_touch,5245.5,5268.5,False,False,5248.5,5245.5,5251.0,-3.5,-6.5,-1.0
VELVETFRUIT_EXTRACT,1,168400,5248.0,3,5250.5,at_or_below_bid_touch,5245.5,5268.5,False,False,5247.5,5249.5,5252.5,-3.0,-1.0,2.0
VELVETFRUIT_EXTRACT,1,171700,5248.0,7,5250.5,at_or_below_bid_touch,5245.5,5268.5,False,False,5246.5,5245.5,5243.5,-4.0,-5.0,-7.0
VELVETFRUIT_EXTRACT,1,179200,5243.0,4,5245.5,at_or_below_bid_touch,5244.0,5268.5,True,False,5240.5,5236.5,5248.5,-5.0,-9.0,3.0
VELVETFRUIT_EXTRACT,1,180100,5248.0,3,5245.5,at_or_above_ask_touch,5243.5,5268.5,False,False,5239.5,5238.5,5245.5,-6.0,-7.0,0.0
VELVETFRUIT_EXTRACT,1,187400,5235.0,8,5232.0,at_or_above_ask_touch,5231.5,5268.5,False,False,5234.5,5237.5,5250.0,2.5,5.5,18.0
VELVETFRUIT_EXTRACT,1,187600,5235.0,5,5232.0,at_or_above_ask_touch,5231.5,5268.5,False,False,5233.5,5236.5,5248.5,1.5,4.5,16.5
VELVETFRUIT_EXTRACT,1,188800,5232.0,6,5233.5,at_or_below_bid_touch,5230.0,5268.5,False,False,5237.0,5241.5,5251.5,3.5,8.0,18.0
VELVETFRUIT_EXTRACT,1,190600,5234.0,6,5236.5,at_or_below_bid_touch,5230.0,5268.5,False,False,5235.5,5240.5,5256.5,-1.0,4.0,20.0
VELVETFRUIT_EXTRACT,1,190700,5239.0,3,5236.5,at_or_above_ask_touch,5230.0,5268.5,False,False,5234.5,5241.5,5257.5,-2.0,5.0,21.0
VELVETFRUIT_EXTRACT,1,191100,5237.0,8,5239.5,at_or_below_bid_touch,5230.0,5268.5,False,False,5233.5,5240.5,5259.5,-6.0,1.0,20.0
VELVETFRUIT_EXTRACT,1,192600,5231.0,3,5233.5,at_or_below_bid_touch,5230.0,5268.5,True,False,5236.5,5243.5,5258.5,3.0,10.0,25.0
VELVETFRUIT_EXTRACT,1,194400,5234.0,5,5236.5,at_or_below_bid_touch,5230.0,5268.5,False,False,5240.5,5240.0,5254.0,4.0,3.5,17.5
VELVETFRUIT_EXTRACT,1,195200,5236.0,3,5233.5,at_or_above_ask_touch,5230.0,5268.5,False,False,5239.0,5242.0,5253.5,5.5,8.5,20.0
VELVETFRUIT_EXTRACT,1,196100,5236.0,5,5233.5,at_or_above_ask_touch,5230.0,5268.5,False,False,5240.5,5244.5,5256.0,7.0,11.0,22.5
VELVETFRUIT_EXTRACT,1,197600,5237.0,9,5236.5,at_or_above_ask_touch,5230.0,5268.5,False,False,5243.5,5248.0,5256.5,7.0,11.5,20.0
VELVETFRUIT_EXTRACT,1,198900,5243.0,5,5240.5,at_or_above_ask_touch,5230.0,5267.0,False,False,5240.5,5246.5,5263.5,0.0,6.0,23.0
VELVETFRUIT_EXTRACT,1,199200,5243.0,5,5240.5,at_or_above_ask_touch,5230.0,5267.0,False,False,5242.5,5247.5,5265.0,2.0,7.0,24.5
VELVETFRUIT_EXTRACT,1,203700,5241.0,3,5238.5,at_or_above_ask_touch,5230.0,5257.0,False,False,5245.0,5256.5,5264.5,6.5,18.0,26.0
VELVETFRUIT_EXTRACT,1,206800,5241.0,6,5243.5,at_or_below_bid_touch,5230.0,5257.0,False,False,5254.5,5251.5,5264.5,11.0,8.0,21.0
VELVETFRUIT_EXTRACT,1,207600,5251.0,4,5248.0,at_or_above_ask_touch,5230.0,5257.0,False,False,5257.0,5251.0,5263.5,9.0,3.0,15.5
VELVETFRUIT_EXTRACT,1,210300,5250.0,5,5252.5,at_or_below_bid_touch,5230.0,5256.0,False,False,5253.5,5246.5,5253.5,1.0,-6.0,1.0
VELVETFRUIT_EXTRACT,1,213700,5259.0,5,5256.5,at_or_above_ask_touch,5230.0,5259.0,False,True,5253.5,5247.5,5255.5,-3.0,-9.0,-1.0
VELVETFRUIT_EXTRACT,1,214400,5250.0,3,5253.0,at_or_below_bid_touch,5230.0,5259.0,False,False,5251.5,5248.0,5252.5,-1.5,-5.0,-0.5
VELVETFRUIT_EXTRACT,1,215000,5249.0,4,5251.5,at_or_below_bid_touch,5230.0,5259.0,False,False,5248.5,5252.5,5253.5,-3.0,1.0,2.0
VELVETFRUIT_EXTRACT,1,217100,5257.0,4,5254.5,at_or_above_ask_touch,5230.0,5259.0,False,False,5244.0,5254.0,5251.0,-10.5,-0.5,-3.5
VELVETFRUIT_EXTRACT,1,218900,5249.0,8,5251.5,at_or_below_bid_touch,5230.0,5259.0,False,False,5248.5,5246.5,5247.5,-3.0,-5.0,-4.0
VELVETFRUIT_EXTRACT,1,221800,5241.0,7,5243.5,at_or_below_bid_touch,5230.0,5259.0,False,False,5252.5,5243.0,5259.0,9.0,-0.5,15.5
VELVETFRUIT_EXTRACT,1,225100,5254.0,5,5251.5,at_or_above_ask_touch,5230.0,5259.0,False,False,5245.5,5247.0,5256.5,-6.0,-4.5,5.0
VELVETFRUIT_EXTRACT,1,237900,5254.0,6,5251.0,at_or_above_ask_touch,5230.0,5259.0,False,False,5253.0,5257.0,5266.0,2.0,6.0,15.0
VELVETFRUIT_EXTRACT,1,239400,5251.0,6,5253.5,at_or_below_bid_touch,5232.5,5259.0,False,False,5254.0,5265.5,5265.5,0.5,12.0,12.0
VELVETFRUIT_EXTRACT,1,239600,5255.0,5,5253.5,at_or_above_ask_touch,5232.5,5259.0,False,False,5256.5,5265.5,5268.0,3.0,12.0,14.5
VELVETFRUIT_EXTRACT,1,240200,5258.0,3,5255.5,at_or_above_ask_touch,5232.5,5259.0,False,True,5253.5,5265.0,5273.5,-2.0,9.5,18.0
VELVETFRUIT_EXTRACT,1,242900,5254.0,5,5253.0,at_or_above_ask_touch,5232.5,5261.5,False,False,5257.0,5265.5,5272.5,4.0,12.5,19.5
VELVETFRUIT_EXTRACT,1,245600,5256.0,6,5253.5,at_or_above_ask_touch,5233.5,5261.5,False,False,5262.5,5263.5,5274.5,9.0,10.0,21.0
VELVETFRUIT_EXTRACT,1,248300,5257.0,5,5259.5,at_or_below_bid_touch,5237.0,5261.5,False,False,5263.5,5258.5,5269.0,4.0,-1.0,9.5
VELVETFRUIT_EXTRACT,1,250500,5260.0,4,5262.5,at_or_below_bid_touch,5238.5,5266.5,False,False,5262.5,5256.0,5269.5,0.0,-6.5,7.0
VELVETFRUIT_EXTRACT,1,251200,5262.0,8,5264.5,at_or_below_bid_touch,5238.5,5266.5,False,False,5265.0,5257.5,5270.5,0.5,-7.0,6.0
VELVETFRUIT_EXTRACT,1,251900,5263.0,14,5262.0,at_or_above_ask_touch,5238.5,5266.5,False,False,5265.5,5255.0,5269.0,3.5,-7.0,7.0
VELVETFRUIT_EXTRACT,1,252400,5267.0,6,5264.5,at_or_above_ask_touch,5238.5,5266.5,False,True,5264.5,5253.0,5269.5,0.0,-11.5,5.0
VELVETFRUIT_EXTRACT,1,253900,5266.0,3,5263.5,at_or_above_ask_touch,5240.0,5267.5,False,False,5258.0,5254.5,5263.5,-5.5,-9.0,0.0
VELVETFRUIT_EXTRACT,1,258400,5257.0,8,5256.0,at_or_above_ask_touch,5242.0,5267.5,False,False,5255.5,5246.5,5270.5,-0.5,-9.5,14.5
VELVETFRUIT_EXTRACT,1,262200,5250.0,4,5252.5,at_or_below_bid_touch,5242.0,5267.5,False,False,5251.5,5259.5,5266.0,-1.0,7.0,13.5
VELVETFRUIT_EXTRACT,1,263900,5257.0,7,5254.5,at_or_above_ask_touch,5242.0,5267.5,False,False,5247.5,5259.5,5259.0,-7.0,5.0,4.5
VELVETFRUIT_EXTRACT,1,265400,5250.0,9,5249.0,at_or_above_ask_touch,5242.0,5267.5,False,False,5255.5,5258.5,5249.5,6.5,9.5,0.5
VELVETFRUIT_EXTRACT,1,265600,5248.0,5,5250.5,at_or_below_bid_touch,5242.0,5267.5,False,False,5258.5,5259.5,5250.0,8.0,9.0,-0.5
VELVETFRUIT_EXTRACT,1,265800,5252.0,7,5249.5,at_or_above_ask_touch,5242.0,5267.5,False,False,5257.5,5258.5,5249.5,8.0,9.0,0.0
VELVETFRUIT_EXTRACT,1,266500,5253.0,5,5250.0,at_or_above_ask_touch,5242.0,5267.5,False,False,5258.0,5254.0,5247.5,8.0,4.0,-2.5
VELVETFRUIT_EXTRACT,1,267400,5253.0,3,5250.5,at_or_above_ask_touch,5242.0,5267.5,False,False,5259.5,5251.5,5247.5,9.0,1.0,-3.0
VELVETFRUIT_EXTRACT,1,268700,5251.0,5,5248.5,at_or_above_ask_touch,5242.0,5267.5,False,False,5260.5,5255.0,5248.0,12.0,6.5,-0.5
VELVETFRUIT_EXTRACT,1,269300,5247.0,5,5249.5,at_or_below_bid_touch,5242.0,5267.5,False,False,5259.5,5256.5,5245.0,10.0,7.0,-4.5
VELVETFRUIT_EXTRACT,1,272600,5261.0,7,5260.0,at_or_above_ask_touch,5242.0,5267.5,False,False,5251.5,5261.5,5253.5,-8.5,1.5,-6.5
VELVETFRUIT_EXTRACT,1,275300,5259.0,8,5257.5,at_or_above_ask_touch,5242.0,5267.5,False,False,5258.5,5264.5,5247.5,1.0,7.0,-10.0
VELVETFRUIT_EXTRACT,1,276500,5255.0,7,5254.0,at_or_above_ask_touch,5242.0,5267.5,False,False,5256.5,5265.5,5250.5,2.5,11.5,-3.5
VELVETFRUIT_EXTRACT,1,277400,5254.0,4,5251.5,at_or_above_ask_touch,5242.0,5267.5,False,False,5260.5,5266.5,5252.5,9.0,15.0,1.0
VELVETFRUIT_EXTRACT,1,278300,5258.0,5,5255.5,at_or_above_ask_touch,5242.0,5267.5,False,False,5257.5,5265.5,5251.0,2.0,10.0,-4.5
VELVETFRUIT_EXTRACT,1,279600,5260.0,4,5257.0,at_or_above_ask_touch,5242.0,5267.5,False,False,5261.5,5268.0,5245.0,4.5,11.0,-12.0
VELVETFRUIT_EXTRACT,1,281400,5253.0,15,5252.5,at_or_above_ask_touch,5242.0,5267.5,False,False,5263.5,5273.0,5242.5,11.0,20.5,-10.0
VELVETFRUIT_EXTRACT,1,282200,5260.0,7,5262.5,at_or_below_bid_touch,5242.0,5267.5,False,False,5267.5,5272.5,5240.5,5.0,10.0,-22.0
VELVETFRUIT_EXTRACT,1,283400,5259.0,7,5256.5,at_or_above_ask_touch,5242.0,5267.5,False,False,5266.5,5271.0,5241.5,10.0,14.5,-15.0
VELVETFRUIT_EXTRACT,1,286300,5266.0,6,5263.0,at_or_above_ask_touch,5245.0,5267.5,False,False,5274.5,5274.5,5251.5,11.5,11.5,-11.5
VELVETFRUIT_EXTRACT,1,289100,5271.0,5,5268.5,at_or_above_ask_touch,5245.5,5269.5,False,True,5273.5,5268.5,5248.5,5.0,0.0,-20.0
VELVETFRUIT_EXTRACT,1,289200,5266.0,11,5265.5,at_or_above_ask_touch,5245.5,5269.5,False,False,5272.0,5268.0,5248.5,6.5,2.5,-17.0
VELVETFRUIT_EXTRACT,1,291400,5274.0,5,5273.0,at_or_above_ask_touch,5245.5,5274.5,False,True,5275.5,5268.5,5249.5,2.5,-4.5,-23.5
VELVETFRUIT_EXTRACT,1,291800,5270.0,5,5269.0,at_or_above_ask_touch,5245.5,5274.5,False,False,5273.5,5268.5,5249.5,4.5,-0.5,-19.5
VELVETFRUIT_EXTRACT,1,292400,5275.0,8,5272.0,at_or_above_ask_touch,5245.5,5274.5,False,True,5272.5,5269.5,5250.0,0.5,-2.5,-22.0
VELVETFRUIT_EXTRACT,1,296900,5270.0,5,5273.0,at_or_below_bid_touch,5245.5,5277.5,False,False,5269.0,5266.5,5247.0,-4.0,-6.5,-26.0
VELVETFRUIT_EXTRACT,1,297400,5275.0,4,5272.5,at_or_above_ask_touch,5245.5,5277.5,False,False,5269.5,5271.5,5246.0,-3.0,-1.0,-26.5
VELVETFRUIT_EXTRACT,1,307500,5275.0,8,5272.5,at_or_above_ask_touch,5245.5,5277.5,False,False,5264.5,5247.5,5244.5,-8.0,-25.0,-28.0
VELVETFRUIT_EXTRACT,1,308100,5271.0,6,5270.0,at_or_above_ask_touch,5245.5,5277.5,False,False,5262.5,5247.5,5247.5,-7.5,-22.5,-22.5
VELVETFRUIT_EXTRACT,1,309500,5268.0,4,5265.5,at_or_above_ask_touch,5245.5,5277.5,False,False,5253.5,5247.0,5248.5,-12.0,-18.5,-17.0
VELVETFRUIT_EXTRACT,1,310500,5266.0,11,5265.5,at_or_above_ask_touch,5245.5,5277.5,False,False,5251.5,5245.0,5248.5,-14.0,-20.5,-17.0
VELVETFRUIT_EXTRACT,1,310600,5264.0,3,5266.5,at_or_below_bid_touch,5245.5,5277.5,False,False,5250.0,5246.5,5248.0,-16.5,-20.0,-18.5
VELVETFRUIT_EXTRACT,1,313000,5267.0,5,5264.5,at_or_above_ask_touch,5245.5,5277.5,False,False,5246.5,5253.5,5251.5,-18.0,-11.0,-13.0
VELVETFRUIT_EXTRACT,1,314500,5251.0,4,5253.5,at_or_below_bid_touch,5245.5,5277.5,False,False,5247.0,5250.5,5252.0,-6.5,-3.0,-1.5
VELVETFRUIT_EXTRACT,1,318900,5250.0,4,5247.5,at_or_above_ask_touch,5245.0,5277.5,False,False,5251.5,5248.5,5251.0,4.0,1.0,3.5
VELVETFRUIT_EXTRACT,1,321900,5253.0,7,5250.5,at_or_above_ask_touch,5243.0,5277.5,False,False,5253.5,5241.5,5249.5,3.0,-9.0,-1.0
VELVETFRUIT_EXTRACT,1,324100,5254.0,7,5251.5,at_or_above_ask_touch,5243.0,5277.5,False,False,5248.5,5247.5,5255.5,-3.0,-4.0,4.0
VELVETFRUIT_EXTRACT,1,328500,5249.0,4,5251.5,at_or_below_bid_touch,5243.0,5277.5,False,False,5244.5,5248.5,5250.5,-7.0,-3.0,-1.0
VELVETFRUIT_EXTRACT,1,333100,5236.0,4,5238.5,at_or_below_bid_touch,5236.5,5277.5,True,False,5251.5,5250.5,5250.5,13.0,12.0,12.0
VELVETFRUIT_EXTRACT,1,335300,5245.0,3,5247.5,at_or_below_bid_touch,5236.5,5277.5,False,False,5251.5,5245.5,5248.5,4.0,-2.0,1.0
VELVETFRUIT_EXTRACT,1,340500,5249.0,9,5248.5,at_or_above_ask_touch,5236.5,5277.5,False,False,5246.5,5246.5,5243.5,-2.0,-2.0,-5.0
VELVETFRUIT_EXTRACT,1,342000,5249.0,6,5251.5,at_or_below_bid_touch,5236.5,5277.5,False,False,5246.5,5244.5,5245.0,-5.0,-7.0,-6.5
VELVETFRUIT_EXTRACT,1,343400,5251.0,13,5250.5,at_or_above_ask_touch,5236.5,5277.5,False,False,5250.0,5245.0,5247.5,-0.5,-5.5,-3.0
VELVETFRUIT_EXTRACT,1,344200,5253.0,4,5250.5,at_or_above_ask_touch,5236.5,5277.5,False,False,5245.5,5243.5,5240.5,-5.0,-7.0,-10.0
VELVETFRUIT_EXTRACT,1,345700,5245.0,7,5247.5,at_or_below_bid_touch,5236.5,5276.5,False,False,5247.5,5240.5,5242.5,0.0,-7.0,-5.0
VELVETFRUIT_EXTRACT,1,358100,5245.0,6,5247.5,at_or_below_bid_touch,5236.5,5272.0,False,False,5252.5,5250.5,5238.5,5.0,3.0,-9.0
VELVETFRUIT_EXTRACT,1,364900,5251.0,7,5253.5,at_or_below_bid_touch,5236.5,5257.5,False,False,5251.5,5251.5,5236.5,-2.0,-2.0,-17.0
VELVETFRUIT_EXTRACT,1,365600,5250.0,8,5252.5,at_or_below_bid_touch,5236.5,5257.5,False,False,5250.5,5249.5,5233.5,-2.0,-3.0,-19.0
VELVETFRUIT_EXTRACT,1,367900,5248.0,5,5247.0,at_or_above_ask_touch,5236.5,5257.5,False,False,5253.5,5248.5,5231.5,6.5,1.5,-15.5
VELVETFRUIT_EXTRACT,1,374100,5253.0,6,5255.5,at_or_below_bid_touch,5236.5,5257.5,False,False,5247.5,5249.5,5233.0,-8.0,-6.0,-22.5
VELVETFRUIT_EXTRACT,1,374400,5253.0,4,5255.5,at_or_below_bid_touch,5236.5,5257.5,False,False,5252.0,5248.5,5232.0,-3.5,-7.0,-23.5
VELVETFRUIT_EXTRACT,1,380900,5250.0,8,5253.0,at_or_below_bid_touch,5236.5,5257.5,False,False,5247.5,5245.5,5227.5,-5.5,-7.5,-25.5
VELVETFRUIT_EXTRACT,1,381700,5255.0,8,5252.5,at_or_above_ask_touch,5236.5,5257.5,False,False,5245.5,5242.5,5230.5,-7.0,-10.0,-22.0
VELVETFRUIT_EXTRACT,1,383700,5246.0,7,5248.5,at_or_below_bid_touch,5239.5,5257.5,False,False,5245.5,5243.5,5231.5,-3.0,-5.0,-17.0
VELVETFRUIT_EXTRACT,1,385900,5245.0,3,5247.5,at_or_below_bid_touch,5239.5,5257.5,False,False,5245.5,5243.5,5232.0,-2.0,-4.0,-15.5
VELVETFRUIT_EXTRACT,1,386000,5244.0,8,5246.5,at_or_below_bid_touch,5239.5,5257.5,False,False,5244.5,5243.5,5230.5,-2.0,-3.0,-16.0
VELVETFRUIT_EXTRACT,1,390100,5244.0,10,5243.0,at_or_above_ask_touch,5239.5,5257.5,False,False,5239.0,5242.5,5234.5,-4.0,-0.5,-8.5
VELVETFRUIT_EXTRACT,1,392300,5242.0,5,5244.5,at_or_below_bid_touch,5239.5,5257.5,False,False,5240.5,5240.5,5234.0,-4.0,-4.0,-10.5
VELVETFRUIT_EXTRACT,1,393000,5242.0,4,5244.5,at_or_below_bid_touch,5239.5,5257.5,False,False,5240.5,5243.5,5236.5,-4.0,-1.0,-8.0
VELVETFRUIT_EXTRACT,1,393900,5241.0,6,5242.0,at_or_below_bid_touch,5239.5,5257.5,False,False,5238.5,5243.5,5239.5,-3.5,1.5,-2.5
VELVETFRUIT_EXTRACT,1,394700,5237.0,8,5239.5,at_or_below_bid_touch,5239.0,5257.5,True,False,5240.5,5243.5,5241.5,1.0,4.0,2.0
VELVETFRUIT_EXTRACT,1,396000,5246.0,8,5243.5,at_or_above_ask_touch,5239.0,5257.5,False,False,5243.5,5241.0,5247.5,0.0,-2.5,4.0
VELVETFRUIT_EXTRACT,1,396200,5240.0,7,5242.5,at_or_below_bid_touch,5239.0,5257.5,True,False,5243.0,5242.5,5248.5,0.5,0.0,6.0
VELVETFRUIT_EXTRACT,1,398400,5235.0,6,5237.5,at_or_below_bid_touch,5237.5,5257.5,True,False,5241.5,5238.5,5249.5,4.0,1.0,12.0
VELVETFRUIT_EXTRACT,1,400100,5240.0,8,5242.5,at_or_below_bid_touch,5237.5,5257.5,False,False,5245.5,5236.5,5246.5,3.0,-6.0,4.0
VELVETFRUIT_EXTRACT,1,401900,5242.0,8,5244.5,at_or_below_bid_touch,5237.5,5257.5,False,False,5243.0,5233.5,5247.5,-1.5,-11.0,3.0
VELVETFRUIT_EXTRACT,1,402400,5240.0,6,5242.5,at_or_below_bid_touch,5237.5,5257.5,False,False,5242.0,5235.5,5249.0,-0.5,-7.0,6.5
VELVETFRUIT_EXTRACT,1,403500,5239.0,8,5241.5,at_or_below_bid_touch,5237.5,5257.5,False,False,5237.5,5235.0,5248.0,-4.0,-6.5,6.5
VELVETFRUIT_EXTRACT,1,404200,5247.0,4,5244.5,at_or_above_ask_touch,5237.5,5257.5,False,False,5236.5,5236.0,5249.5,-8.0,-8.5,5.0
VELVETFRUIT_EXTRACT,1,406400,5246.0,5,5243.5,at_or_above_ask_touch,5237.5,5257.5,False,False,5232.5,5233.5,5246.5,-11.0,-10.0,3.0
VELVETFRUIT_EXTRACT,1,410600,5239.0,6,5236.5,at_or_above_ask_touch,5232.0,5257.5,False,False,5233.5,5225.5,5250.5,-3.0,-11.0,14.0
VELVETFRUIT_EXTRACT,1,411200,5236.0,7,5233.5,at_or_above_ask_touch,5232.0,5257.5,False,False,5233.5,5227.5,5252.0,0.0,-6.0,18.5
VELVETFRUIT_EXTRACT,1,411300,5236.0,7,5233.5,at_or_above_ask_touch,5232.0,5257.5,False,False,5233.5,5229.0,5254.0,0.0,-4.5,20.5
VELVETFRUIT_EXTRACT,1,415700,5234.0,3,5231.5,at_or_above_ask_touch,5231.5,5256.0,False,False,5225.5,5235.5,5254.5,-6.0,4.0,23.0
VELVETFRUIT_EXTRACT,1,419900,5231.0,6,5228.5,at_or_above_ask_touch,5228.0,5256.0,False,False,5232.5,5230.5,5251.5,4.0,2.0,23.0
VELVETFRUIT_EXTRACT,1,424500,5235.0,7,5232.5,at_or_above_ask_touch,5225.5,5254.5,False,False,5228.5,5230.5,5253.0,-4.0,-2.0,20.5
VELVETFRUIT_EXTRACT,1,426800,5232.0,8,5234.5,at_or_below_bid_touch,5225.5,5254.5,False,False,5230.5,5235.0,5255.0,-4.0,0.5,20.5
VELVETFRUIT_EXTRACT,1,427600,5237.0,8,5234.5,at_or_above_ask_touch,5225.5,5254.5,False,False,5229.0,5231.5,5258.5,-5.5,-3.0,24.0
VELVETFRUIT_EXTRACT,1,430200,5230.0,3,5227.5,at_or_above_ask_touch,5225.5,5254.5,False,False,5227.5,5234.5,5251.5,0.0,7.0,24.0
VELVETFRUIT_EXTRACT,1,431000,5233.0,5,5230.5,at_or_above_ask_touch,5225.5,5254.5,False,False,5230.5,5235.5,5249.5,0.0,5.0,19.0
VELVETFRUIT_EXTRACT,1,431700,5233.0,4,5230.5,at_or_above_ask_touch,5225.5,5253.5,False,False,5236.0,5232.5,5243.5,5.5,2.0,13.0
VELVETFRUIT_EXTRACT,1,432100,5234.0,3,5231.5,at_or_above_ask_touch,5225.5,5253.5,False,False,5233.5,5233.5,5243.5,2.0,2.0,12.0
VELVETFRUIT_EXTRACT,1,435300,5225.0,8,5227.5,at_or_below_bid_touch,5225.5,5249.5,True,False,5234.5,5244.5,5241.5,7.0,17.0,14.0
VELVETFRUIT_EXTRACT,1,438000,5230.0,7,5233.0,at_or_below_bid_touch,5225.5,5249.5,False,False,5236.5,5251.5,5239.5,3.5,18.5,6.5
VELVETFRUIT_EXTRACT,1,444300,5238.0,7,5240.5,at_or_below_bid_touch,5225.5,5246.5,False,False,5244.5,5249.5,5240.5,4.0,9.0,0.0
VELVETFRUIT_EXTRACT,1,445900,5249.0,4,5246.5,at_or_above_ask_touch,5225.5,5246.5,False,True,5245.0,5246.5,5239.5,-1.5,0.0,-7.0
VELVETFRUIT_EXTRACT,1,448100,5254.0,3,5251.5,at_or_above_ask_touch,5225.5,5254.5,False,True,5248.0,5244.0,5242.5,-3.5,-7.5,-9.0
VELVETFRUIT_EXTRACT,1,453500,5245.0,8,5248.0,at_or_below_bid_touch,5225.5,5254.5,False,False,5244.5,5251.5,5250.5,-3.5,3.5,2.5
VELVETFRUIT_EXTRACT,1,453600,5252.0,4,5249.5,at_or_above_ask_touch,5225.5,5254.5,False,False,5244.5,5252.5,5250.5,-5.0,3.0,1.0
VELVETFRUIT_EXTRACT,1,454800,5245.0,3,5248.0,at_or_below_bid_touch,5225.5,5254.5,False,False,5249.5,5253.0,5253.5,1.5,5.0,5.5
VELVETFRUIT_EXTRACT,1,455200,5244.0,6,5247.0,at_or_below_bid_touch,5225.5,5254.5,False,False,5250.5,5250.5,5254.5,3.5,3.5,7.5
VELVETFRUIT_EXTRACT,1,458400,5248.0,3,5245.5,at_or_above_ask_touch,5225.5,5254.5,False,False,5250.5,5249.5,5262.5,5.0,4.0,17.0
VELVETFRUIT_EXTRACT,1,459900,5252.0,8,5249.5,at_or_above_ask_touch,5225.5,5254.5,False,False,5250.0,5251.5,5262.5,0.5,2.0,13.0
VELVETFRUIT_EXTRACT,1,460700,5254.0,6,5251.5,at_or_above_ask_touch,5225.5,5254.5,False,True,5254.5,5254.0,5263.0,3.0,2.5,11.5
VELVETFRUIT_EXTRACT,1,462300,5259.0,8,5256.0,at_or_above_ask_touch,5225.5,5256.5,False,True,5250.5,5251.5,5265.0,-5.5,-4.5,9.0
VELVETFRUIT_EXTRACT,1,465300,5255.0,8,5252.5,at_or_above_ask_touch,5225.5,5256.5,False,False,5254.0,5253.5,5267.5,1.5,1.0,15.0
VELVETFRUIT_EXTRACT,1,468000,5247.0,3,5249.5,at_or_below_bid_touch,5225.5,5256.5,False,False,5251.5,5255.5,5258.5,2.0,6.0,9.0
VELVETFRUIT_EXTRACT,1,469300,5252.0,6,5254.5,at_or_below_bid_touch,5225.5,5256.5,False,False,5254.5,5249.5,5256.5,0.0,-5.0,2.0
VELVETFRUIT_EXTRACT,1,469600,5252.0,7,5254.5,at_or_below_bid_touch,5225.5,5256.5,False,False,5253.5,5249.5,5258.5,-1.0,-5.0,4.0
VELVETFRUIT_EXTRACT,1,470400,5257.0,4,5254.5,at_or_above_ask_touch,5225.5,5256.5,False,True,5253.0,5249.5,5260.0,-1.5,-5.0,5.5
VELVETFRUIT_EXTRACT,1,472600,5249.0,3,5251.5,at_or_below_bid_touch,5227.0,5256.5,False,False,5258.5,5244.5,5259.0,7.0,-7.0,7.5
VELVETFRUIT_EXTRACT,1,475400,5254.0,7,5253.0,at_or_above_ask_touch,5227.0,5256.5,False,False,5249.5,5243.5,5257.5,-3.5,-9.5,4.5
VELVETFRUIT_EXTRACT,1,477900,5258.0,5,5255.0,at_or_above_ask_touch,5227.0,5258.5,False,True,5242.5,5239.5,5252.5,-12.5,-15.5,-2.5
VELVETFRUIT_EXTRACT,1,478900,5250.0,4,5252.5,at_or_below_bid_touch,5227.0,5258.5,False,False,5242.5,5241.5,5253.0,-10.0,-11.0,0.5
VELVETFRUIT_EXTRACT,1,480100,5250.0,10,5249.0,at_or_above_ask_touch,5227.0,5258.5,False,False,5242.0,5242.5,5253.0,-7.0,-6.5,4.0
VELVETFRUIT_EXTRACT,1,483100,5245.0,8,5242.5,at_or_above_ask_touch,5227.5,5258.5,False,False,5240.0,5241.5,5248.5,-2.5,-1.0,6.0
VELVETFRUIT_EXTRACT,1,483800,5238.0,7,5241.0,at_or_below_bid_touch,5227.5,5258.5,False,False,5240.5,5240.0,5246.5,-0.5,-1.0,5.5
VELVETFRUIT_EXTRACT,1,486400,5239.0,7,5242.0,at_or_below_bid_touch,5231.0,5258.5,False,False,5244.5,5239.5,5241.5,2.5,-2.5,-0.5
VELVETFRUIT_EXTRACT,1,489700,5237.0,6,5239.5,at_or_below_bid_touch,5232.5,5258.5,False,False,5238.5,5243.5,5235.5,-1.0,4.0,-4.0
VELVETFRUIT_EXTRACT,1,490900,5246.0,5,5243.5,at_or_above_ask_touch,5232.5,5258.5,False,False,5239.5,5245.5,5238.5,-4.0,2.0,-5.0
VELVETFRUIT_EXTRACT,1,492100,5241.0,5,5243.5,at_or_below_bid_touch,5232.5,5258.5,False,False,5241.5,5250.5,5237.5,-2.0,7.0,-6.0
VELVETFRUIT_EXTRACT,1,493900,5237.0,3,5239.5,at_or_below_bid_touch,5237.5,5258.5,True,False,5242.5,5249.5,5238.5,3.0,10.0,-1.0
VELVETFRUIT_EXTRACT,1,496200,5239.0,5,5241.5,at_or_below_bid_touch,5236.5,5258.5,False,False,5245.5,5256.5,5233.5,4.0,15.0,-8.0
VELVETFRUIT_EXTRACT,1,498200,5241.0,5,5239.5,at_or_above_ask_touch,5236.5,5258.5,False,False,5252.5,5262.5,5232.5,13.0,23.0,-7.0
VELVETFRUIT_EXTRACT,1,498400,5238.0,7,5240.5,at_or_below_bid_touch,5236.5,5258.5,False,False,5250.5,5262.5,5232.5,10.0,22.0,-8.0
VELVETFRUIT_EXTRACT,1,505300,5256.0,3,5254.5,at_or_above_ask_touch,5236.5,5258.5,False,False,5263.5,5267.5,5232.5,9.0,13.0,-22.0
VELVETFRUIT_EXTRACT,1,506200,5254.0,5,5256.5,at_or_below_bid_touch,5236.5,5258.5,False,False,5265.0,5267.5,5226.5,8.5,11.0,-30.0
VELVETFRUIT_EXTRACT,1,509700,5260.0,13,5259.5,at_or_above_ask_touch,5236.5,5263.5,False,False,5268.5,5259.5,5227.0,9.0,0.0,-32.5
VELVETFRUIT_EXTRACT,1,514100,5263.0,7,5264.5,at_or_below_bid_touch,5236.5,5268.5,False,False,5257.0,5258.5,5233.5,-7.5,-6.0,-31.0
VELVETFRUIT_EXTRACT,1,514500,5265.0,6,5267.5,at_or_below_bid_touch,5236.5,5268.5,False,False,5258.5,5258.0,5232.5,-9.0,-9.5,-35.0
VELVETFRUIT_EXTRACT,1,516800,5261.0,5,5263.5,at_or_below_bid_touch,5236.5,5268.5,False,False,5262.5,5253.5,5235.5,-1.0,-10.0,-28.0
VELVETFRUIT_EXTRACT,1,520500,5256.0,4,5258.5,at_or_below_bid_touch,5236.5,5268.5,False,False,5256.0,5251.5,5236.5,-2.5,-7.0,-22.0
VELVETFRUIT_EXTRACT,1,521800,5265.0,3,5262.5,at_or_above_ask_touch,5236.5,5268.5,False,False,5253.5,5251.5,5237.0,-9.0,-11.0,-25.5
VELVETFRUIT_EXTRACT,1,523300,5262.0,3,5259.0,at_or_above_ask_touch,5236.5,5268.5,False,False,5251.5,5246.0,5235.5,-7.5,-13.0,-23.5
VELVETFRUIT_EXTRACT,1,524500,5259.0,7,5258.0,at_or_above_ask_touch,5236.5,5268.5,False,False,5253.5,5245.5,5233.5,-4.5,-12.5,-24.5
VELVETFRUIT_EXTRACT,1,526200,5250.0,8,5252.5,at_or_below_bid_touch,5236.5,5268.5,False,False,5252.5,5242.5,5235.5,0.0,-10.0,-17.0
VELVETFRUIT_EXTRACT,1,527700,5255.0,6,5252.5,at_or_above_ask_touch,5236.5,5268.5,False,False,5248.5,5237.5,5236.5,-4.0,-15.0,-16.0
VELVETFRUIT_EXTRACT,1,528600,5254.0,4,5251.5,at_or_above_ask_touch,5236.5,5268.5,False,False,5247.5,5235.5,5235.5,-4.0,-16.0,-16.0
VELVETFRUIT_EXTRACT,1,529400,5256.0,4,5253.5,at_or_above_ask_touch,5236.5,5268.5,False,False,5246.5,5237.5,5237.5,-7.0,-16.0,-16.0
VELVETFRUIT_EXTRACT,1,530000,5249.0,6,5250.0,at_or_below_bid_touch,5236.5,5268.5,False,False,5244.0,5236.5,5234.5,-6.0,-13.5,-15.5
VELVETFRUIT_EXTRACT,1,534100,5244.0,3,5246.5,at_or_below_bid_touch,5236.5,5268.5,False,False,5237.5,5238.5,5238.5,-9.0,-8.0,-8.0
VELVETFRUIT_EXTRACT,1,537500,5241.0,4,5238.5,at_or_above_ask_touch,5236.5,5268.5,False,False,5237.5,5233.5,5245.5,-1.0,-5.0,7.0
VELVETFRUIT_EXTRACT,1,537900,5239.0,6,5240.5,at_or_below_bid_touch,5236.5,5268.5,False,False,5236.0,5235.5,5246.5,-4.5,-5.0,6.0
VELVETFRUIT_EXTRACT,1,540700,5238.0,7,5240.5,at_or_below_bid_touch,5235.5,5268.5,False,False,5237.5,5234.5,5239.5,-3.0,-6.0,-1.0
VELVETFRUIT_EXTRACT,1,544300,5236.0,4,5238.5,at_or_below_bid_touch,5234.5,5268.5,False,False,5231.5,5230.5,5238.5,-7.0,-8.0,0.0
VELVETFRUIT_EXTRACT,1,544400,5240.0,6,5237.5,at_or_above_ask_touch,5234.5,5268.5,False,False,5233.0,5231.0,5239.5,-4.5,-6.5,2.0
VELVETFRUIT_EXTRACT,1,545000,5235.0,4,5237.5,at_or_below_bid_touch,5234.5,5268.5,True,False,5234.0,5231.0,5238.5,-3.5,-6.5,1.0
VELVETFRUIT_EXTRACT,1,547800,5232.0,3,5234.5,at_or_below_bid_touch,5230.5,5268.5,False,False,5232.5,5225.5,5238.0,-2.0,-9.0,3.5
VELVETFRUIT_EXTRACT,1,549800,5236.0,5,5233.5,at_or_above_ask_touch,5229.5,5268.5,False,False,5231.5,5228.0,5235.0,-2.0,-5.5,1.5
VELVETFRUIT_EXTRACT,1,551600,5234.0,8,5233.0,at_or_above_ask_touch,5229.5,5268.5,False,False,5225.5,5228.5,5233.5,-7.5,-4.5,0.5
VELVETFRUIT_EXTRACT,1,556400,5228.0,8,5225.5,at_or_above_ask_touch,5225.0,5268.5,False,False,5231.5,5235.5,5227.5,6.0,10.0,2.0
VELVETFRUIT_EXTRACT,1,557200,5225.0,4,5227.5,at_or_below_bid_touch,5225.0,5268.5,True,False,5231.0,5234.0,5222.5,3.5,6.5,-5.0
VELVETFRUIT_EXTRACT,1,563500,5226.0,8,5228.5,at_or_below_bid_touch,5223.5,5268.5,False,False,5238.5,5236.5,5228.0,10.0,8.0,-0.5
VELVETFRUIT_EXTRACT,1,564000,5231.0,12,5230.5,at_or_above_ask_touch,5223.5,5268.5,False,False,5239.5,5235.0,5231.5,9.0,4.5,1.0
VELVETFRUIT_EXTRACT,1,564900,5236.0,6,5233.0,at_or_above_ask_touch,5223.5,5268.5,False,False,5237.5,5234.0,5233.5,4.5,1.0,0.5
VELVETFRUIT_EXTRACT,1,565500,5239.0,7,5236.5,at_or_above_ask_touch,5223.5,5267.5,False,False,5236.5,5235.5,5229.0,0.0,-1.0,-7.5
VELVETFRUIT_EXTRACT,1,568200,5237.0,7,5234.5,at_or_above_ask_touch,5223.5,5262.5,False,False,5236.0,5237.5,5232.5,1.5,3.0,-2.0
VELVETFRUIT_EXTRACT,1,570200,5236.0,7,5235.0,at_or_above_ask_touch,5223.5,5262.5,False,False,5230.0,5232.5,5232.5,-5.0,-2.5,-2.5
VELVETFRUIT_EXTRACT,1,571600,5235.0,7,5238.0,at_or_below_bid_touch,5223.5,5262.5,False,False,5236.5,5233.5,5234.5,-1.5,-4.5,-3.5
VELVETFRUIT_EXTRACT,1,574000,5238.0,3,5235.0,at_or_above_ask_touch,5223.5,5259.5,False,False,5235.0,5239.5,5239.5,0.0,4.5,4.5
VELVETFRUIT_EXTRACT,1,575800,5235.0,8,5234.0,at_or_above_ask_touch,5223.5,5255.0,False,False,5236.5,5238.5,5235.5,2.5,4.5,1.5
VELVETFRUIT_EXTRACT,1,576400,5233.0,3,5235.5,at_or_below_bid_touch,5223.5,5255.0,False,False,5233.5,5241.5,5231.5,-2.0,6.0,-4.0
VELVETFRUIT_EXTRACT,1,578400,5237.0,5,5236.0,at_or_above_ask_touch,5223.5,5253.5,False,False,5238.5,5243.5,5225.5,2.5,7.5,-10.5
VELVETFRUIT_EXTRACT,1,581100,5240.0,7,5237.5,at_or_above_ask_touch,5223.5,5252.5,False,False,5239.5,5241.5,5221.5,2.0,4.0,-16.0
VELVETFRUIT_EXTRACT,1,581700,5237.0,3,5234.0,at_or_above_ask_touch,5223.5,5251.5,False,False,5243.5,5243.0,5220.5,9.5,9.0,-13.5
VELVETFRUIT_EXTRACT,1,582900,5236.0,9,5235.0,at_or_above_ask_touch,5223.5,5249.5,False,False,5246.5,5241.5,5216.5,11.5,6.5,-18.5
VELVETFRUIT_EXTRACT,1,584800,5234.0,7,5236.5,at_or_below_bid_touch,5223.5,5244.5,False,False,5243.5,5241.0,5215.0,7.0,4.5,-21.5
VELVETFRUIT_EXTRACT,1,584900,5234.0,7,5236.5,at_or_below_bid_touch,5223.5,5244.5,False,False,5243.5,5240.5,5216.5,7.0,4.0,-20.0
VELVETFRUIT_EXTRACT,1,587200,5242.0,3,5245.0,at_or_below_bid_touch,5223.5,5245.0,False,False,5244.5,5239.5,5217.5,-0.5,-5.5,-27.5
VELVETFRUIT_EXTRACT,1,588600,5245.0,5,5246.5,at_or_below_bid_touch,5223.5,5247.5,False,False,5239.0,5240.5,5215.0,-7.5,-6.0,-31.5
VELVETFRUIT_EXTRACT,1,594900,5239.0,4,5240.5,at_or_below_bid_touch,5223.5,5247.5,False,False,5234.5,5230.5,5207.0,-6.0,-10.0,-33.5
VELVETFRUIT_EXTRACT,1,595300,5238.0,8,5241.0,at_or_below_bid_touch,5223.5,5247.5,False,False,5231.5,5229.5,5209.5,-9.5,-11.5,-31.5
VELVETFRUIT_EXTRACT,1,597200,5237.0,7,5239.5,at_or_below_bid_touch,5223.5,5247.5,False,False,5229.5,5222.5,5206.0,-10.0,-17.0,-33.5
VELVETFRUIT_EXTRACT,1,597400,5237.0,4,5239.5,at_or_below_bid_touch,5223.5,5247.5,False,False,5229.5,5225.5,5204.5,-10.0,-14.0,-35.0
VELVETFRUIT_EXTRACT,1,600000,5237.0,7,5234.5,at_or_above_ask_touch,5223.5,5247.5,False,False,5229.5,5223.5,5201.5,-5.0,-11.0,-33.0
VELVETFRUIT_EXTRACT,1,603000,5234.0,6,5231.5,at_or_above_ask_touch,5223.5,5247.5,False,False,5220.5,5227.0,5201.5,-11.0,-4.5,-30.0
VELVETFRUIT_EXTRACT,1,605700,5226.0,7,5228.5,at_or_below_bid_touch,5223.5,5247.5,False,False,5222.5,5229.5,5204.5,-6.0,1.0,-24.0
VELVETFRUIT_EXTRACT,1,608500,5218.0,10,5217.0,at_or_above_ask_touch,5217.0,5247.5,True,False,5228.0,5231.5,5209.5,11.0,14.5,-7.5
VELVETFRUIT_EXTRACT,1,609900,5222.0,6,5224.5,at_or_below_bid_touch,5217.0,5247.5,False,False,5233.5,5234.0,5212.5,9.0,9.5,-12.0
VELVETFRUIT_EXTRACT,1,612500,5219.0,5,5221.5,at_or_below_bid_touch,5217.0,5247.5,False,False,5233.5,5237.5,5214.5,12.0,16.0,-7.0
VELVETFRUIT_EXTRACT,1,612900,5225.0,10,5224.0,at_or_above_ask_touch,5217.0,5247.5,False,False,5234.0,5237.5,5212.5,10.0,13.5,-11.5
VELVETFRUIT_EXTRACT,1,612900,5223.0,8,5224.0,at_or_below_bid_touch,5217.0,5247.5,False,False,5234.0,5237.5,5212.5,10.0,13.5,-11.5
VELVETFRUIT_EXTRACT,1,616300,5228.0,5,5230.5,at_or_below_bid_touch,5217.0,5247.5,False,False,5234.5,5232.5,5224.5,4.0,2.0,-6.0
VELVETFRUIT_EXTRACT,1,617400,5231.0,7,5233.5,at_or_below_bid_touch,5217.0,5247.5,False,False,5234.5,5228.5,5224.0,1.0,-5.0,-9.5
VELVETFRUIT_EXTRACT,1,618900,5231.0,3,5230.0,at_or_above_ask_touch,5217.0,5247.5,False,False,5239.5,5222.0,5219.5,9.5,-8.0,-10.5
VELVETFRUIT_EXTRACT,1,619800,5236.0,7,5233.5,at_or_above_ask_touch,5217.0,5247.5,False,False,5237.5,5220.0,5218.5,4.0,-13.5,-15.0
VELVETFRUIT_EXTRACT,1,620500,5235.0,3,5232.5,at_or_above_ask_touch,5217.0,5247.5,False,False,5237.5,5219.5,5219.5,5.0,-13.0,-13.0
VELVETFRUIT_EXTRACT,1,621900,5236.0,6,5233.5,at_or_above_ask_touch,5217.0,5247.5,False,False,5231.5,5220.5,5219.5,-2.0,-13.0,-14.0
VELVETFRUIT_EXTRACT,1,622400,5235.0,13,5234.5,at_or_above_ask_touch,5217.0,5247.5,False,False,5228.5,5218.5,5218.5,-6.0,-16.0,-16.0
VELVETFRUIT_EXTRACT,1,624700,5242.0,5,5239.0,at_or_above_ask_touch,5217.0,5247.5,False,False,5217.5,5217.5,5227.0,-21.5,-21.5,-12.0
VELVETFRUIT_EXTRACT,1,626000,5232.0,4,5233.0,at_or_below_bid_touch,5217.0,5247.5,False,False,5221.5,5223.5,5228.5,-11.5,-9.5,-4.5
VELVETFRUIT_EXTRACT,1,628100,5231.0,6,5228.5,at_or_above_ask_touch,5217.0,5247.5,False,False,5216.5,5212.5,5227.0,-12.0,-16.0,-1.5
VELVETFRUIT_EXTRACT,1,628300,5225.0,7,5227.5,at_or_below_bid_touch,5217.0,5247.5,False,False,5216.5,5213.5,5227.5,-11.0,-14.0,0.0
VELVETFRUIT_EXTRACT,1,632800,5216.0,7,5215.0,at_or_above_ask_touch,5215.0,5247.5,True,False,5214.5,5212.5,5224.5,-0.5,-2.5,9.5
VELVETFRUIT_EXTRACT,1,634500,5218.0,5,5215.5,at_or_above_ask_touch,5215.0,5247.5,False,False,5216.5,5206.5,5229.0,1.0,-9.0,13.5
VELVETFRUIT_EXTRACT,1,634800,5214.0,6,5215.0,at_or_below_bid_touch,5215.0,5247.5,True,False,5216.5,5207.5,5226.5,1.5,-7.5,11.5
VELVETFRUIT_EXTRACT,1,634800,5216.0,8,5215.0,at_or_above_ask_touch,5215.0,5247.5,True,False,5216.5,5207.5,5226.5,1.5,-7.5,11.5
VELVETFRUIT_EXTRACT,1,640500,5212.0,3,5214.5,at_or_below_bid_touch,5212.5,5246.0,True,False,5209.0,5202.5,5239.5,-5.5,-12.0,25.0
VELVETFRUIT_EXTRACT,1,644900,5210.0,6,5207.0,at_or_above_ask_touch,5206.5,5244.5,False,False,5201.5,5208.5,5241.5,-5.5,1.5,34.5
VELVETFRUIT_EXTRACT,1,646100,5211.0,3,5208.5,at_or_above_ask_touch,5206.5,5244.5,False,False,5200.5,5206.5,5238.0,-8.0,-2.0,29.5
VELVETFRUIT_EXTRACT,1,648200,5208.0,6,5206.5,at_or_above_ask_touch,5204.5,5240.5,False,False,5202.0,5208.5,5236.5,-4.5,2.0,30.0
VELVETFRUIT_EXTRACT,1,650300,5198.0,6,5200.5,at_or_below_bid_touch,5199.5,5240.5,True,False,5206.5,5213.5,5239.5,6.0,13.0,39.0
VELVETFRUIT_EXTRACT,1,652100,5198.0,6,5200.5,at_or_below_bid_touch,5198.0,5240.5,True,False,5210.5,5216.5,5243.5,10.0,16.0,43.0
VELVETFRUIT_EXTRACT,1,654300,5205.0,8,5207.5,at_or_below_bid_touch,5198.0,5240.5,False,False,5211.5,5212.5,5254.5,4.0,5.0,47.0
VELVETFRUIT_EXTRACT,1,655100,5210.0,8,5207.5,at_or_above_ask_touch,5198.0,5240.5,False,False,5211.5,5217.5,5254.5,4.0,10.0,47.0
VELVETFRUIT_EXTRACT,1,657800,5213.0,5,5210.5,at_or_above_ask_touch,5198.0,5240.5,False,False,5214.5,5221.5,5251.5,4.0,11.0,41.0
VELVETFRUIT_EXTRACT,1,659200,5215.0,7,5212.0,at_or_above_ask_touch,5198.0,5240.5,False,False,5214.0,5220.5,5254.5,2.0,8.5,42.5
VELVETFRUIT_EXTRACT,1,666500,5220.0,7,5223.0,at_or_below_bid_touch,5198.0,5240.5,False,False,5219.5,5228.5,5272.5,-3.5,5.5,49.5
VELVETFRUIT_EXTRACT,1,667400,5227.0,6,5224.0,at_or_above_ask_touch,5198.0,5240.5,False,False,5218.5,5227.5,5270.5,-5.5,3.5,46.5
VELVETFRUIT_EXTRACT,1,669900,5216.0,7,5219.0,at_or_below_bid_touch,5198.0,5240.5,False,False,5227.5,5224.5,5266.0,8.5,5.5,47.0
VELVETFRUIT_EXTRACT,1,679600,5227.0,6,5224.5,at_or_above_ask_touch,5198.0,5230.5,False,False,5227.0,5237.5,5264.5,2.5,13.0,40.0
VELVETFRUIT_EXTRACT,1,685200,5231.0,6,5228.5,at_or_above_ask_touch,5198.0,5231.0,False,True,5238.0,5243.5,5279.5,9.5,15.0,51.0
VELVETFRUIT_EXTRACT,1,688400,5236.0,6,5234.5,at_or_above_ask_touch,5198.0,5234.5,False,True,5234.5,5235.5,5270.5,0.0,1.0,36.0
VELVETFRUIT_EXTRACT,1,688600,5237.0,5,5234.5,at_or_above_ask_touch,5198.0,5234.5,False,True,5234.0,5235.5,5270.5,-0.5,1.0,36.0
VELVETFRUIT_EXTRACT,1,693000,5230.0,8,5232.5,at_or_below_bid_touch,5198.0,5240.5,False,False,5235.5,5250.5,5266.5,3.0,18.0,34.0
VELVETFRUIT_EXTRACT,1,693600,5235.0,5,5234.0,at_or_above_ask_touch,5198.0,5240.5,False,False,5235.5,5252.5,5269.5,1.5,18.5,35.5
VELVETFRUIT_EXTRACT,1,694600,5237.0,3,5239.5,at_or_below_bid_touch,5198.0,5240.5,False,False,5236.5,5255.5,5277.0,-3.0,16.0,37.5
VELVETFRUIT_EXTRACT,1,702500,5248.0,4,5245.5,at_or_above_ask_touch,5201.5,5245.5,False,True,5256.5,5262.5,5269.5,11.0,17.0,24.0
VELVETFRUIT_EXTRACT,1,702700,5249.0,8,5246.5,at_or_above_ask_touch,5201.5,5246.5,False,True,5252.5,5263.5,5268.5,6.0,17.0,22.0
VELVETFRUIT_EXTRACT,1,703100,5249.0,7,5248.0,at_or_above_ask_touch,5202.0,5250.5,False,False,5251.5,5266.5,5266.5,3.5,18.5,18.5
VELVETFRUIT_EXTRACT,1,704700,5257.0,8,5254.5,at_or_above_ask_touch,5204.5,5256.5,False,True,5252.5,5269.0,5262.0,-2.0,14.5,7.5
VELVETFRUIT_EXTRACT,1,713400,5269.0,13,5268.5,at_or_above_ask_touch,5212.5,5270.0,False,True,5267.0,5267.5,5270.5,-1.5,-1.0,2.0
VELVETFRUIT_EXTRACT,1,713900,5275.0,6,5272.5,at_or_above_ask_touch,5212.5,5272.5,False,True,5267.5,5270.0,5267.5,-5.0,-2.5,-5.0
VELVETFRUIT_EXTRACT,1,716000,5270.0,7,5272.5,at_or_below_bid_touch,5217.5,5273.0,False,False,5265.5,5261.5,5272.5,-7.0,-11.0,0.0
VELVETFRUIT_EXTRACT,1,720500,5264.0,6,5266.5,at_or_below_bid_touch,5217.5,5274.5,False,False,5264.5,5268.5,5267.5,-2.0,2.0,1.0
VELVETFRUIT_EXTRACT,1,721200,5263.0,4,5265.5,at_or_below_bid_touch,5217.5,5274.5,False,False,5263.5,5273.5,5265.5,-2.0,8.0,0.0
VELVETFRUIT_EXTRACT,1,722300,5265.0,6,5262.5,at_or_above_ask_touch,5217.5,5274.5,False,False,5260.0,5280.5,5262.5,-2.5,18.0,0.0
VELVETFRUIT_EXTRACT,1,725400,5267.0,5,5264.0,at_or_above_ask_touch,5220.5,5274.5,False,False,5268.0,5278.0,5261.5,4.0,14.0,-2.5
VELVETFRUIT_EXTRACT,1,725800,5265.0,8,5262.5,at_or_above_ask_touch,5220.5,5274.5,False,False,5271.5,5279.5,5261.5,9.0,17.0,-1.0
VELVETFRUIT_EXTRACT,1,726600,5264.0,7,5261.5,at_or_above_ask_touch,5220.5,5274.5,False,False,5278.0,5275.5,5267.5,16.5,14.0,6.0
VELVETFRUIT_EXTRACT,1,728300,5261.0,5,5258.5,at_or_above_ask_touch,5220.5,5274.5,False,False,5280.5,5271.5,5268.0,22.0,13.0,9.5
VELVETFRUIT_EXTRACT,1,731200,5276.0,4,5273.5,at_or_above_ask_touch,5222.0,5274.5,False,True,5274.5,5263.5,5259.5,1.0,-10.0,-14.0
VELVETFRUIT_EXTRACT,1,741600,5263.0,5,5265.5,at_or_below_bid_touch,5232.5,5283.0,False,False,5278.5,5268.0,5259.5,13.0,2.5,-6.0
VELVETFRUIT_EXTRACT,1,749700,5277.0,5,5274.5,at_or_above_ask_touch,5237.0,5283.0,False,False,5262.0,5276.0,5251.5,-12.5,1.5,-23.0
VELVETFRUIT_EXTRACT,1,750500,5273.0,7,5270.5,at_or_above_ask_touch,5240.5,5283.0,False,False,5262.5,5274.5,5248.0,-8.0,4.0,-22.5
VELVETFRUIT_EXTRACT,1,752500,5272.0,3,5269.5,at_or_above_ask_touch,5244.0,5283.0,False,False,5269.5,5271.5,5241.5,0.0,2.0,-28.0
VELVETFRUIT_EXTRACT,1,755800,5260.0,4,5262.5,at_or_below_bid_touch,5250.5,5283.0,False,False,5273.5,5270.5,5244.5,11.0,8.0,-18.0
VELVETFRUIT_EXTRACT,1,760200,5277.0,5,5274.5,at_or_above_ask_touch,5256.5,5283.0,False,False,5266.5,5268.5,5242.5,-8.0,-6.0,-32.0
VELVETFRUIT_EXTRACT,1,762400,5268.0,3,5271.0,at_or_below_bid_touch,5257.0,5283.0,False,False,5274.0,5261.5,5235.5,3.0,-9.5,-35.5
VELVETFRUIT_EXTRACT,1,765100,5265.0,4,5267.5,at_or_below_bid_touch,5257.0,5283.0,False,False,5268.5,5262.0,5227.5,1.0,-5.5,-40.0
VELVETFRUIT_EXTRACT,1,767200,5276.0,3,5273.5,at_or_above_ask_touch,5257.0,5283.0,False,False,5263.5,5264.5,5233.5,-10.0,-9.0,-40.0
VELVETFRUIT_EXTRACT,1,768700,5270.0,5,5272.5,at_or_below_bid_touch,5257.0,5283.0,False,False,5260.5,5268.5,5232.5,-12.0,-4.0,-40.0
VELVETFRUIT_EXTRACT,1,771700,5264.0,7,5261.5,at_or_above_ask_touch,5257.0,5283.0,False,False,5267.5,5256.5,5245.5,6.0,-5.0,-16.0
VELVETFRUIT_EXTRACT,1,772500,5260.0,7,5262.5,at_or_below_bid_touch,5257.0,5283.0,False,False,5266.5,5258.5,5241.0,4.0,-4.0,-21.5
VELVETFRUIT_EXTRACT,1,772600,5265.0,8,5262.5,at_or_above_ask_touch,5257.0,5283.0,False,False,5267.5,5259.5,5242.5,5.0,-3.0,-20.0
VELVETFRUIT_EXTRACT,1,775000,5266.0,4,5263.0,at_or_above_ask_touch,5257.0,5283.0,False,False,5259.0,5255.5,5250.5,-4.0,-7.5,-12.5
VELVETFRUIT_EXTRACT,1,777000,5270.0,6,5267.0,at_or_above_ask_touch,5257.0,5283.0,False,False,5259.0,5258.5,5244.5,-8.0,-8.5,-22.5
VELVETFRUIT_EXTRACT,1,787700,5260.0,6,5257.0,at_or_above_ask_touch,5251.5,5279.5,False,False,5256.5,5256.5,5254.0,-0.5,-0.5,-3.0
VELVETFRUIT_EXTRACT,1,787800,5261.0,4,5258.5,at_or_above_ask_touch,5251.5,5279.5,False,False,5256.5,5256.5,5253.5,-2.0,-2.0,-5.0
VELVETFRUIT_EXTRACT,1,792200,5259.0,6,5261.0,at_or_below_bid_touch,5251.5,5279.5,False,False,5254.0,5245.5,5256.5,-7.0,-15.5,-4.5
VELVETFRUIT_EXTRACT,1,794800,5258.0,8,5256.5,at_or_above_ask_touch,5251.5,5279.5,False,False,5249.5,5240.5,5257.5,-7.0,-16.0,1.0
VELVETFRUIT_EXTRACT,1,794900,5251.0,6,5253.5,at_or_below_bid_touch,5251.5,5279.5,True,False,5251.5,5240.0,5258.5,-2.0,-13.5,5.0
VELVETFRUIT_EXTRACT,1,796600,5251.0,8,5253.5,at_or_below_bid_touch,5251.5,5277.5,True,False,5249.5,5247.0,5261.5,-4.0,-6.5,8.0
VELVETFRUIT_EXTRACT,1,799900,5249.0,8,5251.5,at_or_below_bid_touch,5249.5,5277.5,True,False,5240.0,5244.5,5264.5,-11.5,-7.0,13.0
VELVETFRUIT_EXTRACT,1,802800,5243.0,3,5240.5,at_or_above_ask_touch,5239.5,5277.5,False,False,5249.0,5233.5,5269.0,8.5,-7.0,28.5
VELVETFRUIT_EXTRACT,1,803400,5240.0,5,5239.0,at_or_above_ask_touch,5238.5,5277.5,False,False,5251.0,5229.0,5270.0,12.0,-10.0,31.0
VELVETFRUIT_EXTRACT,1,807400,5253.0,4,5250.0,at_or_above_ask_touch,5238.5,5277.5,False,False,5235.5,5234.5,5267.5,-14.5,-15.5,17.5
VELVETFRUIT_EXTRACT,1,810100,5245.0,4,5242.5,at_or_above_ask_touch,5238.5,5275.5,False,False,5227.5,5236.5,5263.0,-15.0,-6.0,20.5
VELVETFRUIT_EXTRACT,1,812400,5233.0,8,5235.5,at_or_below_bid_touch,5234.5,5275.5,True,False,5234.5,5243.5,5256.0,-1.0,8.0,20.5
VELVETFRUIT_EXTRACT,1,812900,5233.0,7,5232.0,at_or_above_ask_touch,5232.0,5275.5,True,False,5231.0,5245.5,5254.5,-1.0,13.5,22.5
VELVETFRUIT_EXTRACT,1,815000,5230.0,5,5227.5,at_or_above_ask_touch,5227.5,5275.5,False,False,5236.0,5250.5,5255.5,8.5,23.0,28.0
VELVETFRUIT_EXTRACT,1,817900,5228.0,5,5231.0,at_or_below_bid_touch,5227.5,5275.5,True,False,5245.5,5242.0,5250.5,14.5,11.0,19.5
VELVETFRUIT_EXTRACT,1,818100,5234.0,7,5231.5,at_or_above_ask_touch,5227.5,5275.5,False,False,5247.5,5239.5,5251.0,16.0,8.0,19.5
VELVETFRUIT_EXTRACT,1,818500,5231.0,7,5233.5,at_or_below_bid_touch,5227.5,5273.0,False,False,5247.5,5236.5,5249.5,14.0,3.0,16.0
VELVETFRUIT_EXTRACT,1,822000,5245.0,8,5242.5,at_or_above_ask_touch,5227.5,5269.5,False,False,5244.5,5241.5,5243.5,2.0,-1.0,1.0
VELVETFRUIT_EXTRACT,1,822200,5241.0,7,5243.5,at_or_below_bid_touch,5227.5,5269.5,False,False,5245.5,5241.5,5244.0,2.0,-2.0,0.5
VELVETFRUIT_EXTRACT,1,824200,5251.0,4,5248.5,at_or_above_ask_touch,5227.5,5269.5,False,False,5238.5,5245.5,5243.5,-10.0,-3.0,-5.0
VELVETFRUIT_EXTRACT,1,827000,5247.0,7,5244.5,at_or_above_ask_touch,5227.5,5269.5,False,False,5241.5,5251.5,5237.5,-3.0,7.0,-7.0
VELVETFRUIT_EXTRACT,1,827500,5247.0,8,5244.5,at_or_above_ask_touch,5227.5,5269.5,False,False,5242.5,5253.0,5236.5,-2.0,8.5,-8.0
VELVETFRUIT_EXTRACT,1,832000,5244.0,6,5241.5,at_or_above_ask_touch,5227.5,5267.5,False,False,5251.5,5258.0,5244.5,10.0,16.5,3.0
VELVETFRUIT_EXTRACT,1,832100,5239.0,8,5241.5,at_or_below_bid_touch,5227.5,5267.5,False,False,5252.5,5258.5,5246.5,11.0,17.0,5.0
VELVETFRUIT_EXTRACT,1,832700,5242.0,3,5241.0,at_or_above_ask_touch,5227.5,5267.5,False,False,5254.0,5257.5,5249.5,13.0,16.5,8.5
VELVETFRUIT_EXTRACT,1,834900,5243.0,7,5245.5,at_or_below_bid_touch,5227.5,5267.5,False,False,5254.5,5258.5,5254.5,9.0,13.0,9.0
VELVETFRUIT_EXTRACT,1,836000,5244.0,6,5246.5,at_or_below_bid_touch,5227.5,5267.5,False,False,5253.5,5261.5,5254.0,7.0,15.0,7.5
VELVETFRUIT_EXTRACT,1,838700,5252.0,11,5251.5,at_or_above_ask_touch,5227.5,5267.5,False,False,5257.0,5263.5,5250.5,5.5,12.0,-1.0
VELVETFRUIT_EXTRACT,1,839600,5253.0,8,5252.0,at_or_above_ask_touch,5227.5,5267.5,False,False,5257.5,5267.5,5247.5,5.5,15.5,-4.5
VELVETFRUIT_EXTRACT,1,840400,5253.0,3,5255.5,at_or_below_bid_touch,5227.5,5263.5,False,False,5255.5,5261.5,5244.5,0.0,6.0,-11.0
VELVETFRUIT_EXTRACT,1,843100,5255.0,4,5257.5,at_or_below_bid_touch,5227.5,5259.5,False,False,5261.0,5267.5,5251.5,3.5,10.0,-6.0
VELVETFRUIT_EXTRACT,1,845400,5256.0,8,5255.5,at_or_above_ask_touch,5227.5,5260.5,False,False,5261.5,5275.5,5250.5,6.0,20.0,-5.0
VELVETFRUIT_EXTRACT,1,849300,5270.0,8,5267.5,at_or_above_ask_touch,5227.5,5267.5,False,True,5275.0,5262.5,5249.5,7.5,-5.0,-18.0
VELVETFRUIT_EXTRACT,1,850300,5260.0,7,5261.0,at_or_below_bid_touch,5227.5,5268.0,False,False,5275.5,5261.5,5251.0,14.5,0.5,-10.0
VELVETFRUIT_EXTRACT,1,850600,5261.0,5,5260.0,at_or_above_ask_touch,5227.5,5268.0,False,False,5274.0,5258.0,5251.0,14.0,-2.0,-9.0
VELVETFRUIT_EXTRACT,1,851700,5260.0,6,5262.5,at_or_below_bid_touch,5227.5,5268.0,False,False,5272.0,5258.5,5254.5,9.5,-4.0,-8.0
VELVETFRUIT_EXTRACT,1,852200,5270.0,4,5267.0,at_or_above_ask_touch,5227.5,5268.0,False,True,5270.5,5254.5,5256.0,3.5,-12.5,-11.0
VELVETFRUIT_EXTRACT,1,852900,5265.0,7,5266.0,at_or_below_bid_touch,5227.5,5269.0,False,False,5262.5,5254.5,5256.5,-3.5,-11.5,-9.5
VELVETFRUIT_EXTRACT,1,856600,5269.0,3,5271.5,at_or_below_bid_touch,5227.5,5276.0,False,False,5259.5,5252.5,5251.5,-12.0,-19.0,-20.0
VELVETFRUIT_EXTRACT,1,863300,5254.0,12,5253.5,at_or_above_ask_touch,5227.5,5276.0,False,False,5250.5,5242.5,5262.5,-3.0,-11.0,9.0
VELVETFRUIT_EXTRACT,1,868700,5246.0,4,5248.5,at_or_below_bid_touch,5230.5,5276.0,False,False,5241.5,5238.5,5265.0,-7.0,-10.0,16.5
VELVETFRUIT_EXTRACT,1,869600,5241.0,5,5243.5,at_or_below_bid_touch,5234.5,5276.0,False,False,5243.0,5239.5,5270.5,-0.5,-4.0,27.0
VELVETFRUIT_EXTRACT,1,871500,5241.0,8,5243.5,at_or_below_bid_touch,5234.5,5276.0,False,False,5239.5,5243.5,5272.5,-4.0,0.0,29.0
VELVETFRUIT_EXTRACT,1,873600,5238.0,7,5240.5,at_or_below_bid_touch,5234.5,5276.0,False,False,5237.5,5250.0,5271.5,-3.0,9.5,31.0
VELVETFRUIT_EXTRACT,1,874400,5246.0,3,5243.5,at_or_above_ask_touch,5234.5,5276.0,False,False,5239.5,5256.5,5273.5,-4.0,13.0,30.0
VELVETFRUIT_EXTRACT,1,876500,5242.0,6,5239.5,at_or_above_ask_touch,5234.5,5276.0,False,False,5243.5,5255.5,5277.0,4.0,16.0,37.5
VELVETFRUIT_EXTRACT,1,876800,5240.0,8,5237.5,at_or_above_ask_touch,5234.5,5276.0,False,False,5246.5,5255.5,5275.5,9.0,18.0,38.0
VELVETFRUIT_EXTRACT,1,877600,5239.0,5,5236.5,at_or_above_ask_touch,5234.5,5276.0,False,False,5247.0,5254.5,5277.5,10.5,18.0,41.0
VELVETFRUIT_EXTRACT,1,878500,5239.0,4,5236.5,at_or_above_ask_touch,5234.5,5276.0,False,False,5250.5,5248.5,5280.5,14.0,12.0,44.0
VELVETFRUIT_EXTRACT,1,879700,5238.0,11,5237.5,at_or_above_ask_touch,5234.5,5276.0,False,False,5256.5,5247.5,5273.5,19.0,10.0,36.0
VELVETFRUIT_EXTRACT,1,881800,5244.0,4,5246.5,at_or_below_bid_touch,5234.5,5276.0,False,False,5255.5,5251.0,5275.5,9.0,4.5,29.0
VELVETFRUIT_EXTRACT,1,882600,5248.0,10,5247.0,at_or_above_ask_touch,5234.5,5276.0,False,False,5254.5,5250.5,5272.5,7.5,3.5,25.5
VELVETFRUIT_EXTRACT,1,883800,5251.0,8,5252.0,at_or_below_bid_touch,5234.5,5276.0,False,False,5250.5,5254.5,5268.5,-1.5,2.5,16.5
VELVETFRUIT_EXTRACT,1,883900,5251.0,3,5253.5,at_or_below_bid_touch,5234.5,5276.0,False,False,5250.5,5253.5,5267.5,-3.0,0.0,14.0
VELVETFRUIT_EXTRACT,1,884200,5253.0,4,5255.5,at_or_below_bid_touch,5234.5,5276.0,False,False,5249.5,5254.5,5265.5,-6.0,-1.0,10.0
VELVETFRUIT_EXTRACT,1,884600,5254.0,7,5256.5,at_or_below_bid_touch,5234.5,5276.0,False,False,5247.5,5253.5,5265.5,-9.0,-3.0,9.0
VELVETFRUIT_EXTRACT,1,886600,5259.0,5,5256.0,at_or_above_ask_touch,5234.5,5276.0,False,False,5250.5,5249.5,5264.5,-5.5,-6.5,8.5
VELVETFRUIT_EXTRACT,1,887800,5252.0,8,5253.5,at_or_below_bid_touch,5234.5,5276.0,False,False,5250.5,5248.5,5262.0,-3.0,-5.0,8.5
VELVETFRUIT_EXTRACT,1,890200,5240.0,4,5242.5,at_or_below_bid_touch,5234.5,5276.0,False,False,5252.0,5251.5,5262.5,9.5,9.0,20.0
VELVETFRUIT_EXTRACT,1,891000,5245.0,3,5247.5,at_or_below_bid_touch,5234.5,5276.0,False,False,5249.5,5252.5,5257.5,2.0,5.0,10.0
VELVETFRUIT_EXTRACT,1,896900,5247.0,11,5246.5,at_or_above_ask_touch,5234.5,5276.0,False,False,5255.5,5252.5,5244.5,9.0,6.0,-2.0
VELVETFRUIT_EXTRACT,1,899700,5247.0,5,5249.5,at_or_below_bid_touch,5234.5,5276.0,False,False,5258.0,5261.5,5249.5,8.5,12.0,0.0
VELVETFRUIT_EXTRACT,1,901000,5255.0,7,5252.5,at_or_above_ask_touch,5234.5,5276.0,False,False,5257.5,5262.5,5256.0,5.0,10.0,3.5
VELVETFRUIT_EXTRACT,1,901900,5253.0,3,5255.5,at_or_below_bid_touch,5234.5,5276.0,False,False,5252.5,5261.5,5258.5,-3.0,6.0,3.0
VELVETFRUIT_EXTRACT,1,904000,5261.0,6,5258.5,at_or_above_ask_touch,5234.5,5276.0,False,False,5256.5,5264.5,5260.5,-2.0,6.0,2.0
VELVETFRUIT_EXTRACT,1,905200,5257.0,6,5259.5,at_or_below_bid_touch,5234.5,5275.5,False,False,5260.5,5264.0,5265.0,1.0,4.5,5.5
VELVETFRUIT_EXTRACT,1,907000,5255.0,4,5252.5,at_or_above_ask_touch,5234.5,5271.5,False,False,5263.5,5260.5,5264.5,11.0,8.0,12.0
VELVETFRUIT_EXTRACT,1,907300,5252.0,4,5254.5,at_or_below_bid_touch,5234.5,5267.5,False,False,5264.5,5263.0,5263.5,10.0,8.5,9.0
VELVETFRUIT_EXTRACT,1,911600,5264.0,5,5261.5,at_or_above_ask_touch,5234.5,5263.5,False,True,5259.5,5271.5,5263.5,-2.0,10.0,2.0
VELVETFRUIT_EXTRACT,1,913100,5260.0,7,5262.5,at_or_below_bid_touch,5234.5,5264.5,False,False,5266.5,5273.5,5267.5,4.0,11.0,5.0
VELVETFRUIT_EXTRACT,1,914700,5263.0,8,5262.0,at_or_above_ask_touch,5234.5,5265.0,False,False,5268.5,5273.5,5275.5,6.5,11.5,13.5
VELVETFRUIT_EXTRACT,1,917300,5266.0,6,5263.0,at_or_above_ask_touch,5234.5,5267.5,False,False,5273.0,5277.0,5275.0,10.0,14.0,12.0
VELVETFRUIT_EXTRACT,1,923000,5270.0,6,5272.5,at_or_below_bid_touch,5234.5,5275.5,False,False,5277.5,5272.0,5259.5,5.0,-0.5,-13.0
VELVETFRUIT_EXTRACT,1,931200,5271.0,6,5273.5,at_or_below_bid_touch,5239.5,5280.5,False,False,5265.0,5256.5,5257.5,-8.5,-17.0,-16.0
VELVETFRUIT_EXTRACT,1,936600,5262.0,7,5264.5,at_or_below_bid_touch,5242.5,5280.5,False,False,5253.5,5245.5,5254.5,-11.0,-19.0,-10.0
VELVETFRUIT_EXTRACT,1,937800,5259.0,6,5262.0,at_or_below_bid_touch,5242.5,5280.5,False,False,5248.5,5249.0,5253.5,-13.5,-13.0,-8.5
VELVETFRUIT_EXTRACT,1,938200,5266.0,3,5263.5,at_or_above_ask_touch,5242.5,5280.5,False,False,5245.5,5248.0,5254.5,-18.0,-15.5,-9.0
VELVETFRUIT_EXTRACT,1,944800,5245.0,8,5242.0,at_or_above_ask_touch,5240.5,5280.5,False,False,5248.5,5263.5,5267.0,6.5,21.5,25.0
VELVETFRUIT_EXTRACT,1,946800,5248.0,8,5245.5,at_or_above_ask_touch,5240.5,5280.5,False,False,5258.5,5263.5,5266.0,13.0,18.0,20.5
VELVETFRUIT_EXTRACT,1,948700,5247.0,6,5246.0,at_or_above_ask_touch,5240.5,5280.5,False,False,5258.0,5262.0,5268.5,12.0,16.0,22.5
VELVETFRUIT_EXTRACT,1,949400,5248.0,9,5247.0,at_or_above_ask_touch,5240.5,5280.5,False,False,5262.5,5261.5,5270.0,15.5,14.5,23.0
VELVETFRUIT_EXTRACT,1,951500,5262.0,6,5259.5,at_or_above_ask_touch,5240.5,5280.5,False,False,5264.5,5263.5,,5.0,4.0,
VELVETFRUIT_EXTRACT,1,960700,5263.0,4,5260.0,at_or_above_ask_touch,5240.5,5280.5,False,False,5272.5,5267.5,,12.5,7.5,
VELVETFRUIT_EXTRACT,1,963300,5267.0,5,5269.5,at_or_below_bid_touch,5240.5,5280.5,False,False,5270.5,5258.5,,1.0,-11.0,
VELVETFRUIT_EXTRACT,1,963500,5267.0,5,5269.5,at_or_below_bid_touch,5240.5,5280.5,False,False,5271.5,5257.5,,2.0,-12.0,
VELVETFRUIT_EXTRACT,1,965000,5272.0,4,5274.5,at_or_below_bid_touch,5240.5,5280.5,False,False,5265.5,5258.5,,-9.0,-16.0,
VELVETFRUIT_EXTRACT,1,966200,5268.0,7,5270.5,at_or_below_bid_touch,5240.5,5280.5,False,False,5267.5,5255.5,,-3.0,-15.0,
VELVETFRUIT_EXTRACT,1,972800,5256.0,3,5259.0,at_or_below_bid_touch,5240.5,5280.5,False,False,5258.5,5253.5,,-0.5,-5.5,
VELVETFRUIT_EXTRACT,1,973300,5261.0,8,5258.5,at_or_above_ask_touch,5240.5,5280.5,False,False,5260.5,5255.5,,2.0,-3.0,
VELVETFRUIT_EXTRACT,1,975400,5255.0,3,5257.5,at_or_below_bid_touch,5240.5,5280.5,False,False,5257.5,5252.5,,0.0,-5.0,
VELVETFRUIT_EXTRACT,1,982000,5257.0,3,5254.5,at_or_above_ask_touch,5240.5,5276.5,False,False,5256.5,5263.0,,2.0,8.5,
VELVETFRUIT_EXTRACT,1,984700,5251.0,9,5250.0,at_or_above_ask_touch,5240.5,5276.5,False,False,5258.0,5267.0,,8.0,17.0,
VELVETFRUIT_EXTRACT,1,984900,5254.0,6,5251.5,at_or_above_ask_touch,5240.5,5276.5,False,False,5257.5,5267.5,,6.0,16.0,
VELVETFRUIT_EXTRACT,1,985600,5252.0,14,5251.5,at_or_above_ask_touch,5240.5,5276.5,False,False,5262.5,5267.0,,11.0,15.5,
VELVETFRUIT_EXTRACT,1,986300,5254.0,10,5253.0,at_or_above_ask_touch,5240.5,5276.5,False,False,5260.5,5266.0,,7.5,13.0,
VELVETFRUIT_EXTRACT,1,988000,5256.0,4,5253.5,at_or_above_ask_touch,5240.5,5276.5,False,False,5261.0,5268.5,,7.5,15.0,
VELVETFRUIT_EXTRACT,1,991500,5260.0,4,5262.5,at_or_below_bid_touch,5240.5,5276.5,False,False,5265.5,,,3.0,,
VELVETFRUIT_EXTRACT,1,991600,5260.0,7,5262.5,at_or_below_bid_touch,5240.5,5276.5,False,False,5266.5,,,4.0,,
VELVETFRUIT_EXTRACT,2,900,5262.0,8,5261.0,at_or_above_ask_touch,5261.0,5267.5,True,False,5276.0,5261.5,5265.5,15.0,0.5,4.5
VELVETFRUIT_EXTRACT,2,2700,5269.0,8,5272.0,at_or_below_bid_touch,5261.0,5272.5,False,False,5273.0,5265.0,5259.5,1.0,-7.0,-12.5
VELVETFRUIT_EXTRACT,2,2900,5272.0,8,5269.5,at_or_above_ask_touch,5261.0,5272.5,False,True,5271.5,5266.5,5261.0,2.0,-3.0,-8.5
VELVETFRUIT_EXTRACT,2,4800,5273.0,3,5270.5,at_or_above_ask_touch,5261.0,5274.5,False,False,5262.5,5267.0,5258.5,-8.0,-3.5,-12.0
VELVETFRUIT_EXTRACT,2,5700,5273.0,5,5276.0,at_or_below_bid_touch,5261.0,5276.0,False,False,5262.5,5270.0,5256.5,-13.5,-6.0,-19.5
VELVETFRUIT_EXTRACT,2,9900,5261.0,5,5263.0,at_or_below_bid_touch,5261.0,5276.5,True,False,5267.5,5268.5,5241.5,4.5,5.5,-21.5
VELVETFRUIT_EXTRACT,2,10700,5265.0,4,5262.5,at_or_above_ask_touch,5260.5,5276.5,False,False,5270.0,5268.5,5245.5,7.5,6.0,-17.0
VELVETFRUIT_EXTRACT,2,12100,5268.0,5,5267.0,at_or_above_ask_touch,5260.5,5276.5,False,False,5273.5,5270.5,5248.0,6.5,3.5,-19.0
VELVETFRUIT_EXTRACT,2,12600,5264.0,3,5266.5,at_or_below_bid_touch,5260.5,5276.5,False,False,5275.5,5269.5,5249.0,9.0,3.0,-17.5
VELVETFRUIT_EXTRACT,2,13900,5269.0,4,5266.5,at_or_above_ask_touch,5260.5,5276.5,False,False,5272.5,5265.0,5250.5,6.0,-1.5,-16.0
VELVETFRUIT_EXTRACT,2,16300,5275.0,5,5272.5,at_or_above_ask_touch,5260.5,5276.5,False,False,5271.0,5265.5,5252.0,-1.5,-7.0,-20.5
VELVETFRUIT_EXTRACT,2,17400,5274.0,3,5276.5,at_or_below_bid_touch,5260.5,5276.5,False,False,5269.5,5264.0,5256.5,-7.0,-12.5,-20.0
VELVETFRUIT_EXTRACT,2,23100,5264.0,4,5267.0,at_or_below_bid_touch,5260.5,5276.5,False,False,5265.5,5268.0,5258.5,-1.5,1.0,-8.5
VELVETFRUIT_EXTRACT,2,25500,5264.0,6,5266.5,at_or_below_bid_touch,5260.5,5276.5,False,False,5262.5,5269.0,5256.5,-4.0,2.5,-10.0
VELVETFRUIT_EXTRACT,2,26500,5269.0,6,5266.5,at_or_above_ask_touch,5260.5,5276.5,False,False,5261.5,5268.5,5255.0,-5.0,2.0,-11.5
VELVETFRUIT_EXTRACT,2,32500,5266.0,4,5265.0,at_or_above_ask_touch,5257.0,5276.5,False,False,5266.5,5253.5,5270.5,1.5,-11.5,5.5
VELVETFRUIT_EXTRACT,2,33300,5271.0,7,5268.5,at_or_above_ask_touch,5257.0,5276.5,False,False,5267.5,5252.5,5265.5,-1.0,-16.0,-3.0
VELVETFRUIT_EXTRACT,2,35700,5270.0,3,5267.5,at_or_above_ask_touch,5257.0,5276.5,False,False,5254.5,5255.5,5271.5,-13.0,-12.0,4.0
VELVETFRUIT_EXTRACT,2,35800,5264.0,7,5266.5,at_or_below_bid_touch,5257.0,5276.5,False,False,5255.0,5255.5,5269.5,-11.5,-11.0,3.0
VELVETFRUIT_EXTRACT,2,36100,5271.0,4,5268.5,at_or_above_ask_touch,5257.0,5276.5,False,False,5253.5,5254.5,5269.5,-15.0,-14.0,1.0
VELVETFRUIT_EXTRACT,2,38400,5265.0,8,5267.5,at_or_below_bid_touch,5257.0,5276.5,False,False,5254.5,5257.0,5268.0,-13.0,-10.5,0.5
VELVETFRUIT_EXTRACT,2,41700,5254.0,5,5251.5,at_or_above_ask_touch,5251.0,5276.5,False,False,5258.0,5262.5,5266.5,6.5,11.0,15.0
VELVETFRUIT_EXTRACT,2,42000,5247.0,8,5249.5,at_or_below_bid_touch,5249.5,5276.5,True,False,5258.5,5261.5,5268.5,9.0,12.0,19.0
VELVETFRUIT_EXTRACT,2,43000,5250.0,8,5252.5,at_or_below_bid_touch,5249.5,5276.5,True,False,5259.5,5258.5,5270.5,7.0,6.0,18.0
VELVETFRUIT_EXTRACT,2,44700,5255.0,8,5257.5,at_or_below_bid_touch,5249.5,5276.5,False,False,5259.0,5258.5,5265.5,1.5,1.0,8.0
VELVETFRUIT_EXTRACT,2,44900,5257.0,14,5256.5,at_or_above_ask_touch,5249.5,5276.5,False,False,5260.5,5257.5,5263.0,4.0,1.0,6.5
VELVETFRUIT_EXTRACT,2,46800,5256.0,8,5258.5,at_or_below_bid_touch,5249.5,5276.5,False,False,5262.5,5253.5,5263.0,4.0,-5.0,4.5
VELVETFRUIT_EXTRACT,2,48100,5261.0,7,5258.5,at_or_above_ask_touch,5249.5,5276.5,False,False,5260.5,5248.5,5264.5,2.0,-10.0,6.0
VELVETFRUIT_EXTRACT,2,48400,5258.0,5,5257.0,at_or_above_ask_touch,5249.5,5276.5,False,False,5261.5,5248.5,5264.5,4.5,-8.5,7.5
VELVETFRUIT_EXTRACT,2,52600,5263.0,8,5260.0,at_or_above_ask_touch,5249.5,5276.5,False,False,5248.5,5249.0,5265.0,-11.5,-11.0,5.0
VELVETFRUIT_EXTRACT,2,53200,5264.0,5,5261.5,at_or_above_ask_touch,5249.5,5276.5,False,False,5250.0,5253.0,5265.5,-11.5,-8.5,4.0
VELVETFRUIT_EXTRACT,2,53600,5257.0,5,5259.5,at_or_below_bid_touch,5249.5,5276.5,False,False,5247.5,5252.5,5264.5,-12.0,-7.0,5.0
VELVETFRUIT_EXTRACT,2,59200,5244.0,8,5241.5,at_or_above_ask_touch,5241.5,5276.5,False,False,5252.5,5252.0,5264.0,11.0,10.5,22.5
VELVETFRUIT_EXTRACT,2,64300,5249.0,3,5252.0,at_or_below_bid_touch,5241.5,5276.5,False,False,5254.5,5257.0,5257.5,2.5,5.0,5.5
VELVETFRUIT_EXTRACT,2,67600,5262.0,4,5259.5,at_or_above_ask_touch,5241.5,5275.5,False,False,5259.0,5253.5,5259.5,-0.5,-6.0,0.0
VELVETFRUIT_EXTRACT,2,70000,5255.0,6,5257.5,at_or_below_bid_touch,5241.5,5272.5,False,False,5256.5,5259.5,5253.0,-1.0,2.0,-4.5
VELVETFRUIT_EXTRACT,2,70400,5260.0,5,5257.5,at_or_above_ask_touch,5241.5,5272.5,False,False,5256.5,5262.5,5256.5,-1.0,5.0,-1.0
VELVETFRUIT_EXTRACT,2,71500,5251.0,4,5253.0,at_or_below_bid_touch,5241.5,5272.5,False,False,5255.0,5266.0,5257.5,2.0,13.0,4.5
VELVETFRUIT_EXTRACT,2,73100,5256.0,7,5258.5,at_or_below_bid_touch,5241.5,5272.5,False,False,5256.5,5267.0,5263.0,-2.0,8.5,4.5
VELVETFRUIT_EXTRACT,2,73200,5254.0,5,5257.0,at_or_below_bid_touch,5241.5,5272.5,False,False,5255.5,5266.5,5262.5,-1.5,9.5,5.5
VELVETFRUIT_EXTRACT,2,76700,5258.0,4,5255.0,at_or_above_ask_touch,5241.5,5272.5,False,False,5266.5,5267.5,5261.5,11.5,12.5,6.5
VELVETFRUIT_EXTRACT,2,82100,5270.0,5,5269.0,at_or_above_ask_touch,5241.5,5272.5,False,False,5270.0,5267.5,5257.5,1.0,-1.5,-11.5
VELVETFRUIT_EXTRACT,2,83000,5271.0,6,5268.0,at_or_above_ask_touch,5241.5,5272.5,False,False,5270.5,5270.5,5257.5,2.5,2.5,-10.5
VELVETFRUIT_EXTRACT,2,84100,5272.0,8,5269.0,at_or_above_ask_touch,5241.5,5272.5,False,True,5268.5,5267.0,5255.5,-0.5,-2.0,-13.5
VELVETFRUIT_EXTRACT,2,84400,5273.0,5,5270.5,at_or_above_ask_touch,5241.5,5272.5,False,True,5269.5,5267.5,5256.5,-1.0,-3.0,-14.0
VELVETFRUIT_EXTRACT,2,84800,5276.0,5,5273.5,at_or_above_ask_touch,5241.5,5275.5,False,True,5267.5,5264.5,5257.5,-6.0,-9.0,-16.0
VELVETFRUIT_EXTRACT,2,85500,5273.0,8,5270.5,at_or_above_ask_touch,5241.5,5275.5,False,False,5268.5,5262.5,5256.5,-2.0,-8.0,-14.0
VELVETFRUIT_EXTRACT,2,91700,5264.0,8,5266.5,at_or_below_bid_touch,5241.5,5275.5,False,False,5263.5,5263.5,5258.5,-3.0,-3.0,-8.0
VELVETFRUIT_EXTRACT,2,92600,5271.0,4,5268.5,at_or_above_ask_touch,5241.5,5275.5,False,False,5261.5,5265.0,5257.5,-7.0,-3.5,-11.0
VELVETFRUIT_EXTRACT,2,95100,5262.0,8,5264.5,at_or_below_bid_touch,5241.5,5275.5,False,False,5263.5,5261.5,5269.0,-1.0,-3.0,4.5
VELVETFRUIT_EXTRACT,2,97200,5265.0,7,5262.5,at_or_above_ask_touch,5241.5,5275.5,False,False,5263.5,5258.5,5261.5,1.0,-4.0,-1.0
VELVETFRUIT_EXTRACT,2,97400,5258.0,5,5260.5,at_or_below_bid_touch,5241.5,5275.5,False,False,5263.5,5260.5,5262.5,3.0,0.0,2.0
VELVETFRUIT_EXTRACT,2,103500,5263.0,8,5265.5,at_or_below_bid_touch,5241.5,5275.5,False,False,5261.0,5257.5,5271.5,-4.5,-8.0,6.0
VELVETFRUIT_EXTRACT,2,106300,5262.0,7,5259.5,at_or_above_ask_touch,5241.5,5275.5,False,False,5260.5,5254.5,5276.5,1.0,-5.0,17.0
VELVETFRUIT_EXTRACT,2,108800,5263.0,3,5260.5,at_or_above_ask_touch,5241.5,5275.5,False,False,5257.5,5253.5,5275.5,-3.0,-7.0,15.0
VELVETFRUIT_EXTRACT,2,109400,5266.0,6,5263.0,at_or_above_ask_touch,5241.5,5275.5,False,False,5258.0,5248.5,5274.0,-5.0,-14.5,11.0
VELVETFRUIT_EXTRACT,2,109800,5267.0,3,5264.5,at_or_above_ask_touch,5241.5,5275.5,False,False,5258.0,5251.5,5273.5,-6.5,-13.0,9.0
VELVETFRUIT_EXTRACT,2,110500,5262.0,8,5259.5,at_or_above_ask_touch,5245.5,5275.5,False,False,5253.5,5256.0,5272.5,-6.0,-3.5,13.0
VELVETFRUIT_EXTRACT,2,111300,5263.0,7,5260.5,at_or_above_ask_touch,5247.5,5275.5,False,False,5254.5,5257.5,5271.5,-6.0,-3.0,11.0
VELVETFRUIT_EXTRACT,2,112600,5257.0,10,5256.5,at_or_above_ask_touch,5249.0,5275.5,False,False,5259.5,5261.5,5270.5,3.0,5.0,14.0
VELVETFRUIT_EXTRACT,2,118100,5260.0,3,5257.5,at_or_above_ask_touch,5251.5,5275.5,False,False,5263.0,5257.5,5269.5,5.5,0.0,12.0
VELVETFRUIT_EXTRACT,2,122900,5258.0,8,5261.0,at_or_below_bid_touch,5248.5,5275.5,False,False,5255.5,5256.5,5275.5,-5.5,-4.5,14.5
VELVETFRUIT_EXTRACT,2,129300,5255.0,8,5254.0,at_or_above_ask_touch,5248.5,5275.5,False,False,5254.5,5253.5,5270.0,0.5,-0.5,16.0
VELVETFRUIT_EXTRACT,2,129300,5255.0,5,5254.0,at_or_above_ask_touch,5248.5,5275.5,False,False,5254.5,5253.5,5270.0,0.5,-0.5,16.0
VELVETFRUIT_EXTRACT,2,129600,5255.0,6,5257.5,at_or_below_bid_touch,5248.5,5275.5,False,False,5256.5,5254.5,5270.5,-1.0,-3.0,13.0
VELVETFRUIT_EXTRACT,2,130100,5256.0,5,5253.5,at_or_above_ask_touch,5248.5,5275.5,False,False,5257.5,5257.5,5268.5,4.0,4.0,15.0
VELVETFRUIT_EXTRACT,2,130300,5252.0,6,5254.5,at_or_below_bid_touch,5248.5,5275.5,False,False,5257.0,5256.5,5268.5,2.5,2.0,14.0
VELVETFRUIT_EXTRACT,2,133000,5260.0,7,5257.5,at_or_above_ask_touch,5248.5,5275.5,False,False,5257.5,5258.5,5265.5,0.0,1.0,8.0
VELVETFRUIT_EXTRACT,2,134300,5255.0,9,5254.5,at_or_above_ask_touch,5248.5,5275.5,False,False,5253.5,5263.0,5262.0,-1.0,8.5,7.5
VELVETFRUIT_EXTRACT,2,135500,5259.0,7,5256.5,at_or_above_ask_touch,5248.5,5272.5,False,False,5256.0,5268.5,5259.5,-0.5,12.0,3.0
VELVETFRUIT_EXTRACT,2,138700,5262.0,3,5259.0,at_or_above_ask_touch,5248.5,5271.0,False,False,5261.5,5264.5,5259.5,2.5,5.5,0.5
VELVETFRUIT_EXTRACT,2,140500,5257.0,6,5256.0,at_or_above_ask_touch,5248.5,5271.0,False,False,5268.5,5267.5,5258.0,12.5,11.5,2.0
VELVETFRUIT_EXTRACT,2,142300,5259.0,6,5256.5,at_or_above_ask_touch,5248.5,5271.0,False,False,5261.5,5274.0,5261.5,5.0,17.5,5.0
VELVETFRUIT_EXTRACT,2,143100,5261.0,7,5258.0,at_or_above_ask_touch,5248.5,5271.0,False,False,5266.5,5273.0,5262.5,8.5,15.0,4.5
VELVETFRUIT_EXTRACT,2,144300,5266.0,6,5263.0,at_or_above_ask_touch,5248.5,5267.5,False,False,5267.0,5272.0,5264.0,4.0,9.0,1.0
VELVETFRUIT_EXTRACT,2,147200,5259.0,8,5261.5,at_or_below_bid_touch,5248.5,5270.0,False,False,5273.5,5273.5,5261.5,12.0,12.0,0.0
VELVETFRUIT_EXTRACT,2,154300,5275.0,6,5272.0,at_or_above_ask_touch,5248.5,5275.0,False,True,5273.5,5281.5,5258.5,1.5,9.5,-13.5
VELVETFRUIT_EXTRACT,2,155100,5277.0,8,5274.0,at_or_above_ask_touch,5248.5,5275.0,False,True,5273.5,5277.5,5263.5,-0.5,3.5,-10.5
VELVETFRUIT_EXTRACT,2,155300,5277.0,3,5274.5,at_or_above_ask_touch,5248.5,5275.5,False,True,5273.5,5278.0,5264.5,-1.0,3.5,-10.0
VELVETFRUIT_EXTRACT,2,155700,5277.0,4,5274.5,at_or_above_ask_touch,5248.5,5275.5,False,True,5270.5,5272.0,5262.5,-4.0,-2.5,-12.0
VELVETFRUIT_EXTRACT,2,155800,5274.0,7,5276.5,at_or_below_bid_touch,5248.5,5276.5,False,False,5271.0,5274.5,5263.5,-5.5,-2.0,-13.0
VELVETFRUIT_EXTRACT,2,156200,5275.0,14,5274.5,at_or_above_ask_touch,5248.5,5276.5,False,False,5271.0,5274.5,5264.5,-3.5,0.0,-10.0
VELVETFRUIT_EXTRACT,2,157400,5272.0,13,5271.0,at_or_above_ask_touch,5248.5,5277.0,False,False,5267.5,5269.5,5269.5,-3.5,-1.5,-1.5
VELVETFRUIT_EXTRACT,2,164100,5282.0,5,5279.5,at_or_above_ask_touch,5248.5,5280.0,False,True,5271.5,5276.5,5268.5,-8.0,-3.0,-11.0
VELVETFRUIT_EXTRACT,2,164200,5278.0,7,5280.5,at_or_below_bid_touch,5248.5,5280.5,False,False,5271.5,5277.0,5267.5,-9.0,-3.5,-13.0
VELVETFRUIT_EXTRACT,2,165700,5273.0,10,5272.0,at_or_above_ask_touch,5248.5,5282.0,False,False,5268.5,5278.0,5264.5,-3.5,6.0,-7.5
VELVETFRUIT_EXTRACT,2,169900,5267.0,3,5268.0,at_or_below_bid_touch,5252.5,5282.0,False,False,5278.0,5269.0,5266.5,10.0,1.0,-1.5
VELVETFRUIT_EXTRACT,2,170500,5272.0,7,5269.5,at_or_above_ask_touch,5252.5,5282.0,False,False,5278.5,5269.0,5264.5,9.0,-0.5,-5.0
VELVETFRUIT_EXTRACT,2,171500,5271.0,7,5273.5,at_or_below_bid_touch,5252.5,5282.0,False,False,5280.0,5264.5,5257.5,6.5,-9.0,-16.0
VELVETFRUIT_EXTRACT,2,172600,5276.0,8,5273.5,at_or_above_ask_touch,5252.5,5282.0,False,False,5278.5,5266.5,5262.0,5.0,-7.0,-11.5
VELVETFRUIT_EXTRACT,2,174000,5278.0,6,5275.5,at_or_above_ask_touch,5252.5,5282.0,False,False,5274.5,5262.5,5261.5,-1.0,-13.0,-14.0
VELVETFRUIT_EXTRACT,2,175000,5279.0,4,5276.5,at_or_above_ask_touch,5252.5,5282.0,False,False,5268.5,5261.5,5267.0,-8.0,-15.0,-9.5
VELVETFRUIT_EXTRACT,2,178200,5272.0,3,5275.0,at_or_below_bid_touch,5252.5,5282.0,False,False,5264.5,5258.0,5258.5,-10.5,-17.0,-16.5
VELVETFRUIT_EXTRACT,2,179100,5275.0,8,5272.0,at_or_above_ask_touch,5252.5,5282.0,False,False,5262.5,5259.0,5261.5,-9.5,-13.0,-10.5
VELVETFRUIT_EXTRACT,2,185500,5262.0,5,5259.5,at_or_above_ask_touch,5253.5,5282.0,False,False,5258.0,5261.5,5273.0,-1.5,2.0,13.5
VELVETFRUIT_EXTRACT,2,188200,5255.0,3,5258.0,at_or_below_bid_touch,5253.5,5282.0,False,False,5261.5,5265.5,5268.0,3.5,7.5,10.0
VELVETFRUIT_EXTRACT,2,189700,5257.0,6,5259.5,at_or_below_bid_touch,5255.5,5282.0,False,False,5261.0,5263.5,5264.5,1.5,4.0,5.0
VELVETFRUIT_EXTRACT,2,194700,5262.0,10,5261.0,at_or_above_ask_touch,5255.5,5282.0,False,False,5263.5,5263.5,5272.5,2.5,2.5,11.5
VELVETFRUIT_EXTRACT,2,194900,5257.0,6,5260.0,at_or_below_bid_touch,5255.5,5282.0,False,False,5262.0,5262.5,5273.5,2.0,2.5,13.5
VELVETFRUIT_EXTRACT,2,195500,5264.0,6,5261.5,at_or_above_ask_touch,5255.5,5282.0,False,False,5262.5,5263.0,5272.0,1.0,1.5,10.5
VELVETFRUIT_EXTRACT,2,196700,5261.0,6,5263.5,at_or_below_bid_touch,5255.5,5282.0,False,False,5257.5,5267.0,5278.0,-6.0,3.5,14.5
VELVETFRUIT_EXTRACT,2,199400,5262.0,8,5261.5,at_or_above_ask_touch,5255.5,5282.0,False,False,5260.5,5267.5,5276.5,-1.0,6.0,15.0
VELVETFRUIT_EXTRACT,2,201300,5259.0,6,5260.5,at_or_below_bid_touch,5255.5,5282.0,False,False,5265.5,5267.5,5274.5,5.0,7.0,14.0
VELVETFRUIT_EXTRACT,2,203500,5263.0,4,5260.0,at_or_above_ask_touch,5255.5,5282.0,False,False,5266.5,5267.5,5266.0,6.5,7.5,6.0
VELVETFRUIT_EXTRACT,2,205000,5263.0,5,5265.0,at_or_below_bid_touch,5255.5,5282.0,False,False,5267.5,5264.5,5265.5,2.5,-0.5,0.5
VELVETFRUIT_EXTRACT,2,206000,5268.0,6,5265.5,at_or_above_ask_touch,5255.5,5282.0,False,False,5266.0,5266.5,5268.5,0.5,1.0,3.0
VELVETFRUIT_EXTRACT,2,207000,5268.0,15,5267.0,at_or_above_ask_touch,5255.5,5282.0,False,False,5267.5,5264.5,5266.5,0.5,-2.5,-0.5
VELVETFRUIT_EXTRACT,2,209400,5265.0,4,5267.5,at_or_below_bid_touch,5255.5,5282.0,False,False,5267.5,5264.5,5276.5,0.0,-3.0,9.0
VELVETFRUIT_EXTRACT,2,211400,5264.0,7,5266.5,at_or_below_bid_touch,5255.5,5282.0,False,False,5266.5,5257.5,5279.5,0.0,-9.0,13.0
VELVETFRUIT_EXTRACT,2,212100,5271.0,4,5268.0,at_or_above_ask_touch,5255.5,5282.0,False,False,5262.5,5258.5,5282.5,-5.5,-9.5,14.5
VELVETFRUIT_EXTRACT,2,212200,5267.0,5,5266.0,at_or_above_ask_touch,5255.5,5282.0,False,False,5264.5,5259.5,5282.0,-1.5,-6.5,16.0
VELVETFRUIT_EXTRACT,2,212900,5266.0,5,5268.5,at_or_below_bid_touch,5255.5,5282.0,False,False,5263.5,5259.5,5279.5,-5.0,-9.0,11.0
VELVETFRUIT_EXTRACT,2,217200,5262.0,4,5264.5,at_or_below_bid_touch,5255.5,5281.0,False,False,5259.5,5263.5,5284.0,-5.0,-1.0,19.5
VELVETFRUIT_EXTRACT,2,217800,5260.0,6,5263.0,at_or_below_bid_touch,5255.5,5281.0,False,False,5260.5,5260.0,5283.5,-2.5,-3.0,20.5
VELVETFRUIT_EXTRACT,2,220600,5260.0,4,5262.5,at_or_below_bid_touch,5255.5,5281.0,False,False,5265.5,5265.0,5279.5,3.0,2.5,17.0
VELVETFRUIT_EXTRACT,2,220800,5265.0,6,5262.5,at_or_above_ask_touch,5255.5,5281.0,False,False,5263.0,5267.5,5278.0,0.5,5.0,15.5
VELVETFRUIT_EXTRACT,2,229400,5260.0,7,5262.5,at_or_below_bid_touch,5255.5,5270.5,False,False,5266.5,5261.5,5271.5,4.0,-1.0,9.0
VELVETFRUIT_EXTRACT,2,231600,5262.0,5,5264.5,at_or_below_bid_touch,5255.5,5270.5,False,False,5267.5,5276.5,5268.5,3.0,12.0,4.0
VELVETFRUIT_EXTRACT,2,232000,5267.0,8,5264.5,at_or_above_ask_touch,5255.5,5270.5,False,False,5269.5,5273.5,5268.0,5.0,9.0,3.5
VELVETFRUIT_EXTRACT,2,237400,5273.0,6,5270.5,at_or_above_ask_touch,5256.0,5274.5,False,False,5273.5,5277.5,5278.0,3.0,7.0,7.5
VELVETFRUIT_EXTRACT,2,237600,5271.0,8,5270.0,at_or_above_ask_touch,5256.0,5274.5,False,False,5275.5,5276.5,5277.5,5.5,6.5,7.5
VELVETFRUIT_EXTRACT,2,237700,5273.0,8,5270.5,at_or_above_ask_touch,5256.0,5274.5,False,False,5274.5,5276.5,5275.5,4.0,6.0,5.0
VELVETFRUIT_EXTRACT,2,242100,5276.0,8,5273.5,at_or_above_ask_touch,5256.5,5276.5,False,True,5277.5,5273.0,5273.0,4.0,-0.5,-0.5
VELVETFRUIT_EXTRACT,2,243500,5274.0,4,5271.5,at_or_above_ask_touch,5256.5,5276.5,False,False,5274.5,5266.0,5271.0,3.0,-5.5,-0.5
VELVETFRUIT_EXTRACT,2,244900,5276.0,4,5273.5,at_or_above_ask_touch,5256.5,5276.5,False,True,5278.5,5263.5,5270.5,5.0,-10.0,-3.0
VELVETFRUIT_EXTRACT,2,258000,5271.0,15,5270.5,at_or_above_ask_touch,5256.5,5279.5,False,False,5279.5,5283.5,5271.5,9.0,13.0,1.0
VELVETFRUIT_EXTRACT,2,259500,5273.0,4,5276.0,at_or_below_bid_touch,5256.5,5279.5,False,False,5285.5,5278.0,5272.5,9.5,2.0,-3.5
VELVETFRUIT_EXTRACT,2,263900,5281.0,4,5283.5,at_or_below_bid_touch,5256.5,5283.5,False,False,5280.5,5279.5,5267.5,-3.0,-4.0,-16.0
VELVETFRUIT_EXTRACT,2,265100,5285.0,6,5287.5,at_or_below_bid_touch,5256.5,5287.5,False,False,5277.5,5277.5,5272.5,-10.0,-10.0,-15.0
VELVETFRUIT_EXTRACT,2,265500,5285.0,6,5287.5,at_or_below_bid_touch,5256.5,5287.5,False,False,5280.5,5274.5,5273.5,-7.0,-13.0,-14.0
VELVETFRUIT_EXTRACT,2,267000,5289.0,6,5286.5,at_or_above_ask_touch,5256.5,5290.0,False,True,5279.5,5274.0,5275.5,-7.0,-12.5,-11.0
VELVETFRUIT_EXTRACT,2,267400,5283.0,4,5285.5,at_or_below_bid_touch,5256.5,5290.0,False,False,5277.5,5270.5,5275.0,-8.0,-15.0,-10.5
VELVETFRUIT_EXTRACT,2,268200,5280.0,7,5282.5,at_or_below_bid_touch,5256.5,5290.0,False,False,5279.5,5268.5,5271.5,-3.0,-14.0,-11.0
VELVETFRUIT_EXTRACT,2,268600,5281.0,5,5284.0,at_or_below_bid_touch,5256.5,5290.0,False,False,5278.5,5269.5,5269.5,-5.5,-14.5,-14.5
VELVETFRUIT_EXTRACT,2,271100,5276.0,3,5278.5,at_or_below_bid_touch,5256.5,5290.0,False,False,5274.5,5267.5,5273.0,-4.0,-11.0,-5.5
VELVETFRUIT_EXTRACT,2,272700,5277.0,3,5279.5,at_or_below_bid_touch,5256.5,5290.0,False,False,5270.0,5269.0,5274.5,-9.5,-10.5,-5.0
VELVETFRUIT_EXTRACT,2,274100,5279.0,6,5280.5,at_or_below_bid_touch,5256.5,5290.0,False,False,5273.5,5270.5,5268.5,-7.0,-10.0,-12.0
VELVETFRUIT_EXTRACT,2,274300,5280.0,8,5277.5,at_or_above_ask_touch,5256.5,5290.0,False,False,5273.5,5271.5,5268.5,-4.0,-6.0,-9.0
VELVETFRUIT_EXTRACT,2,274600,5274.0,3,5276.5,at_or_below_bid_touch,5256.5,5290.0,False,False,5269.5,5275.0,5270.5,-7.0,-1.5,-6.0
VELVETFRUIT_EXTRACT,2,278700,5274.0,6,5271.5,at_or_above_ask_touch,5260.5,5290.0,False,False,5270.5,5275.5,5265.5,-1.0,4.0,-6.0
VELVETFRUIT_EXTRACT,2,278800,5276.0,4,5273.5,at_or_above_ask_touch,5260.5,5290.0,False,False,5270.5,5275.5,5265.5,-3.0,2.0,-8.0
VELVETFRUIT_EXTRACT,2,280700,5268.0,6,5270.5,at_or_below_bid_touch,5260.5,5290.0,False,False,5275.5,5270.5,5262.5,5.0,0.0,-8.0
VELVETFRUIT_EXTRACT,2,282600,5269.0,10,5270.5,at_or_below_bid_touch,5260.5,5290.0,False,False,5277.5,5272.5,5271.0,7.0,2.0,0.5
VELVETFRUIT_EXTRACT,2,282600,5272.0,6,5270.5,at_or_above_ask_touch,5260.5,5290.0,False,False,5277.5,5272.5,5271.0,7.0,2.0,0.5
VELVETFRUIT_EXTRACT,2,283300,5270.0,5,5272.5,at_or_below_bid_touch,5260.5,5290.0,False,False,5276.0,5271.5,5270.5,3.5,-1.0,-2.0
VELVETFRUIT_EXTRACT,2,285600,5278.0,4,5275.5,at_or_above_ask_touch,5260.5,5290.0,False,False,5271.5,5269.5,5271.5,-4.0,-6.0,-4.0
VELVETFRUIT_EXTRACT,2,285800,5276.0,6,5275.0,at_or_above_ask_touch,5260.5,5290.0,False,False,5272.5,5271.5,5270.5,-2.5,-3.5,-4.5
VELVETFRUIT_EXTRACT,2,286100,5278.0,5,5279.5,at_or_below_bid_touch,5260.5,5290.0,False,False,5271.5,5272.0,5270.5,-8.0,-7.5,-9.0
VELVETFRUIT_EXTRACT,2,288000,5274.0,8,5276.5,at_or_below_bid_touch,5260.5,5290.0,False,False,5271.0,5268.5,5271.0,-5.5,-8.0,-5.5
VELVETFRUIT_EXTRACT,2,291800,5267.0,4,5269.5,at_or_below_bid_touch,5263.5,5290.0,False,False,5271.0,5265.5,5269.5,1.5,-4.0,0.0
VELVETFRUIT_EXTRACT,2,293100,5274.0,5,5271.5,at_or_above_ask_touch,5263.5,5290.0,False,False,5269.5,5266.5,5272.0,-2.0,-5.0,0.5
VELVETFRUIT_EXTRACT,2,293400,5273.0,5,5270.5,at_or_above_ask_touch,5263.5,5290.0,False,False,5273.5,5268.5,5272.5,3.0,-2.0,2.0
VELVETFRUIT_EXTRACT,2,293700,5267.0,8,5269.5,at_or_below_bid_touch,5263.5,5290.0,False,False,5272.5,5267.0,5271.5,3.0,-2.5,2.0
VELVETFRUIT_EXTRACT,2,296800,5268.0,8,5271.0,at_or_below_bid_touch,5263.5,5290.0,False,False,5265.5,5272.0,5265.5,-5.5,1.0,-5.5
VELVETFRUIT_EXTRACT,2,301000,5267.0,8,5270.0,at_or_below_bid_touch,5263.5,5290.0,False,False,5271.5,5269.5,5258.5,1.5,-0.5,-11.5
VELVETFRUIT_EXTRACT,2,305600,5267.0,3,5269.5,at_or_below_bid_touch,5263.5,5290.0,False,False,5270.5,5273.5,5261.5,1.0,4.0,-8.0
VELVETFRUIT_EXTRACT,2,306000,5274.0,5,5271.5,at_or_above_ask_touch,5263.5,5290.0,False,False,5269.5,5275.5,5260.5,-2.0,4.0,-11.0
VELVETFRUIT_EXTRACT,2,307900,5268.0,8,5270.5,at_or_below_bid_touch,5263.5,5290.0,False,False,5272.5,5274.5,5265.5,2.0,4.0,-5.0
VELVETFRUIT_EXTRACT,2,308400,5270.0,3,5272.5,at_or_below_bid_touch,5263.5,5290.0,False,False,5270.5,5270.5,5263.0,-2.0,-2.0,-9.5
VELVETFRUIT_EXTRACT,2,311200,5265.0,8,5267.5,at_or_below_bid_touch,5263.5,5290.0,False,False,5274.5,5271.5,5265.5,7.0,4.0,-2.0
VELVETFRUIT_EXTRACT,2,311700,5273.0,6,5271.5,at_or_above_ask_touch,5263.5,5290.0,False,False,5275.5,5269.5,5263.0,4.0,-2.0,-8.5
VELVETFRUIT_EXTRACT,2,316800,5275.0,7,5274.0,at_or_above_ask_touch,5263.5,5286.5,False,False,5269.0,5262.5,5259.5,-5.0,-11.5,-14.5
VELVETFRUIT_EXTRACT,2,323200,5276.0,5,5273.5,at_or_above_ask_touch,5263.5,5282.0,False,False,5269.5,5268.0,5250.0,-4.0,-5.5,-23.5
VELVETFRUIT_EXTRACT,2,323500,5269.0,14,5268.0,at_or_above_ask_touch,5263.5,5282.0,False,False,5266.5,5271.0,5252.5,-1.5,3.0,-15.5
VELVETFRUIT_EXTRACT,2,327600,5266.0,5,5263.5,at_or_above_ask_touch,5261.0,5282.0,False,False,5271.0,5273.0,5251.5,7.5,9.5,-12.0
VELVETFRUIT_EXTRACT,2,328500,5269.0,7,5266.5,at_or_above_ask_touch,5261.0,5282.0,False,False,5271.0,5267.0,5250.5,4.5,0.5,-16.0
VELVETFRUIT_EXTRACT,2,328700,5268.0,5,5265.5,at_or_above_ask_touch,5261.0,5282.0,False,False,5268.5,5269.0,5252.5,3.0,3.5,-13.0
VELVETFRUIT_EXTRACT,2,330400,5261.0,8,5262.0,at_or_below_bid_touch,5261.0,5282.0,True,False,5268.5,5267.5,5252.5,6.5,5.5,-9.5
VELVETFRUIT_EXTRACT,2,332600,5274.0,8,5271.0,at_or_above_ask_touch,5261.0,5282.0,False,False,5273.0,5270.5,5252.5,2.0,-0.5,-18.5
VELVETFRUIT_EXTRACT,2,333200,5269.0,7,5268.0,at_or_above_ask_touch,5261.0,5282.0,False,False,5269.5,5272.5,5252.5,1.5,4.5,-15.5
VELVETFRUIT_EXTRACT,2,333900,5273.0,7,5270.0,at_or_above_ask_touch,5261.0,5282.0,False,False,5266.5,5272.5,5250.0,-3.5,2.5,-20.0
VELVETFRUIT_EXTRACT,2,335400,5271.0,6,5268.5,at_or_above_ask_touch,5261.0,5282.0,False,False,5267.5,5267.5,5245.5,-1.0,-1.0,-23.0
VELVETFRUIT_EXTRACT,2,336800,5268.0,5,5270.5,at_or_below_bid_touch,5261.0,5282.0,False,False,5269.5,5265.5,5243.5,-1.0,-5.0,-27.0
VELVETFRUIT_EXTRACT,2,337000,5271.0,6,5270.0,at_or_above_ask_touch,5261.0,5282.0,False,False,5271.0,5267.5,5240.0,1.0,-2.5,-30.0
VELVETFRUIT_EXTRACT,2,344000,5269.0,3,5271.5,at_or_below_bid_touch,5261.0,5282.0,False,False,5266.5,5257.5,5243.0,-5.0,-14.0,-28.5
VELVETFRUIT_EXTRACT,2,344600,5265.0,7,5268.0,at_or_below_bid_touch,5261.0,5282.0,False,False,5264.5,5260.5,5246.5,-3.5,-7.5,-21.5
VELVETFRUIT_EXTRACT,2,344900,5265.0,6,5267.5,at_or_below_bid_touch,5261.0,5282.0,False,False,5264.5,5262.0,5245.0,-3.0,-5.5,-22.5
VELVETFRUIT_EXTRACT,2,350600,5266.0,5,5263.5,at_or_above_ask_touch,5261.0,5282.0,False,False,5261.5,5265.5,5234.5,-2.0,2.0,-29.0
VELVETFRUIT_EXTRACT,2,352100,5252.0,4,5254.5,at_or_below_bid_touch,5254.5,5282.0,True,False,5262.5,5262.5,5229.0,8.0,8.0,-25.5
VELVETFRUIT_EXTRACT,2,352300,5257.0,8,5254.5,at_or_above_ask_touch,5254.5,5282.0,False,False,5262.5,5261.5,5227.5,8.0,7.0,-27.0
VELVETFRUIT_EXTRACT,2,353600,5254.0,7,5256.5,at_or_below_bid_touch,5254.5,5282.0,True,False,5261.5,5261.5,5231.0,5.0,5.0,-25.5
VELVETFRUIT_EXTRACT,2,353800,5257.0,7,5259.5,at_or_below_bid_touch,5254.5,5282.0,False,False,5260.5,5259.0,5232.5,1.0,-0.5,-27.0
VELVETFRUIT_EXTRACT,2,356500,5263.0,6,5260.5,at_or_above_ask_touch,5254.5,5282.0,False,False,5264.5,5260.0,5228.5,4.0,-0.5,-32.0
VELVETFRUIT_EXTRACT,2,358300,5261.0,7,5263.5,at_or_below_bid_touch,5254.5,5282.0,False,False,5261.5,5259.5,5227.5,-2.0,-4.0,-36.0
VELVETFRUIT_EXTRACT,2,358400,5266.0,5,5263.0,at_or_above_ask_touch,5254.5,5282.0,False,False,5262.5,5259.5,5226.5,-0.5,-3.5,-36.5
VELVETFRUIT_EXTRACT,2,360000,5267.0,7,5264.5,at_or_above_ask_touch,5254.5,5282.0,False,False,5258.0,5252.5,5227.5,-6.5,-12.0,-37.0
VELVETFRUIT_EXTRACT,2,361300,5267.0,3,5264.0,at_or_above_ask_touch,5254.5,5282.0,False,False,5260.0,5249.0,5226.5,-4.0,-15.0,-37.5
VELVETFRUIT_EXTRACT,2,361600,5260.0,5,5263.0,at_or_below_bid_touch,5254.5,5282.0,False,False,5260.0,5254.0,5226.0,-3.0,-9.0,-37.0
VELVETFRUIT_EXTRACT,2,362500,5260.0,5,5263.0,at_or_below_bid_touch,5254.5,5282.0,False,False,5260.5,5252.5,5225.5,-2.5,-10.5,-37.5
VELVETFRUIT_EXTRACT,2,365400,5257.0,7,5258.0,at_or_below_bid_touch,5254.5,5282.0,False,False,5250.5,5253.5,5226.5,-7.5,-4.5,-31.5
VELVETFRUIT_EXTRACT,2,368100,5256.0,6,5258.5,at_or_below_bid_touch,5254.5,5282.0,False,False,5253.5,5249.0,5232.5,-5.0,-9.5,-26.0
VELVETFRUIT_EXTRACT,2,372300,5250.0,6,5253.0,at_or_below_bid_touch,5249.0,5275.5,True,False,5251.0,5250.0,5231.5,-2.0,-3.0,-21.5
VELVETFRUIT_EXTRACT,2,373100,5256.0,6,5253.5,at_or_above_ask_touch,5249.0,5273.5,False,False,5249.0,5251.5,5231.5,-4.5,-2.0,-22.0
VELVETFRUIT_EXTRACT,2,376700,5250.0,7,5252.5,at_or_below_bid_touch,5249.0,5273.5,True,False,5248.5,5243.5,5237.5,-4.0,-9.0,-15.0
VELVETFRUIT_EXTRACT,2,378400,5249.0,10,5248.0,at_or_above_ask_touch,5248.0,5273.5,True,False,5251.5,5239.5,5237.5,3.5,-8.5,-10.5
VELVETFRUIT_EXTRACT,2,382200,5253.0,5,5250.5,at_or_above_ask_touch,5248.0,5273.5,False,False,5241.0,5244.5,5234.5,-9.5,-6.0,-16.0
VELVETFRUIT_EXTRACT,2,383100,5254.0,6,5251.5,at_or_above_ask_touch,5248.0,5273.5,False,False,5239.5,5242.5,5239.0,-12.0,-9.0,-12.5
VELVETFRUIT_EXTRACT,2,385100,5245.0,9,5244.5,at_or_above_ask_touch,5244.5,5273.5,True,False,5239.5,5245.5,5237.5,-5.0,1.0,-7.0
VELVETFRUIT_EXTRACT,2,389600,5238.0,7,5239.5,at_or_below_bid_touch,5236.5,5273.5,False,False,5246.5,5237.5,5239.0,7.0,-2.0,-0.5
VELVETFRUIT_EXTRACT,2,401000,5230.0,8,5232.5,at_or_below_bid_touch,5230.5,5267.5,True,False,5234.0,5226.5,5244.5,1.5,-6.0,12.0
VELVETFRUIT_EXTRACT,2,401500,5233.0,7,5230.0,at_or_above_ask_touch,5230.0,5267.5,False,False,5228.5,5224.0,5239.5,-1.5,-6.0,9.5
VELVETFRUIT_EXTRACT,2,406100,5231.0,4,5233.5,at_or_below_bid_touch,5226.5,5267.5,False,False,5227.5,5230.5,5240.5,-6.0,-3.0,7.0
VELVETFRUIT_EXTRACT,2,407000,5225.0,4,5227.5,at_or_below_bid_touch,5225.5,5267.5,True,False,5222.0,5234.5,5236.5,-5.5,7.0,9.0
VELVETFRUIT_EXTRACT,2,421400,5233.0,6,5230.5,at_or_above_ask_touch,5222.0,5256.5,False,False,5234.5,5234.5,5235.0,4.0,4.0,4.5
VELVETFRUIT_EXTRACT,2,424600,5232.0,6,5231.0,at_or_above_ask_touch,5222.0,5255.0,False,False,5236.5,5238.5,5235.5,5.5,7.5,4.5
VELVETFRUIT_EXTRACT,2,425300,5238.0,3,5235.5,at_or_above_ask_touch,5222.0,5255.0,False,False,5237.5,5240.5,5241.5,2.0,5.0,6.0
VELVETFRUIT_EXTRACT,2,427400,5241.0,5,5238.5,at_or_above_ask_touch,5222.0,5253.5,False,False,5236.5,5236.5,5246.5,-2.0,-2.0,8.0
VELVETFRUIT_EXTRACT,2,432100,5233.0,8,5235.5,at_or_below_bid_touch,5222.0,5253.5,False,False,5238.5,5238.5,5250.5,3.0,3.0,15.0
VELVETFRUIT_EXTRACT,2,433000,5238.0,4,5240.5,at_or_below_bid_touch,5222.0,5253.5,False,False,5237.5,5235.5,5248.5,-3.0,-5.0,8.0
VELVETFRUIT_EXTRACT,2,436100,5242.0,5,5239.5,at_or_above_ask_touch,5222.0,5246.5,False,False,5238.5,5248.5,5239.5,-1.0,9.0,0.0
VELVETFRUIT_EXTRACT,2,438500,5241.0,6,5238.5,at_or_above_ask_touch,5222.0,5246.5,False,False,5236.5,5249.5,5236.5,-2.0,11.0,-2.0
VELVETFRUIT_EXTRACT,2,441300,5235.0,5,5237.5,at_or_below_bid_touch,5222.0,5246.5,False,False,5250.5,5240.5,5241.5,13.0,3.0,4.0
VELVETFRUIT_EXTRACT,2,444200,5244.0,6,5241.5,at_or_above_ask_touch,5222.0,5246.5,False,False,5249.5,5238.0,5241.0,8.0,-3.5,-0.5
VELVETFRUIT_EXTRACT,2,448600,5252.0,7,5249.5,at_or_above_ask_touch,5222.0,5250.5,False,True,5238.5,5241.5,5244.5,-11.0,-8.0,-5.0
VELVETFRUIT_EXTRACT,2,448900,5247.0,9,5246.0,at_or_above_ask_touch,5222.0,5250.5,False,False,5239.5,5240.5,5243.5,-6.5,-5.5,-2.5
VELVETFRUIT_EXTRACT,2,453000,5240.0,3,5237.5,at_or_above_ask_touch,5222.0,5250.5,False,False,5241.5,5237.5,5241.5,4.0,0.0,4.0
VELVETFRUIT_EXTRACT,2,453800,5237.0,7,5239.5,at_or_below_bid_touch,5222.0,5250.5,False,False,5240.5,5238.5,5237.5,1.0,-1.0,-2.0
VELVETFRUIT_EXTRACT,2,457600,5242.0,3,5239.5,at_or_above_ask_touch,5222.0,5250.5,False,False,5237.5,5233.0,5237.5,-2.0,-6.5,-2.0
VELVETFRUIT_EXTRACT,2,460100,5235.0,4,5237.5,at_or_below_bid_touch,5222.0,5250.5,False,False,5239.5,5236.5,5235.5,2.0,-1.0,-2.0
VELVETFRUIT_EXTRACT,2,463600,5238.0,11,5237.5,at_or_above_ask_touch,5222.5,5250.5,False,False,5236.5,5234.5,5241.5,-1.0,-3.0,4.0
VELVETFRUIT_EXTRACT,2,464700,5238.0,5,5237.0,at_or_above_ask_touch,5226.0,5250.5,False,False,5237.0,5236.5,5246.0,0.0,-0.5,9.0
VELVETFRUIT_EXTRACT,2,466000,5234.0,3,5236.5,at_or_below_bid_touch,5228.5,5250.5,False,False,5235.0,5245.5,5246.5,-1.5,9.0,10.0
VELVETFRUIT_EXTRACT,2,466400,5233.0,14,5232.5,at_or_above_ask_touch,5228.5,5250.5,False,False,5235.0,5244.5,5249.5,2.5,12.0,17.0
VELVETFRUIT_EXTRACT,2,468600,5239.0,4,5236.5,at_or_above_ask_touch,5228.5,5250.5,False,False,5234.5,5246.5,5246.0,-2.0,10.0,9.5
VELVETFRUIT_EXTRACT,2,472900,5238.0,6,5235.5,at_or_above_ask_touch,5229.5,5250.5,False,False,5247.5,5249.0,5248.0,12.0,13.5,12.5
VELVETFRUIT_EXTRACT,2,473000,5238.0,4,5235.5,at_or_above_ask_touch,5229.5,5250.5,False,False,5247.5,5248.5,5249.5,12.0,13.0,14.0
VELVETFRUIT_EXTRACT,2,473800,5239.0,3,5236.5,at_or_above_ask_touch,5231.0,5250.5,False,False,5245.5,5244.5,5249.5,9.0,8.0,13.0
VELVETFRUIT_EXTRACT,2,474000,5238.0,5,5235.0,at_or_above_ask_touch,5231.0,5250.5,False,False,5243.5,5244.5,5248.5,8.5,9.5,13.5
VELVETFRUIT_EXTRACT,2,477300,5244.0,8,5246.5,at_or_below_bid_touch,5232.5,5250.5,False,False,5251.5,5236.5,5245.5,5.0,-10.0,-1.0
VELVETFRUIT_EXTRACT,2,480500,5240.0,3,5242.5,at_or_below_bid_touch,5232.5,5250.5,False,False,5242.5,5241.0,5247.5,0.0,-1.5,5.0
VELVETFRUIT_EXTRACT,2,483400,5249.0,3,5246.0,at_or_above_ask_touch,5232.5,5251.5,False,False,5235.5,5241.5,5242.5,-10.5,-4.5,-3.5
VELVETFRUIT_EXTRACT,2,486000,5237.0,5,5239.5,at_or_below_bid_touch,5232.5,5251.5,False,False,5242.5,5243.0,5240.5,3.0,3.5,1.0
VELVETFRUIT_EXTRACT,2,486200,5242.0,8,5239.0,at_or_above_ask_touch,5232.5,5251.5,False,False,5241.5,5245.5,5241.5,2.5,6.5,2.5
VELVETFRUIT_EXTRACT,2,486700,5236.0,8,5238.5,at_or_below_bid_touch,5232.5,5251.5,False,False,5243.5,5245.0,5243.5,5.0,6.5,5.0
VELVETFRUIT_EXTRACT,2,492000,5241.0,5,5243.5,at_or_below_bid_touch,5232.5,5251.5,False,False,5245.5,5244.0,5241.5,2.0,0.5,-2.0
VELVETFRUIT_EXTRACT,2,493000,5240.0,12,5239.5,at_or_above_ask_touch,5232.5,5251.5,False,False,5243.5,5241.5,5238.5,4.0,2.0,-1.0
VELVETFRUIT_EXTRACT,2,493500,5239.0,6,5242.0,at_or_below_bid_touch,5232.5,5251.5,False,False,5244.5,5237.5,5240.5,2.5,-4.5,-1.5
VELVETFRUIT_EXTRACT,2,494300,5244.0,6,5241.0,at_or_above_ask_touch,5232.5,5251.5,False,False,5245.5,5237.5,5240.0,4.5,-3.5,-1.0
VELVETFRUIT_EXTRACT,2,495100,5247.0,8,5245.5,at_or_above_ask_touch,5232.5,5251.5,False,False,5245.5,5233.0,5240.5,0.0,-12.5,-5.0
VELVETFRUIT_EXTRACT,2,498100,5242.0,8,5243.0,at_or_below_bid_touch,5232.5,5251.5,False,False,5241.5,5239.5,5238.5,-1.5,-3.5,-4.5
VELVETFRUIT_EXTRACT,2,500000,5248.0,3,5245.5,at_or_above_ask_touch,5232.5,5251.5,False,False,5235.5,5235.5,5234.5,-10.0,-10.0,-11.0
VELVETFRUIT_EXTRACT,2,501300,5247.0,7,5244.0,at_or_above_ask_touch,5232.5,5251.5,False,False,5235.0,5235.5,5239.5,-9.0,-8.5,-4.5
VELVETFRUIT_EXTRACT,2,505100,5232.0,7,5233.0,at_or_below_bid_touch,5232.5,5251.5,True,False,5235.5,5244.0,5243.5,2.5,11.0,10.5
VELVETFRUIT_EXTRACT,2,513600,5244.0,5,5241.5,at_or_above_ask_touch,5232.5,5251.5,False,False,5246.0,5249.5,5236.5,4.5,8.0,-5.0
VELVETFRUIT_EXTRACT,2,519800,5243.0,5,5245.5,at_or_below_bid_touch,5233.0,5251.5,False,False,5248.5,5246.5,5228.0,3.0,1.0,-17.5
VELVETFRUIT_EXTRACT,2,521700,5244.0,8,5243.0,at_or_above_ask_touch,5233.0,5251.5,False,False,5249.0,5248.5,5230.5,6.0,5.5,-12.5
VELVETFRUIT_EXTRACT,2,527200,5244.0,7,5246.5,at_or_below_bid_touch,5233.0,5251.5,False,False,5245.5,5245.5,5224.5,-1.0,-1.0,-22.0
VELVETFRUIT_EXTRACT,2,527300,5248.0,5,5245.5,at_or_above_ask_touch,5233.0,5251.5,False,False,5244.5,5246.5,5222.0,-1.0,1.0,-23.5
VELVETFRUIT_EXTRACT,2,529800,5249.0,3,5246.5,at_or_above_ask_touch,5233.0,5251.5,False,False,5240.5,5240.5,5222.5,-6.0,-6.0,-24.0
VELVETFRUIT_EXTRACT,2,530600,5246.0,5,5245.0,at_or_above_ask_touch,5233.0,5251.5,False,False,5241.5,5242.5,5223.5,-3.5,-2.5,-21.5
VELVETFRUIT_EXTRACT,2,533300,5243.0,3,5241.5,at_or_above_ask_touch,5233.0,5251.0,False,False,5242.5,5238.5,5219.5,1.0,-3.0,-22.0
VELVETFRUIT_EXTRACT,2,538700,5247.0,5,5244.5,at_or_above_ask_touch,5233.0,5251.0,False,False,5241.5,5238.5,5214.5,-3.0,-6.0,-30.0
VELVETFRUIT_EXTRACT,2,541400,5243.0,8,5240.5,at_or_above_ask_touch,5233.0,5251.0,False,False,5238.5,5241.5,5216.5,-2.0,1.0,-24.0
VELVETFRUIT_EXTRACT,2,544700,5243.0,8,5240.5,at_or_above_ask_touch,5233.0,5251.0,False,False,5234.5,5242.5,5219.5,-6.0,2.0,-21.0
VELVETFRUIT_EXTRACT,2,545400,5240.0,7,5237.5,at_or_above_ask_touch,5233.0,5251.0,False,False,5234.0,5240.0,5224.0,-3.5,2.5,-13.5
VELVETFRUIT_EXTRACT,2,545900,5238.0,5,5235.5,at_or_above_ask_touch,5233.0,5251.0,False,False,5239.5,5240.5,5224.5,4.0,5.0,-11.0
VELVETFRUIT_EXTRACT,2,547100,5237.0,13,5236.5,at_or_above_ask_touch,5233.0,5251.0,False,False,5239.0,5241.5,5230.5,2.5,5.0,-6.0
VELVETFRUIT_EXTRACT,2,548000,5235.0,5,5238.0,at_or_below_bid_touch,5233.0,5251.0,False,False,5234.5,5238.5,5234.5,-3.5,0.5,-3.5
VELVETFRUIT_EXTRACT,2,548900,5240.0,7,5237.0,at_or_above_ask_touch,5233.0,5251.0,False,False,5239.5,5238.5,5239.5,2.5,1.5,2.5
VELVETFRUIT_EXTRACT,2,551500,5238.0,6,5241.0,at_or_below_bid_touch,5232.0,5251.0,False,False,5242.5,5237.5,5247.0,1.5,-3.5,6.0
VELVETFRUIT_EXTRACT,2,554600,5240.0,7,5242.5,at_or_below_bid_touch,5232.0,5251.0,False,False,5239.5,5237.0,5242.5,-3.0,-5.5,0.0
VELVETFRUIT_EXTRACT,2,555000,5246.0,3,5243.0,at_or_above_ask_touch,5232.0,5251.0,False,False,5239.5,5234.5,5241.5,-3.5,-8.5,-1.5
VELVETFRUIT_EXTRACT,2,555700,5239.0,7,5241.5,at_or_below_bid_touch,5232.0,5251.0,False,False,5236.5,5236.5,5243.5,-5.0,-5.0,2.0
VELVETFRUIT_EXTRACT,2,556700,5238.0,8,5240.5,at_or_below_bid_touch,5232.0,5251.0,False,False,5237.0,5231.0,5248.5,-3.5,-9.5,8.0
VELVETFRUIT_EXTRACT,2,558800,5241.0,8,5238.5,at_or_above_ask_touch,5232.0,5251.0,False,False,5236.0,5229.0,5252.5,-2.5,-9.5,14.0
VELVETFRUIT_EXTRACT,2,558900,5241.0,7,5238.5,at_or_above_ask_touch,5232.0,5251.0,False,False,5236.5,5227.5,5252.5,-2.0,-11.0,14.0
VELVETFRUIT_EXTRACT,2,561100,5234.0,6,5236.5,at_or_below_bid_touch,5232.0,5251.0,False,False,5235.5,5226.0,5246.5,-1.0,-10.5,10.0
VELVETFRUIT_EXTRACT,2,561300,5234.0,3,5236.5,at_or_below_bid_touch,5232.0,5251.0,False,False,5232.5,5229.0,5243.0,-4.0,-7.5,6.5
VELVETFRUIT_EXTRACT,2,564900,5233.0,6,5235.5,at_or_below_bid_touch,5232.0,5251.0,True,False,5228.5,5234.5,5241.5,-7.0,-1.0,6.0
VELVETFRUIT_EXTRACT,2,566100,5233.0,3,5235.5,at_or_below_bid_touch,5232.0,5251.0,True,False,5226.0,5229.5,5234.5,-9.5,-6.0,-1.0
VELVETFRUIT_EXTRACT,2,566300,5235.0,5,5232.5,at_or_above_ask_touch,5232.0,5251.0,False,False,5229.0,5227.5,5234.5,-3.5,-5.0,2.0
VELVETFRUIT_EXTRACT,2,569800,5225.0,5,5228.0,at_or_below_bid_touch,5225.5,5250.5,True,False,5233.5,5222.5,5239.0,5.5,-5.5,11.0
VELVETFRUIT_EXTRACT,2,573500,5232.0,5,5234.5,at_or_below_bid_touch,5225.5,5250.5,False,False,5222.5,5217.5,5237.5,-12.0,-17.0,3.0
VELVETFRUIT_EXTRACT,2,573700,5237.0,3,5234.5,at_or_above_ask_touch,5225.5,5250.5,False,False,5220.5,5217.5,5236.5,-14.0,-17.0,2.0
VELVETFRUIT_EXTRACT,2,576500,5225.0,7,5227.5,at_or_below_bid_touch,5225.5,5250.5,True,False,5224.5,5214.5,5244.5,-3.0,-13.0,17.0
VELVETFRUIT_EXTRACT,2,577700,5223.0,8,5225.5,at_or_below_bid_touch,5222.0,5248.5,True,False,5224.5,5213.0,5244.5,-1.0,-12.5,19.0
VELVETFRUIT_EXTRACT,2,578300,5223.0,8,5225.5,at_or_below_bid_touch,5222.0,5248.5,True,False,5219.5,5215.5,5246.5,-6.0,-10.0,21.0
VELVETFRUIT_EXTRACT,2,587200,5214.0,6,5211.5,at_or_above_ask_touch,5211.5,5246.5,False,False,5220.5,5231.5,5246.0,9.0,20.0,34.5
VELVETFRUIT_EXTRACT,2,588400,5217.0,5,5214.5,at_or_above_ask_touch,5211.5,5244.5,False,False,5220.0,5235.5,5246.5,5.5,21.0,32.0
VELVETFRUIT_EXTRACT,2,589400,5212.0,3,5215.0,at_or_below_bid_touch,5211.5,5243.5,True,False,5217.5,5241.5,5247.0,2.5,26.5,32.0
VELVETFRUIT_EXTRACT,2,592000,5223.0,6,5220.5,at_or_above_ask_touch,5211.5,5243.5,False,False,5230.5,5247.0,5245.5,10.0,26.5,25.0
VELVETFRUIT_EXTRACT,2,604500,5245.0,7,5242.5,at_or_above_ask_touch,5211.5,5248.5,False,False,5252.0,5243.5,5252.5,9.5,1.0,10.0
VELVETFRUIT_EXTRACT,2,608800,5255.0,3,5252.5,at_or_above_ask_touch,5211.5,5252.5,False,True,5245.5,5237.5,5250.5,-7.0,-15.0,-2.0
VELVETFRUIT_EXTRACT,2,611300,5244.0,6,5243.0,at_or_above_ask_touch,5211.5,5252.5,False,False,5234.5,5229.0,5251.0,-8.5,-14.0,8.0
VELVETFRUIT_EXTRACT,2,612300,5241.0,8,5243.5,at_or_below_bid_touch,5211.5,5252.5,False,False,5234.0,5231.5,5251.5,-9.5,-12.0,8.0
VELVETFRUIT_EXTRACT,2,614100,5244.0,10,5243.0,at_or_above_ask_touch,5211.5,5252.5,False,False,5239.5,5235.0,5252.0,-3.5,-8.0,9.0
VELVETFRUIT_EXTRACT,2,616700,5237.0,4,5234.5,at_or_above_ask_touch,5211.5,5252.5,False,False,5227.5,5243.5,5254.5,-7.0,9.0,20.0
VELVETFRUIT_EXTRACT,2,617200,5237.0,6,5234.5,at_or_above_ask_touch,5211.5,5252.5,False,False,5232.0,5243.0,5256.5,-2.5,8.5,22.0
VELVETFRUIT_EXTRACT,2,620800,5234.0,4,5231.5,at_or_above_ask_touch,5211.5,5252.5,False,False,5243.5,5241.5,5266.5,12.0,10.0,35.0
VELVETFRUIT_EXTRACT,2,626300,5248.0,5,5245.5,at_or_above_ask_touch,5211.5,5252.5,False,False,5246.5,5245.5,5270.5,1.0,0.0,25.0
VELVETFRUIT_EXTRACT,2,627400,5246.0,7,5243.5,at_or_above_ask_touch,5211.5,5252.5,False,False,5246.5,5246.5,5265.0,3.0,3.0,21.5
VELVETFRUIT_EXTRACT,2,629200,5243.0,5,5246.0,at_or_below_bid_touch,5211.5,5252.5,False,False,5242.0,5248.5,5273.5,-4.0,2.5,27.5
VELVETFRUIT_EXTRACT,2,634400,5245.0,5,5242.0,at_or_above_ask_touch,5211.5,5252.5,False,False,5247.0,5244.5,5277.5,5.0,2.5,35.5
VELVETFRUIT_EXTRACT,2,641500,5248.0,5,5245.5,at_or_above_ask_touch,5214.5,5252.5,False,False,5248.0,5246.5,5271.5,2.5,1.0,26.0
VELVETFRUIT_EXTRACT,2,643000,5239.0,6,5241.5,at_or_below_bid_touch,5217.5,5252.5,False,False,5245.5,5246.5,5273.5,4.0,5.0,32.0
VELVETFRUIT_EXTRACT,2,650200,5246.0,6,5243.5,at_or_above_ask_touch,5226.5,5252.5,False,False,5252.5,5257.5,5268.5,9.0,14.0,25.0
VELVETFRUIT_EXTRACT,2,650600,5244.0,8,5243.0,at_or_above_ask_touch,5226.5,5252.5,False,False,5252.0,5257.5,5265.5,9.0,14.5,22.5
VELVETFRUIT_EXTRACT,2,651300,5247.0,8,5244.5,at_or_above_ask_touch,5226.5,5252.5,False,False,5253.0,5251.0,5265.5,8.5,6.5,21.0
VELVETFRUIT_EXTRACT,2,653800,5252.0,5,5249.5,at_or_above_ask_touch,5226.5,5252.5,False,True,5250.5,5251.5,5261.5,1.0,2.0,12.0
VELVETFRUIT_EXTRACT,2,656600,5253.0,8,5252.0,at_or_above_ask_touch,5226.5,5253.5,False,True,5250.0,5254.5,5264.5,-2.0,2.5,12.5
VELVETFRUIT_EXTRACT,2,658300,5249.0,3,5251.5,at_or_below_bid_touch,5226.5,5254.5,False,False,5251.5,5260.5,5263.5,0.0,9.0,12.0
VELVETFRUIT_EXTRACT,2,659800,5256.0,6,5257.0,at_or_below_bid_touch,5226.5,5257.5,False,False,5255.5,5263.5,5259.5,-1.5,6.5,2.5
VELVETFRUIT_EXTRACT,2,662600,5251.0,6,5248.0,at_or_above_ask_touch,5226.5,5258.0,False,False,5257.5,5268.5,5255.5,9.5,20.5,7.5
VELVETFRUIT_EXTRACT,2,667800,5262.0,5,5259.5,at_or_above_ask_touch,5226.5,5259.5,False,True,5270.0,5267.0,5244.5,10.5,7.5,-15.0
VELVETFRUIT_EXTRACT,2,672600,5271.0,3,5268.5,at_or_above_ask_touch,5234.5,5269.0,False,True,5264.5,5278.5,5239.5,-4.0,10.0,-29.0
VELVETFRUIT_EXTRACT,2,672800,5271.0,10,5270.0,at_or_above_ask_touch,5235.0,5270.5,False,True,5267.0,5280.5,5239.0,-3.0,10.5,-31.0
VELVETFRUIT_EXTRACT,2,673000,5270.0,5,5273.0,at_or_below_bid_touch,5235.0,5273.0,False,False,5268.5,5280.5,5239.5,-4.5,7.5,-33.5
VELVETFRUIT_EXTRACT,2,673600,5275.0,6,5272.5,at_or_above_ask_touch,5235.0,5274.5,False,True,5271.5,5280.5,5236.5,-1.0,8.0,-36.0
VELVETFRUIT_EXTRACT,2,675600,5272.0,7,5269.5,at_or_above_ask_touch,5239.5,5274.5,False,False,5274.5,5276.5,5235.5,5.0,7.0,-34.0
VELVETFRUIT_EXTRACT,2,679000,5273.0,5,5272.0,at_or_above_ask_touch,5239.5,5274.5,False,False,5281.5,5275.5,5230.5,9.5,3.5,-41.5
VELVETFRUIT_EXTRACT,2,682800,5283.0,6,5280.5,at_or_above_ask_touch,5239.5,5281.0,False,True,5271.5,5271.5,5231.5,-9.0,-9.0,-49.0
VELVETFRUIT_EXTRACT,2,683900,5283.0,3,5280.5,at_or_above_ask_touch,5239.5,5281.5,False,True,5274.5,5268.5,5229.5,-6.0,-12.0,-51.0
VELVETFRUIT_EXTRACT,2,684500,5273.0,7,5275.5,at_or_below_bid_touch,5239.5,5281.5,False,False,5273.5,5268.0,5232.0,-2.0,-7.5,-43.5
VELVETFRUIT_EXTRACT,2,686400,5274.0,8,5276.5,at_or_below_bid_touch,5239.5,5281.5,False,False,5273.5,5269.5,5225.5,-3.0,-7.0,-51.0
VELVETFRUIT_EXTRACT,2,687700,5269.0,7,5270.0,at_or_below_bid_touch,5239.5,5281.5,False,False,5270.5,5273.5,5222.5,0.5,3.5,-47.5
VELVETFRUIT_EXTRACT,2,687700,5271.0,5,5270.0,at_or_above_ask_touch,5239.5,5281.5,False,False,5270.5,5273.5,5222.5,0.5,3.5,-47.5
VELVETFRUIT_EXTRACT,2,688500,5272.0,3,5274.5,at_or_below_bid_touch,5239.5,5281.5,False,False,5271.5,5272.5,5219.0,-3.0,-2.0,-55.5
VELVETFRUIT_EXTRACT,2,690600,5275.0,5,5272.5,at_or_above_ask_touch,5239.5,5281.5,False,False,5269.5,5265.5,5212.5,-3.0,-7.0,-60.0
VELVETFRUIT_EXTRACT,2,691200,5271.0,7,5273.5,at_or_below_bid_touch,5239.5,5281.5,False,False,5267.0,5267.5,5213.5,-6.5,-6.0,-60.0
VELVETFRUIT_EXTRACT,2,692100,5272.0,8,5269.5,at_or_above_ask_touch,5239.5,5281.5,False,False,5272.5,5262.5,5214.5,3.0,-7.0,-55.0
VELVETFRUIT_EXTRACT,2,692500,5268.0,6,5270.5,at_or_below_bid_touch,5239.5,5281.5,False,False,5273.5,5263.5,5213.5,3.0,-7.0,-57.0
VELVETFRUIT_EXTRACT,2,693900,5271.0,3,5268.5,at_or_above_ask_touch,5239.5,5281.5,False,False,5271.0,5262.5,5212.0,2.5,-6.0,-56.5
VELVETFRUIT_EXTRACT,2,694400,5271.0,3,5268.5,at_or_above_ask_touch,5239.5,5281.5,False,False,5272.5,5262.5,5208.5,4.0,-6.0,-60.0
VELVETFRUIT_EXTRACT,2,700500,5264.0,10,5263.0,at_or_above_ask_touch,5239.5,5281.5,False,False,5262.5,5257.5,5215.5,-0.5,-5.5,-47.5
VELVETFRUIT_EXTRACT,2,701000,5263.0,4,5265.5,at_or_below_bid_touch,5239.5,5281.5,False,False,5263.5,5259.5,5214.0,-2.0,-6.0,-51.5
VELVETFRUIT_EXTRACT,2,702100,5265.0,5,5262.5,at_or_above_ask_touch,5243.0,5281.5,False,False,5261.0,5254.5,5217.5,-1.5,-8.0,-45.0
VELVETFRUIT_EXTRACT,2,702200,5260.0,3,5262.5,at_or_below_bid_touch,5244.5,5281.5,False,False,5261.0,5254.5,5217.5,-1.5,-8.0,-45.0
VELVETFRUIT_EXTRACT,2,704600,5265.0,8,5262.5,at_or_above_ask_touch,5247.5,5281.5,False,False,5260.5,5247.0,5221.5,-2.0,-15.5,-41.0
VELVETFRUIT_EXTRACT,2,705100,5267.0,7,5264.5,at_or_above_ask_touch,5247.5,5281.5,False,False,5257.5,5246.0,5224.5,-7.0,-18.5,-40.0
VELVETFRUIT_EXTRACT,2,705700,5261.0,4,5263.5,at_or_below_bid_touch,5247.5,5281.5,False,False,5258.5,5246.0,5222.5,-5.0,-17.5,-41.0
VELVETFRUIT_EXTRACT,2,713000,5255.0,8,5252.5,at_or_above_ask_touch,5248.0,5281.5,False,False,5244.0,5239.5,5225.5,-8.5,-13.0,-27.0
VELVETFRUIT_EXTRACT,2,715300,5244.0,8,5243.5,at_or_above_ask_touch,5243.5,5281.5,True,False,5240.0,5236.5,5229.5,-3.5,-7.0,-14.0
VELVETFRUIT_EXTRACT,2,717300,5244.0,12,5243.5,at_or_above_ask_touch,5243.5,5281.5,True,False,5239.5,5232.0,5228.5,-4.0,-11.5,-15.0
VELVETFRUIT_EXTRACT,2,720500,5237.0,11,5236.5,at_or_above_ask_touch,5236.5,5281.5,True,False,5234.5,5223.5,5236.5,-2.0,-13.0,0.0
VELVETFRUIT_EXTRACT,2,721200,5239.0,3,5240.5,at_or_below_bid_touch,5236.5,5281.5,False,False,5232.5,5230.5,5232.5,-8.0,-10.0,-8.0
VELVETFRUIT_EXTRACT,2,722300,5242.0,4,5239.5,at_or_above_ask_touch,5236.5,5281.5,False,False,5232.0,5233.0,5231.5,-7.5,-6.5,-8.0
VELVETFRUIT_EXTRACT,2,726100,5231.0,5,5233.5,at_or_below_bid_touch,5233.0,5281.5,True,False,5229.0,5229.0,5243.5,-4.5,-4.5,10.0
VELVETFRUIT_EXTRACT,2,730300,5223.0,5,5225.5,at_or_below_bid_touch,5224.5,5281.5,True,False,5229.5,5215.0,5240.0,4.0,-10.5,14.5
VELVETFRUIT_EXTRACT,2,735100,5227.0,3,5229.5,at_or_below_bid_touch,5223.5,5278.0,False,False,5213.5,5211.5,5242.5,-16.0,-18.0,13.0
VELVETFRUIT_EXTRACT,2,737500,5226.0,3,5223.5,at_or_above_ask_touch,5223.5,5276.5,False,False,5213.5,5212.5,5247.5,-10.0,-11.0,24.0
VELVETFRUIT_EXTRACT,2,737600,5221.0,5,5224.0,at_or_below_bid_touch,5223.5,5276.5,True,False,5214.5,5213.5,5246.5,-9.5,-10.5,22.5
VELVETFRUIT_EXTRACT,2,738000,5220.0,8,5222.5,at_or_below_bid_touch,5222.0,5276.5,True,False,5213.5,5212.5,5245.0,-9.0,-10.0,22.5
VELVETFRUIT_EXTRACT,2,738500,5216.0,4,5219.0,at_or_below_bid_touch,5219.0,5276.5,True,False,5212.5,5214.5,5245.5,-6.5,-4.5,26.5
VELVETFRUIT_EXTRACT,2,738800,5215.0,3,5217.5,at_or_below_bid_touch,5217.5,5276.5,True,False,5212.0,5215.5,5244.5,-5.5,-2.0,27.0
VELVETFRUIT_EXTRACT,2,739900,5217.0,4,5214.5,at_or_above_ask_touch,5214.5,5276.5,False,False,5209.0,5215.5,5240.5,-5.5,1.0,26.0
VELVETFRUIT_EXTRACT,2,740300,5216.0,7,5215.0,at_or_above_ask_touch,5213.0,5276.5,False,False,5210.5,5217.5,5242.5,-4.5,2.5,27.5
VELVETFRUIT_EXTRACT,2,742000,5213.0,8,5215.5,at_or_below_bid_touch,5209.5,5276.5,False,False,5210.5,5216.0,5243.5,-5.0,0.5,28.0
VELVETFRUIT_EXTRACT,2,744200,5208.0,8,5207.0,at_or_above_ask_touch,5207.0,5276.5,True,False,5215.5,5221.5,5245.0,8.5,14.5,38.0
VELVETFRUIT_EXTRACT,2,751300,5211.0,5,5213.5,at_or_below_bid_touch,5207.0,5265.5,False,False,5224.5,5224.5,5254.5,11.0,11.0,41.0
VELVETFRUIT_EXTRACT,2,756000,5225.0,7,5226.0,at_or_below_bid_touch,5207.0,5265.0,False,False,5221.5,5225.5,5260.5,-4.5,-0.5,34.5
VELVETFRUIT_EXTRACT,2,758100,5213.0,8,5215.5,at_or_below_bid_touch,5207.0,5263.5,False,False,5225.5,5231.5,5263.5,10.0,16.0,48.0
VELVETFRUIT_EXTRACT,2,761800,5224.0,7,5226.5,at_or_below_bid_touch,5207.0,5258.5,False,False,5227.5,5234.0,5248.0,1.0,7.5,21.5
VELVETFRUIT_EXTRACT,2,762600,5225.0,6,5227.5,at_or_below_bid_touch,5207.0,5253.5,False,False,5231.5,5233.0,5248.0,4.0,5.5,20.5
VELVETFRUIT_EXTRACT,2,762800,5231.0,6,5228.5,at_or_above_ask_touch,5207.0,5252.5,False,False,5230.5,5232.5,5245.5,2.0,4.0,17.0
VELVETFRUIT_EXTRACT,2,766000,5228.0,4,5225.5,at_or_above_ask_touch,5207.0,5250.5,False,False,5233.5,5242.0,5242.5,8.0,16.5,17.0
VELVETFRUIT_EXTRACT,2,771600,5230.0,12,5229.5,at_or_above_ask_touch,5207.0,5239.5,False,False,5238.5,5235.5,5253.5,9.0,6.0,24.0
VELVETFRUIT_EXTRACT,2,771800,5237.0,6,5234.0,at_or_above_ask_touch,5207.0,5239.5,False,False,5238.5,5235.5,5252.5,4.5,1.5,18.5
VELVETFRUIT_EXTRACT,2,773800,5234.0,8,5236.5,at_or_below_bid_touch,5207.0,5238.0,False,False,5242.0,5242.5,5253.0,5.5,6.0,16.5
VELVETFRUIT_EXTRACT,2,775500,5242.0,7,5239.5,at_or_above_ask_touch,5207.0,5239.5,False,True,5238.0,5244.5,5255.5,-1.5,5.0,16.0
VELVETFRUIT_EXTRACT,2,777200,5238.0,10,5237.0,at_or_above_ask_touch,5207.0,5243.5,False,False,5235.5,5248.5,5253.5,-1.5,11.5,16.5
VELVETFRUIT_EXTRACT,2,779700,5243.0,4,5242.0,at_or_above_ask_touch,5207.0,5246.0,False,False,5245.5,5240.5,5252.5,3.5,-1.5,10.5
VELVETFRUIT_EXTRACT,2,781100,5241.0,7,5238.5,at_or_above_ask_touch,5207.0,5246.0,False,False,5244.5,5243.5,5255.5,6.0,5.0,17.0
VELVETFRUIT_EXTRACT,2,781500,5235.0,7,5237.5,at_or_below_bid_touch,5207.0,5246.0,False,False,5245.5,5244.5,5256.5,8.0,7.0,19.0
VELVETFRUIT_EXTRACT,2,781900,5235.0,5,5236.5,at_or_below_bid_touch,5207.0,5246.0,False,False,5248.5,5244.5,5255.0,12.0,8.0,18.5
VELVETFRUIT_EXTRACT,2,783400,5238.0,6,5240.5,at_or_below_bid_touch,5207.0,5246.0,False,False,5245.5,5241.0,5253.5,5.0,0.5,13.0
VELVETFRUIT_EXTRACT,2,787000,5251.0,6,5248.0,at_or_above_ask_touch,5207.0,5248.5,False,True,5243.5,5239.0,5256.5,-4.5,-9.0,8.5
VELVETFRUIT_EXTRACT,2,791700,5243.0,6,5245.5,at_or_below_bid_touch,5207.0,5248.5,False,False,5239.0,5252.5,5258.5,-6.5,7.0,13.0
VELVETFRUIT_EXTRACT,2,793900,5243.0,5,5242.0,at_or_above_ask_touch,5207.0,5248.5,False,False,5242.5,5258.0,5256.5,0.5,16.0,14.5
VELVETFRUIT_EXTRACT,2,796100,5245.0,5,5242.5,at_or_above_ask_touch,5209.0,5248.5,False,False,5254.5,5261.5,5261.5,12.0,19.0,19.0
VELVETFRUIT_EXTRACT,2,796600,5244.0,7,5241.0,at_or_above_ask_touch,5209.0,5248.5,False,False,5251.5,5264.0,5260.5,10.5,23.0,19.5
VELVETFRUIT_EXTRACT,2,798800,5241.0,12,5240.5,at_or_above_ask_touch,5212.5,5248.5,False,False,5257.5,5260.0,5255.5,17.0,19.5,15.0
VELVETFRUIT_EXTRACT,2,798900,5245.0,8,5242.5,at_or_above_ask_touch,5212.5,5248.5,False,False,5258.0,5259.5,5256.0,15.5,17.0,13.5
VELVETFRUIT_EXTRACT,2,802600,5252.0,7,5254.5,at_or_below_bid_touch,5212.5,5254.5,False,False,5260.5,5248.0,5256.5,6.0,-6.5,2.0
VELVETFRUIT_EXTRACT,2,803000,5257.0,3,5254.0,at_or_above_ask_touch,5212.5,5254.5,False,True,5263.5,5243.0,5257.5,9.5,-11.0,3.5
VELVETFRUIT_EXTRACT,2,805000,5259.0,3,5256.5,at_or_above_ask_touch,5212.5,5260.0,False,True,5254.5,5242.5,5254.5,-2.0,-14.0,-2.0
VELVETFRUIT_EXTRACT,2,807300,5263.0,6,5260.5,at_or_above_ask_touch,5212.5,5265.5,False,False,5247.5,5244.5,5258.5,-13.0,-16.0,-2.0
VELVETFRUIT_EXTRACT,2,810000,5256.0,5,5254.5,at_or_above_ask_touch,5219.5,5265.5,False,False,5242.5,5251.5,5256.5,-12.0,-3.0,2.0
VELVETFRUIT_EXTRACT,2,810800,5250.0,5,5251.0,at_or_below_bid_touch,5221.5,5265.5,False,False,5243.5,5253.0,5254.5,-7.5,2.0,3.5
VELVETFRUIT_EXTRACT,2,812300,5245.0,8,5247.5,at_or_below_bid_touch,5222.5,5265.5,False,False,5244.5,5252.5,5255.5,-3.0,5.0,8.0
VELVETFRUIT_EXTRACT,2,812600,5251.0,5,5248.0,at_or_above_ask_touch,5222.5,5265.5,False,False,5243.5,5252.5,5255.5,-4.5,4.5,7.5
VELVETFRUIT_EXTRACT,2,813500,5240.0,4,5242.5,at_or_below_bid_touch,5224.5,5265.5,False,False,5245.5,5251.5,5252.5,3.0,9.0,10.0
VELVETFRUIT_EXTRACT,2,815900,5246.0,3,5243.5,at_or_above_ask_touch,5225.5,5265.5,False,False,5254.5,5256.5,5258.5,11.0,13.0,15.0
VELVETFRUIT_EXTRACT,2,819500,5248.0,7,5251.0,at_or_below_bid_touch,5229.5,5265.5,False,False,5254.5,5252.5,5248.5,3.5,1.5,-2.5
VELVETFRUIT_EXTRACT,2,822500,5255.0,5,5252.5,at_or_above_ask_touch,5232.0,5265.5,False,False,5254.0,5255.5,5247.5,1.5,3.0,-5.0
VELVETFRUIT_EXTRACT,2,823500,5254.0,8,5251.5,at_or_above_ask_touch,5232.0,5265.5,False,False,5255.5,5254.5,5246.0,4.0,3.0,-5.5
VELVETFRUIT_EXTRACT,2,825200,5256.0,4,5253.5,at_or_above_ask_touch,5234.5,5265.5,False,False,5251.5,5256.5,5250.5,-2.0,3.0,-3.0
VELVETFRUIT_EXTRACT,2,825600,5259.0,6,5256.5,at_or_above_ask_touch,5234.5,5265.5,False,False,5254.5,5255.5,5248.5,-2.0,-1.0,-8.0
VELVETFRUIT_EXTRACT,2,825700,5259.0,6,5256.5,at_or_above_ask_touch,5234.5,5265.5,False,False,5254.0,5255.5,5248.5,-2.5,-1.0,-8.0
VELVETFRUIT_EXTRACT,2,827900,5256.0,3,5253.0,at_or_above_ask_touch,5234.5,5265.5,False,False,5256.5,5256.5,5246.5,3.5,3.5,-6.5
VELVETFRUIT_EXTRACT,2,828400,5258.0,3,5255.0,at_or_above_ask_touch,5234.5,5265.5,False,False,5253.5,5257.5,5250.5,-1.5,2.5,-4.5
VELVETFRUIT_EXTRACT,2,829800,5254.0,7,5251.5,at_or_above_ask_touch,5234.5,5265.5,False,False,5257.0,5254.5,5252.5,5.5,3.0,1.0
VELVETFRUIT_EXTRACT,2,831300,5257.0,3,5254.5,at_or_above_ask_touch,5234.5,5265.5,False,False,5256.5,5259.5,5251.5,2.0,5.0,-3.0
VELVETFRUIT_EXTRACT,2,833700,5258.0,5,5255.5,at_or_above_ask_touch,5236.5,5265.5,False,False,5259.0,5257.5,5254.5,3.5,2.0,-1.0
VELVETFRUIT_EXTRACT,2,836500,5256.0,4,5258.5,at_or_below_bid_touch,5236.5,5265.5,False,False,5257.5,5259.5,5262.5,-1.0,1.0,4.0
VELVETFRUIT_EXTRACT,2,840900,5255.0,8,5255.5,at_or_below_bid_touch,5236.5,5265.5,False,False,5261.5,5257.5,5265.5,6.0,2.0,10.0
VELVETFRUIT_EXTRACT,2,840900,5256.0,11,5255.5,at_or_above_ask_touch,5236.5,5265.5,False,False,5261.5,5257.5,5265.5,6.0,2.0,10.0
VELVETFRUIT_EXTRACT,2,841800,5258.0,8,5259.5,at_or_below_bid_touch,5236.5,5265.5,False,False,5260.5,5255.5,5269.5,1.0,-4.0,10.0
VELVETFRUIT_EXTRACT,2,844300,5262.0,7,5259.5,at_or_above_ask_touch,5236.5,5265.5,False,False,5254.0,5256.5,5276.5,-5.5,-3.0,17.0
VELVETFRUIT_EXTRACT,2,844800,5260.0,5,5262.5,at_or_below_bid_touch,5236.5,5265.5,False,False,5254.5,5255.5,5271.5,-8.0,-7.0,9.0
VELVETFRUIT_EXTRACT,2,845400,5259.0,7,5261.5,at_or_below_bid_touch,5237.0,5265.5,False,False,5256.0,5256.5,5268.5,-5.5,-5.0,7.0
VELVETFRUIT_EXTRACT,2,848300,5260.0,7,5257.5,at_or_above_ask_touch,5240.5,5265.5,False,False,5257.5,5259.5,5280.0,0.0,2.0,22.5
VELVETFRUIT_EXTRACT,2,848400,5256.0,11,5255.0,at_or_above_ask_touch,5240.5,5265.5,False,False,5258.5,5258.5,5281.5,3.5,3.5,26.5
VELVETFRUIT_EXTRACT,2,860300,5253.0,3,5255.5,at_or_below_bid_touch,5241.5,5264.5,False,False,5253.5,5246.0,5277.0,-2.0,-9.5,21.5
VELVETFRUIT_EXTRACT,2,861000,5252.0,4,5254.5,at_or_below_bid_touch,5241.5,5264.5,False,False,5257.5,5248.5,5275.5,3.0,-6.0,21.0
VELVETFRUIT_EXTRACT,2,862900,5253.0,8,5252.0,at_or_above_ask_touch,5241.5,5264.5,False,False,5254.5,5249.5,5283.0,2.5,-2.5,31.0
VELVETFRUIT_EXTRACT,2,863200,5252.0,3,5251.0,at_or_above_ask_touch,5241.5,5264.5,False,False,5253.5,5247.5,5283.5,2.5,-3.5,32.5
VELVETFRUIT_EXTRACT,2,864300,5257.0,4,5258.5,at_or_below_bid_touch,5241.5,5264.5,False,False,5247.5,5246.5,5279.0,-11.0,-12.0,20.5
VELVETFRUIT_EXTRACT,2,872400,5248.0,15,5247.5,at_or_above_ask_touch,5246.0,5264.5,False,False,5246.5,5251.5,5286.5,-1.0,4.0,39.0
VELVETFRUIT_EXTRACT,2,874800,5247.0,8,5249.5,at_or_below_bid_touch,5244.5,5264.5,False,False,5252.5,5255.5,5282.5,3.0,6.0,33.0
VELVETFRUIT_EXTRACT,2,878000,5243.0,4,5245.5,at_or_below_bid_touch,5244.5,5264.5,True,False,5254.0,5271.5,5278.5,8.5,26.0,33.0
VELVETFRUIT_EXTRACT,2,881200,5253.0,4,5250.5,at_or_above_ask_touch,5244.5,5264.5,False,False,5263.0,5266.5,5274.0,12.5,16.0,23.5
VELVETFRUIT_EXTRACT,2,883000,5251.0,4,5254.0,at_or_below_bid_touch,5244.5,5264.5,False,False,5271.5,5274.5,5278.0,17.5,20.5,24.0
VELVETFRUIT_EXTRACT,2,886000,5265.0,3,5262.5,at_or_above_ask_touch,5244.5,5264.5,False,True,5264.0,5273.5,5275.5,1.5,11.0,13.0
VELVETFRUIT_EXTRACT,2,887000,5268.0,4,5265.5,at_or_above_ask_touch,5244.5,5265.5,False,True,5269.5,5273.5,5273.5,4.0,8.0,8.0
VELVETFRUIT_EXTRACT,2,887900,5269.0,15,5268.5,at_or_above_ask_touch,5244.5,5270.5,False,False,5272.5,5277.5,5276.0,4.0,9.0,7.5
VELVETFRUIT_EXTRACT,2,889900,5262.0,3,5264.5,at_or_below_bid_touch,5244.5,5271.5,False,False,5270.5,5284.5,5272.5,6.0,20.0,8.0
VELVETFRUIT_EXTRACT,2,891400,5268.0,4,5265.5,at_or_above_ask_touch,5244.5,5271.5,False,False,5272.5,5283.5,5273.5,7.0,18.0,8.0
VELVETFRUIT_EXTRACT,2,891800,5272.0,7,5269.5,at_or_above_ask_touch,5244.5,5271.5,False,True,5273.0,5281.5,5273.5,3.5,12.0,4.0
VELVETFRUIT_EXTRACT,2,892900,5275.0,5,5272.5,at_or_above_ask_touch,5244.5,5272.5,False,True,5277.5,5284.5,5271.0,5.0,12.0,-1.5
VELVETFRUIT_EXTRACT,2,898100,5277.0,8,5279.5,at_or_below_bid_touch,5244.5,5279.5,False,False,5283.5,5279.5,5276.5,4.0,0.0,-3.0
VELVETFRUIT_EXTRACT,2,900500,5282.0,3,5284.5,at_or_below_bid_touch,5244.5,5287.0,False,False,5276.5,5278.0,5273.5,-8.0,-6.5,-11.0
VELVETFRUIT_EXTRACT,2,901000,5281.0,8,5283.5,at_or_below_bid_touch,5244.5,5287.0,False,False,5279.0,5275.5,5275.0,-4.5,-8.0,-8.5
VELVETFRUIT_EXTRACT,2,901700,5284.0,4,5281.5,at_or_above_ask_touch,5244.5,5287.0,False,False,5277.5,5275.5,5277.5,-4.0,-6.0,-4.0
VELVETFRUIT_EXTRACT,2,901800,5279.0,8,5281.5,at_or_below_bid_touch,5244.5,5287.0,False,False,5278.0,5275.5,5277.5,-3.5,-6.0,-4.0
VELVETFRUIT_EXTRACT,2,902700,5282.0,9,5281.5,at_or_above_ask_touch,5244.5,5287.0,False,False,5278.5,5280.5,5278.5,-3.0,-1.0,-3.0
VELVETFRUIT_EXTRACT,2,904000,5285.0,5,5282.5,at_or_above_ask_touch,5244.5,5287.0,False,False,5279.0,5281.5,5275.5,-3.5,-1.0,-7.0
VELVETFRUIT_EXTRACT,2,906500,5280.0,7,5277.5,at_or_above_ask_touch,5244.5,5287.0,False,False,5274.0,5286.5,5277.5,-3.5,9.0,0.0
VELVETFRUIT_EXTRACT,2,912000,5276.0,9,5275.5,at_or_above_ask_touch,5244.5,5287.0,False,False,5285.5,5286.0,5266.5,10.0,10.5,-9.0
VELVETFRUIT_EXTRACT,2,914300,5280.0,8,5279.0,at_or_above_ask_touch,5244.5,5287.0,False,False,5284.5,5285.0,5266.5,5.5,6.0,-12.5
VELVETFRUIT_EXTRACT,2,914600,5285.0,8,5282.5,at_or_above_ask_touch,5244.5,5287.0,False,False,5283.0,5284.5,5267.5,0.5,2.0,-15.0
VELVETFRUIT_EXTRACT,2,915400,5281.0,7,5283.5,at_or_below_bid_touch,5244.5,5287.0,False,False,5285.0,5281.0,5267.5,1.5,-2.5,-16.0
VELVETFRUIT_EXTRACT,2,915700,5285.0,6,5284.0,at_or_above_ask_touch,5244.5,5287.0,False,False,5284.5,5280.5,5264.5,0.5,-3.5,-19.5
VELVETFRUIT_EXTRACT,2,918800,5286.0,8,5283.5,at_or_above_ask_touch,5244.5,5288.5,False,False,5283.5,5282.0,5264.5,0.0,-1.5,-19.0
VELVETFRUIT_EXTRACT,2,922100,5289.0,4,5286.5,at_or_above_ask_touch,5244.5,5288.5,False,True,5280.5,5277.5,5264.5,-6.0,-9.0,-22.0
VELVETFRUIT_EXTRACT,2,924100,5285.0,6,5287.5,at_or_below_bid_touch,5244.5,5288.5,False,False,5279.5,5278.0,5269.5,-8.0,-9.5,-18.0
VELVETFRUIT_EXTRACT,2,927200,5283.0,3,5280.0,at_or_above_ask_touch,5245.5,5288.5,False,False,5278.5,5273.5,5270.0,-1.5,-6.5,-10.0
VELVETFRUIT_EXTRACT,2,929100,5277.0,8,5279.5,at_or_below_bid_touch,5248.0,5288.5,False,False,5278.0,5274.5,5270.5,-1.5,-5.0,-9.0
VELVETFRUIT_EXTRACT,2,929900,5279.0,7,5276.5,at_or_above_ask_touch,5250.5,5288.5,False,False,5279.5,5272.5,5273.5,3.0,-4.0,-3.0
VELVETFRUIT_EXTRACT,2,933200,5275.0,6,5278.0,at_or_below_bid_touch,5252.5,5288.5,False,False,5275.0,5271.5,5272.5,-3.0,-6.5,-5.5
VELVETFRUIT_EXTRACT,2,934300,5278.0,8,5279.0,at_or_below_bid_touch,5254.0,5288.5,False,False,5274.5,5273.5,5273.5,-4.5,-5.5,-5.5
VELVETFRUIT_EXTRACT,2,936000,5273.0,7,5275.5,at_or_below_bid_touch,5262.5,5288.5,False,False,5273.5,5276.5,5279.5,-2.0,1.0,4.0
VELVETFRUIT_EXTRACT,2,936600,5270.0,8,5272.5,at_or_below_bid_touch,5263.5,5288.5,False,False,5274.0,5277.5,5280.0,1.5,5.0,7.5
VELVETFRUIT_EXTRACT,2,941000,5274.0,9,5273.5,at_or_above_ask_touch,5264.5,5288.5,False,False,5276.5,5275.0,5286.5,3.0,1.5,13.0
VELVETFRUIT_EXTRACT,2,942700,5269.0,3,5271.5,at_or_below_bid_touch,5268.0,5288.5,True,False,5278.5,5278.5,5286.5,7.0,7.0,15.0
VELVETFRUIT_EXTRACT,2,942800,5274.0,4,5271.5,at_or_above_ask_touch,5268.0,5288.5,False,False,5279.5,5276.5,5286.5,8.0,5.0,15.0
VELVETFRUIT_EXTRACT,2,945100,5278.0,8,5275.5,at_or_above_ask_touch,5268.0,5288.5,False,False,5276.0,5273.0,5286.5,0.5,-2.5,11.0
VELVETFRUIT_EXTRACT,2,945400,5279.0,3,5276.5,at_or_above_ask_touch,5268.5,5288.5,False,False,5273.5,5274.5,5287.5,-3.0,-2.0,11.0
VELVETFRUIT_EXTRACT,2,947900,5275.0,5,5277.5,at_or_below_bid_touch,5269.0,5288.5,False,False,5278.5,5275.5,5300.0,1.0,-2.0,22.5
VELVETFRUIT_EXTRACT,2,948800,5278.0,7,5275.0,at_or_above_ask_touch,5269.0,5288.5,False,False,5275.5,5272.0,5294.5,0.5,-3.0,19.5
VELVETFRUIT_EXTRACT,2,948900,5278.0,5,5275.0,at_or_above_ask_touch,5269.0,5288.5,False,False,5276.5,5271.5,5295.5,1.5,-3.5,20.5
VELVETFRUIT_EXTRACT,2,955900,5273.0,6,5275.5,at_or_below_bid_touch,5269.0,5288.5,False,False,5268.5,5263.5,,-7.0,-12.0,
VELVETFRUIT_EXTRACT,2,956000,5276.0,7,5275.0,at_or_above_ask_touch,5269.0,5288.5,False,False,5268.5,5264.0,,-6.5,-11.0,
VELVETFRUIT_EXTRACT,2,957400,5275.0,5,5277.5,at_or_below_bid_touch,5269.0,5288.5,False,False,5264.5,5262.5,,-13.0,-15.0,
VELVETFRUIT_EXTRACT,2,958700,5271.0,8,5270.0,at_or_above_ask_touch,5269.0,5288.5,False,False,5263.5,5263.0,,-6.5,-7.0,
VELVETFRUIT_EXTRACT,2,959100,5274.0,3,5271.5,at_or_above_ask_touch,5269.0,5288.5,False,False,5269.0,5264.5,,-2.5,-7.0,
VELVETFRUIT_EXTRACT,2,959400,5271.0,7,5270.0,at_or_above_ask_touch,5269.0,5288.5,False,False,5267.5,5262.5,,-2.5,-7.5,
VELVETFRUIT_EXTRACT,2,960400,5267.0,4,5269.5,at_or_below_bid_touch,5269.0,5288.5,True,False,5267.5,5261.5,,-2.0,-8.0,
VELVETFRUIT_EXTRACT,2,963700,5266.0,7,5263.5,at_or_above_ask_touch,5261.5,5288.5,False,False,5263.0,5272.0,,-0.5,8.5,
VELVETFRUIT_EXTRACT,2,964300,5264.0,4,5266.5,at_or_below_bid_touch,5261.5,5288.5,False,False,5262.5,5268.5,,-4.0,2.0,
VELVETFRUIT_EXTRACT,2,967900,5262.0,3,5259.5,at_or_above_ask_touch,5259.5,5287.5,False,False,5269.5,5267.5,,10.0,8.0,
VELVETFRUIT_EXTRACT,2,968300,5263.0,8,5260.5,at_or_above_ask_touch,5259.5,5287.5,False,False,5268.5,5268.5,,8.0,8.0,
VELVETFRUIT_EXTRACT,2,970000,5260.0,8,5262.5,at_or_below_bid_touch,5259.5,5287.5,True,False,5271.5,5273.0,,9.0,10.5,
VELVETFRUIT_EXTRACT,2,970700,5265.0,4,5262.0,at_or_above_ask_touch,5259.5,5287.5,False,False,5270.0,5274.5,,8.0,12.5,
VELVETFRUIT_EXTRACT,2,972700,5271.0,8,5268.5,at_or_above_ask_touch,5258.5,5287.5,False,False,5269.5,5270.5,,1.0,2.0,
VELVETFRUIT_EXTRACT,2,974300,5266.0,5,5268.5,at_or_below_bid_touch,5258.5,5286.5,False,False,5270.5,5273.5,,2.0,5.0,
VELVETFRUIT_EXTRACT,2,977200,5267.0,5,5270.0,at_or_below_bid_touch,5258.5,5282.0,False,False,5273.0,5283.5,,3.0,13.5,
VELVETFRUIT_EXTRACT,2,978400,5270.0,8,5267.5,at_or_above_ask_touch,5258.5,5282.0,False,False,5272.5,5284.5,,5.0,17.0,
VELVETFRUIT_EXTRACT,2,978600,5272.0,4,5269.5,at_or_above_ask_touch,5258.5,5282.0,False,False,5272.5,5285.5,,3.0,16.0,
VELVETFRUIT_EXTRACT,2,981200,5271.0,3,5273.5,at_or_below_bid_touch,5258.5,5280.5,False,False,5278.5,5288.0,,5.0,14.5,
VELVETFRUIT_EXTRACT,2,985000,5274.0,4,5276.5,at_or_below_bid_touch,5258.5,5279.5,False,False,5289.5,5286.0,,13.0,9.5,
VELVETFRUIT_EXTRACT,2,986100,5277.0,6,5279.5,at_or_below_bid_touch,5258.5,5279.5,False,False,5288.5,5289.5,,9.0,10.0,
VELVETFRUIT_EXTRACT,2,988300,5284.0,5,5283.0,at_or_above_ask_touch,5258.5,5286.5,False,False,5281.5,5298.5,,-1.5,15.5,
VELVETFRUIT_EXTRACT,2,992900,5284.0,8,5286.0,at_or_below_bid_touch,5258.5,5290.5,False,False,5300.0,,,14.0,,
VELVETFRUIT_EXTRACT,2,993500,5280.0,13,5279.5,at_or_above_ask_touch,5258.5,5290.5,False,False,5297.5,,,18.0,,
VELVETFRUIT_EXTRACT,2,995100,5289.0,7,5286.5,at_or_above_ask_touch,5258.5,5290.5,False,False,,,,,,
VELVETFRUIT_EXTRACT,2,996300,5290.0,3,5292.5,at_or_below_bid_touch,5258.5,5292.5,False,False,,,,,,
VELVETFRUIT_EXTRACT,2,996500,5291.0,3,5293.5,at_or_below_bid_touch,5258.5,5293.5,False,False,,,,,,
