timestamp,buyer,seller,product,currency,price,quantity,day,touch_mid,frontier_bid,frontier_ask,size_wall_bid,size_wall_ask,frontier_imbalance,depth_imbalance,size_wall_vol_imbalance,trade_sign_proxy,trade_location,mid_at_trade,roll_min_200,roll_max_200,roll_min_500,roll_max_500,roll_min_1000,roll_max_1000,fwd_mid_50,fwd_ret_50,fwd_mid_100,fwd_ret_100,fwd_mid_500,fwd_ret_500,near_min_w200_d0,near_max_w200_d0,near_min_w200_d1,near_max_w200_d1,near_min_w200_d2,near_max_w200_d2,near_min_w500_d0,near_max_w500_d0,near_min_w500_d1,near_max_w500_d1,near_min_w500_d2,near_max_w500_d2,near_min_w1000_d0,near_max_w1000_d0,near_min_w1000_d1,near_max_w1000_d1,near_min_w1000_d2,near_max_w1000_d2,dist_from_rmin_500,dist_from_rmax_500
8000,,,HYDROGEL_PACK,XIRECS,10018.0,6,0,10014.0,10010,10018,10000.0,10021.0,-0.3,0.09090909090909091,0.0,1,at_or_above_ask_touch,10014.0,9990.0,10014.0,9990.0,10014.0,9990.0,10014.0,10013.0,-1.0,10007.0,-7.0,9992.0,-22.0,False,True,False,True,False,True,False,True,False,True,False,True,False,True,False,True,False,True,28.0,-4.0
10100,,,HYDROGEL_PACK,XIRECS,10014.0,5,0,10006.0,9998,10014,9995.0,10016.0,0.0,0.0,0.0,1,at_or_above_ask_touch,10006.0,9990.0,10014.0,9990.0,10014.0,9990.0,10014.0,10016.0,10.0,10012.0,6.0,9996.0,-10.0,False,True,False,True,False,True,False,True,False,True,False,True,False,True,False,True,False,True,24.0,0.0
15300,,,HYDROGEL_PACK,XIRECS,10026.0,3,0,10017.5,10009,10026,10007.0,10028.0,0.0,0.0,0.0,1,at_or_above_ask_touch,10017.5,9990.0,10020.0,9990.0,10020.0,9990.0,10020.0,10010.0,-7.5,9999.0,-18.5,9984.0,-33.5,False,True,False,True,False,True,False,True,False,True,False,True,False,True,False,True,False,True,36.0,-6.0
15700,,,HYDROGEL_PACK,XIRECS,10009.0,2,0,10017.0,10009,10025,10006.0,10027.0,0.0,0.0,0.0,-1,at_or_below_bid_touch,10017.0,9990.0,10020.0,9990.0,10020.0,9990.0,10020.0,10010.0,-7.0,9999.0,-18.0,9987.0,-30.0,False,False,False,False,False,False,False,False,False,False,False,False,False,False,False,False,False,False,19.0,11.0
16400,,,HYDROGEL_PACK,XIRECS,10009.0,4,0,10017.0,10009,10025,10006.0,10027.0,0.0,0.0,0.0,-1,at_or_below_bid_touch,10017.0,9990.0,10020.0,9990.0,10020.0,9990.0,10020.0,10001.5,-15.5,9997.0,-20.0,9989.0,-28.0,False,False,False,False,False,False,False,False,False,False,False,False,False,False,False,False,False,False,19.0,11.0
20300,,,HYDROGEL_PACK,XIRECS,10002.0,5,0,10010.0,10002,10018,9999.0,10020.0,0.0,0.0,0.0,-1,at_or_below_bid_touch,10010.0,9990.0,10022.0,9990.0,10022.0,9990.0,10022.0,9999.0,-11.0,9996.0,-14.0,9969.0,-41.0,False,False,False,False,False,False,False,False,False,False,False,False,False,False,False,False,False,False,12.0,20.0
20500,,,HYDROGEL_PACK,XIRECS,10000.0,3,0,10008.0,10000,10016,9998.0,10019.0,0.0,0.0,0.0,-1,at_or_below_bid_touch,10008.0,9990.0,10022.0,9990.0,10022.0,9990.0,10022.0,9999.0,-9.0,9996.0,-12.0,9977.0,-31.0,False,False,False,False,False,False,False,False,False,False,False,False,False,False,False,False,False,False,10.0,22.0
23300,,,HYDROGEL_PACK,XIRECS,9997.0,2,0,9989.0,9981,9997,9978.0,9999.0,0.0,0.0,0.0,1,at_or_above_ask_touch,9989.0,9989.0,10022.0,9989.0,10022.0,9989.0,10022.0,9989.0,0.0,9969.0,-20.0,9990.0,1.0,False,False,False,False,False,False,False,False,False,False,False,False,False,False,False,False,False,False,8.0,25.0
28500,,,HYDROGEL_PACK,XIRECS,9994.0,5,0,9986.0,9978,9994,9975.0,9996.0,0.0,0.0,0.0,1,at_or_above_ask_touch,9986.0,9986.0,10022.0,9986.0,10022.0,9986.0,10022.0,9975.0,-11.0,9979.0,-7.0,9976.0,-10.0,False,False,False,False,False,False,False,False,False,False,False,False,False,False,False,False,False,False,8.0,28.0
29100,,,HYDROGEL_PACK,XIRECS,9973.0,6,0,9981.0,9973,9989,9970.0,9991.0,0.0,0.0,0.0,-1,at_or_below_bid_touch,9981.0,9980.0,10022.0,9980.0,10022.0,9980.0,10022.0,9967.0,-14.0,9981.0,0.0,9979.0,-2.0,True,False,True,False,True,False,True,False,True,False,True,False,True,False,True,False,True,False,-7.0,49.0
45800,,,HYDROGEL_PACK,XIRECS,9978.0,2,0,9986.0,9978,9994,9976.0,9997.0,0.0,0.0,0.0,-1,at_or_below_bid_touch,9986.0,9965.0,9998.0,9965.0,10022.0,9965.0,10022.0,9991.0,5.0,9981.0,-5.0,9951.0,-35.0,False,False,False,False,False,False,False,False,False,False,False,False,False,False,False,False,False,False,13.0,44.0
54600,,,HYDROGEL_PACK,XIRECS,9987.0,3,0,9979.0,9971,9987,9969.0,9990.0,0.0,0.0,0.0,1,at_or_above_ask_touch,9979.0,9965.0,9992.0,9965.0,10022.0,9965.0,10022.0,9995.0,16.0,9994.0,15.0,9950.0,-29.0,False,False,False,False,False,False,False,False,False,False,False,False,False,False,False,False,False,False,22.0,35.0
55000,,,HYDROGEL_PACK,XIRECS,9987.0,6,0,9979.0,9971,9987,9968.0,9989.0,0.0,0.0,0.0,1,at_or_above_ask_touch,9979.0,9967.0,9992.0,9965.0,10022.0,9965.0,10022.0,9996.0,17.0,9986.0,7.0,9954.0,-25.0,False,False,False,False,False,False,False,False,False,False,False,False,False,False,False,False,False,False,22.0,35.0
56700,,,HYDROGEL_PACK,XIRECS,9991.0,6,0,9983.0,9975,9991,9973.0,9994.0,0.0,0.0,0.0,1,at_or_above_ask_touch,9983.0,9967.0,9992.0,9965.0,10022.0,9965.0,10022.0,9989.0,6.0,9989.0,6.0,9951.0,-32.0,False,False,False,True,False,True,False,False,False,False,False,False,False,False,False,False,False,False,26.0,31.0
60000,,,HYDROGEL_PACK,XIRECS,9988.0,4,0,9996.0,9988,10004,9985.0,10006.0,0.0,0.0,0.0,-1,at_or_below_bid_touch,9996.0,9967.0,9997.0,9965.0,10022.0,9965.0,10022.0,9986.0,-10.0,9974.0,-22.0,9940.0,-56.0,False,False,False,False,False,False,False,False,False,False,False,False,False,False,False,False,False,False,23.0,34.0
63900,,,HYDROGEL_PACK,XIRECS,9986.0,5,0,9994.0,9986,10002,9984.0,10005.0,0.0,0.0,0.0,-1,at_or_below_bid_touch,9994.0,9967.0,10001.0,9965.0,10022.0,9965.0,10022.0,9986.0,-8.0,9996.0,2.0,9956.5,-37.5,False,False,False,False,False,False,False,False,False,False,False,False,False,False,False,False,False,False,21.0,36.0
67600,,,HYDROGEL_PACK,XIRECS,9993.0,5,0,9985.0,9977,9993,9974.0,9995.0,0.0,0.0,0.0,1,at_or_above_ask_touch,9985.0,9967.0,10001.0,9965.0,10016.0,9965.0,10022.0,9982.0,-3.0,9982.0,-3.0,9952.0,-33.0,False,False,False,False,False,False,False,False,False,False,False,False,False,False,False,False,False,False,28.0,23.0
73000,,,HYDROGEL_PACK,XIRECS,9980.0,3,0,9988.0,9980,9996,9978.0,9999.0,0.0,0.0,0.0,-1,at_or_below_bid_touch,9988.0,9969.0,10001.0,9965.0,10004.0,9965.0,10022.0,9980.0,-8.0,9956.0,-32.0,9971.0,-17.0,False,False,False,False,False,False,False,False,False,False,False,False,False,False,False,False,False,False,15.0,24.0
77800,,,HYDROGEL_PACK,XIRECS,9990.0,2,0,9982.0,9974,9990,9972.0,9992.0,0.0,0.0,0.0,1,at_or_above_ask_touch,9982.0,9969.0,10001.0,9965.0,10001.0,9965.0,10022.0,9958.0,-24.0,9947.0,-35.0,9962.0,-20.0,False,False,False,False,False,False,False,False,False,False,False,False,False,False,False,False,False,False,25.0,11.0
90000,,,HYDROGEL_PACK,XIRECS,9950.0,6,0,9942.0,9934,9950,9931.0,9952.0,0.0,0.0,0.0,1,at_or_above_ask_touch,9942.0,9938.0,9999.0,9938.0,10001.0,9938.0,10022.0,9942.0,0.0,9955.5,13.5,9941.0,-1.0,False,False,False,False,False,False,False,False,False,False,False,False,False,False,False,False,False,False,12.0,51.0
93200,,,HYDROGEL_PACK,XIRECS,9948.0,6,0,9940.0,9932,9948,9929.0,9950.0,0.0,0.0,0.0,1,at_or_above_ask_touch,9940.0,9938.0,9999.0,9938.0,10001.0,9938.0,10022.0,9945.5,5.5,9949.0,9.0,9959.0,19.0,False,False,False,False,False,False,False,False,False,False,False,False,False,False,False,False,False,False,10.0,53.0
94600,,,HYDROGEL_PACK,XIRECS,9931.0,3,0,9939.0,9931,9947,9929.0,9950.0,0.0,0.0,0.0,-1,at_or_below_bid_touch,9939.0,9938.0,9992.0,9938.0,10001.0,9938.0,10022.0,9949.0,10.0,9950.0,11.0,9958.0,19.0,True,False,True,False,True,False,True,False,True,False,True,False,True,False,True,False,True,False,-7.0,70.0
94900,,,HYDROGEL_PACK,XIRECS,9934.0,4,0,9941.5,9934,9949,9931.0,9952.0,0.0,0.0,0.0,-1,at_or_below_bid_touch,9941.5,9938.0,9985.0,9938.0,10001.0,9938.0,10022.0,9954.0,12.5,9952.0,10.5,9956.0,14.5,True,False,True,False,True,False,True,False,True,False,True,False,True,False,True,False,True,False,-4.0,67.0
96800,,,HYDROGEL_PACK,XIRECS,9940.0,2,0,9948.0,9940,9956,9938.0,9959.0,0.0,0.0,0.0,-1,at_or_below_bid_touch,9948.0,9938.0,9985.0,9938.0,10001.0,9938.0,10022.0,9957.0,9.0,9951.0,3.0,9963.0,15.0,False,False,False,False,True,False,False,False,False,False,True,False,False,False,False,False,True,False,2.0,61.0
102200,,,HYDROGEL_PACK,XIRECS,9946.0,5,0,9954.0,9946,9962,9944.0,9965.0,0.0,0.0,0.0,-1,at_or_below_bid_touch,9954.0,9938.0,9965.0,9938.0,10001.0,9938.0,10022.0,9947.0,-7.0,9940.0,-14.0,9979.0,25.0,False,False,False,False,False,False,False,False,False,False,False,False,False,False,False,False,False,False,8.0,55.0
105100,,,HYDROGEL_PACK,XIRECS,9943.0,4,0,9951.0,9943,9959,9941.0,9962.0,0.0,0.0,0.0,-1,at_or_below_bid_touch,9951.0,9938.0,9965.0,9938.0,10001.0,9938.0,10022.0,9940.0,-11.0,9944.0,-7.0,9978.0,27.0,False,False,False,False,False,False,False,False,False,False,False,False,False,False,False,False,False,False,5.0,58.0
106100,,,HYDROGEL_PACK,XIRECS,9943.0,6,0,9950.5,9943,9958,9940.0,9961.0,0.0,0.0,0.0,-1,at_or_below_bid_touch,9950.5,9938.0,9962.5,9938.0,10001.0,9938.0,10022.0,9943.0,-7.5,9937.0,-13.5,9976.0,25.5,False,False,False,False,False,False,False,False,False,False,False,False,False,False,False,False,False,False,5.0,58.0
108800,,,HYDROGEL_PACK,XIRECS,9949.0,2,0,9941.5,9934,9949,9931.0,9952.0,0.0,0.0,0.0,1,at_or_above_ask_touch,9941.5,9938.0,9962.5,9938.0,10001.0,9938.0,10022.0,9952.0,10.5,9952.0,10.5,9977.0,35.5,False,False,False,False,False,False,False,False,False,False,False,False,False,False,False,False,False,False,11.0,52.0
109500,,,HYDROGEL_PACK,XIRECS,9926.0,2,0,9934.0,9926,9942,9924.0,9945.0,0.0,0.0,0.0,-1,at_or_below_bid_touch,9934.0,9932.0,9962.5,9932.0,10001.0,9932.0,10022.0,9949.0,15.0,9955.0,21.0,9973.0,39.0,True,False,True,False,True,False,True,False,True,False,True,False,True,False,True,False,True,False,-6.0,75.0
116300,,,HYDROGEL_PACK,XIRECS,9929.0,5,0,9937.0,9929,9945,9927.0,9947.0,0.0,0.0,0.0,-1,at_or_below_bid_touch,9937.0,9932.0,9962.5,9932.0,9999.0,9932.0,10022.0,9955.0,18.0,9966.0,29.0,9968.0,31.0,True,False,True,False,True,False,True,False,True,False,True,False,True,False,True,False,True,False,-3.0,70.0
125000,,,HYDROGEL_PACK,XIRECS,9972.0,4,0,9964.0,9956,9972,9954.0,9974.0,0.0,0.0,0.0,1,at_or_above_ask_touch,9964.0,9932.0,9972.5,9932.0,9985.0,9932.0,10002.0,9953.0,-11.0,9954.0,-10.0,9970.0,6.0,False,False,False,True,False,True,False,False,False,False,False,False,False,False,False,False,False,False,40.0,13.0
128500,,,HYDROGEL_PACK,XIRECS,9955.0,5,0,9963.0,9955,9971,9953.0,9974.0,0.0,0.0,0.0,-1,at_or_below_bid_touch,9963.0,9932.0,9972.5,9932.0,9982.0,9932.0,10001.0,9964.0,1.0,9949.5,-13.5,9963.0,0.0,False,False,False,False,False,False,False,False,False,False,False,False,False,False,False,False,False,False,23.0,27.0
132000,,,HYDROGEL_PACK,XIRECS,9950.0,3,0,9958.0,9950,9966,9948.0,9969.0,0.0,0.0,0.0,-1,at_or_below_bid_touch,9958.0,9934.0,9972.5,9932.0,9972.5,9932.0,10001.0,9949.0,-9.0,9952.0,-6.0,9971.0,13.0,False,False,False,False,False,False,False,False,False,False,False,False,False,False,False,False,False,False,18.0,22.5
132900,,,HYDROGEL_PACK,XIRECS,9956.0,2,0,9964.0,9956,9972,9953.0,9974.0,0.0,0.0,0.0,-1,at_or_below_bid_touch,9964.0,9934.0,9972.5,9932.0,9972.5,9932.0,10001.0,9957.0,-7.0,9957.0,-7.0,9963.0,-1.0,False,False,False,False,False,False,False,False,False,False,False,False,False,False,False,False,False,False,24.0,16.5
133600,,,HYDROGEL_PACK,XIRECS,9970.0,5,0,9962.0,9954,9970,9951.0,9972.0,0.0,0.0,0.0,1,at_or_above_ask_touch,9962.0,9934.0,9972.5,9932.0,9972.5,9932.0,10001.0,9945.0,-17.0,9957.0,-5.0,9965.0,3.0,False,False,False,False,False,False,False,False,False,False,False,False,False,False,False,False,False,False,38.0,2.5
136800,,,HYDROGEL_PACK,XIRECS,9955.0,5,0,9947.0,9939,9955,9937.0,9957.0,0.0,0.0,0.0,1,at_or_above_ask_touch,9947.0,9938.0,9972.5,9932.0,9972.5,9932.0,10001.0,9954.5,7.5,9963.0,16.0,9963.0,16.0,False,False,False,False,False,False,False,False,False,False,False,False,False,False,False,False,False,False,23.0,17.5
141700,,,HYDROGEL_PACK,XIRECS,9939.0,2,0,9947.0,9939,9955,9936.0,9957.0,0.0,0.0,0.0,-1,at_or_below_bid_touch,9947.0,9936.0,9972.5,9932.0,9972.5,9932.0,10001.0,9965.0,18.0,9987.0,40.0,9960.0,13.0,False,False,False,False,False,False,False,False,False,False,False,False,False,False,False,False,False,False,7.0,33.5
143600,,,HYDROGEL_PACK,XIRECS,9949.0,4,0,9957.0,9949,9965,9947.0,9967.0,0.0,0.0,0.0,-1,at_or_below_bid_touch,9957.0,9936.0,9970.0,9932.0,9972.5,9932.0,10001.0,9983.0,26.0,9972.0,15.0,9973.0,16.0,False,False,False,False,False,False,False,False,False,False,False,False,False,False,False,False,False,False,17.0,23.5
144500,,,HYDROGEL_PACK,XIRECS,9966.0,3,0,9962.0,9958,9966,9948.0,9969.0,-0.2,0.08888888888888889,0.0,1,at_or_above_ask_touch,9962.0,9936.0,9968.5,9932.0,9972.5,9932.0,10001.0,9985.0,23.0,9973.0,11.0,9967.0,5.0,False,False,False,False,False,False,False,False,False,False,False,False,False,False,False,False,False,False,34.0,6.5
153400,,,HYDROGEL_PACK,XIRECS,9964.0,4,0,9972.0,9964,9980,9962.0,9983.0,0.0,0.0,0.0,-1,at_or_below_bid_touch,9972.0,9936.0,9989.0,9932.0,9989.0,9932.0,10001.0,9974.0,2.0,9971.0,-1.0,9976.0,4.0,False,False,False,False,False,False,False,False,False,False,False,False,False,False,False,False,False,False,32.0,25.0
155200,,,HYDROGEL_PACK,XIRECS,9991.0,5,0,9983.0,9975,9991,9973.0,9994.0,0.0,0.0,0.0,1,at_or_above_ask_touch,9983.0,9936.0,9989.0,9932.0,9989.0,9932.0,10001.0,9972.0,-11.0,9966.0,-17.0,9980.0,-3.0,False,True,False,True,False,True,False,True,False,True,False,True,False,False,False,False,False,False,59.0,-2.0
158100,,,HYDROGEL_PACK,XIRECS,9974.0,5,0,9970.5,9967,9974,9964.0,9985.0,0.4,-0.06521739130434782,0.0,1,at_or_above_ask_touch,9970.5,9936.0,9989.0,9932.0,9989.0,9932.0,10001.0,9972.0,1.5,9966.0,-4.5,9974.0,3.5,False,False,False,False,False,False,False,False,False,False,False,False,False,False,False,False,False,False,42.0,15.0
159300,,,HYDROGEL_PACK,XIRECS,9969.0,2,0,9977.0,9969,9985,9966.0,9987.0,0.0,0.0,0.0,-1,at_or_below_bid_touch,9977.0,9936.0,9989.0,9932.0,9989.0,9932.0,10001.0,9967.0,-10.0,9962.0,-15.0,9986.0,9.0,False,False,False,False,False,False,False,False,False,False,False,False,False,False,False,False,False,False,37.0,20.0
163300,,,HYDROGEL_PACK,XIRECS,9977.0,3,0,9969.0,9961,9977,9959.0,9980.0,0.0,0.0,0.0,1,at_or_above_ask_touch,9969.0,9954.0,9989.0,9934.0,9989.0,9932.0,9999.0,9963.0,-6.0,9966.0,-3.0,9991.0,22.0,False,False,False,False,False,False,False,False,False,False,False,False,False,False,False,False,False,False,43.0,12.0
164600,,,HYDROGEL_PACK,XIRECS,9962.0,3,0,9970.0,9962,9978,9960.0,9981.0,0.0,0.0,0.0,-1,at_or_below_bid_touch,9970.0,9954.0,9989.0,9934.0,9989.0,9932.0,9999.0,9967.0,-3.0,9968.0,-2.0,9996.0,26.0,False,False,False,False,False,False,False,False,False,False,False,False,False,False,False,False,False,False,28.0,27.0
169000,,,HYDROGEL_PACK,XIRECS,9953.0,3,0,9961.0,9953,9969,9950.0,9971.0,0.0,0.0,0.0,-1,at_or_below_bid_touch,9961.0,9961.0,9989.0,9936.0,9989.0,9932.0,9999.0,9966.0,5.0,9970.0,9.0,9981.0,20.0,True,False,True,False,True,False,False,False,False,False,False,False,False,False,False,False,False,False,17.0,36.0
171500,,,HYDROGEL_PACK,XIRECS,9982.0,5,0,9974.5,9967,9982,9964.0,9985.0,0.0,0.0,0.0,1,at_or_above_ask_touch,9974.5,9959.0,9987.0,9936.0,9989.0,9932.0,9999.0,9969.0,-5.5,9970.0,-4.5,9994.0,19.5,False,False,False,False,False,False,False,False,False,False,False,False,False,False,False,False,False,False,46.0,7.0
175300,,,HYDROGEL_PACK,XIRECS,9969.0,6,0,9965.0,9961,9969,9959.0,9980.0,0.16666666666666666,-0.12195121951219512,0.0,1,at_or_above_ask_touch,9965.0,9959.0,9982.0,9936.0,9989.0,9932.0,9989.0,9975.0,10.0,9968.0,3.0,10001.0,36.0,False,False,False,False,False,False,False,False,False,False,False,False,False,False,False,False,False,False,33.0,20.0
178100,,,HYDROGEL_PACK,XIRECS,9958.0,2,0,9966.0,9958,9974,9956.0,9977.0,0.0,0.0,0.0,-1,at_or_below_bid_touch,9966.0,9959.0,9982.0,9936.0,9989.0,9932.0,9989.0,9965.0,-1.0,9961.0,-5.0,9988.0,22.0,True,False,True,False,True,False,False,False,False,False,False,False,False,False,False,False,False,False,22.0,31.0
181900,,,HYDROGEL_PACK,XIRECS,9980.0,3,0,9972.0,9964,9980,9961.0,9982.0,0.0,0.0,0.0,1,at_or_above_ask_touch,9972.0,9959.0,9977.0,9936.0,9989.0,9932.0,9989.0,9964.0,-8.0,9961.0,-11.0,9989.0,17.0,False,True,False,True,False,True,False,False,False,False,False,False,False,False,False,False,False,False,44.0,9.0
182400,,,HYDROGEL_PACK,XIRECS,9977.0,5,0,9969.0,9961,9977,9959.0,9980.0,0.0,0.0,0.0,1,at_or_above_ask_touch,9969.0,9959.0,9977.0,9936.0,9989.0,9932.0,9989.0,9963.0,-6.0,9962.0,-7.0,9991.0,22.0,False,True,False,True,False,True,False,False,False,False,False,False,False,False,False,False,False,False,41.0,12.0
183300,,,HYDROGEL_PACK,XIRECS,9973.0,4,0,9965.0,9957,9973,9954.0,9975.0,0.0,0.0,0.0,1,at_or_above_ask_touch,9965.0,9959.0,9977.0,9936.0,9989.0,9932.0,9989.0,9959.0,-6.0,9970.0,5.0,9983.0,18.0,False,False,False,False,False,False,False,False,False,False,False,False,False,False,False,False,False,False,37.0,16.0
185800,,,HYDROGEL_PACK,XIRECS,9961.0,6,0,9969.0,9961,9977,9958.0,9979.0,0.0,0.0,0.0,-1,at_or_below_bid_touch,9969.0,9957.5,9977.0,9936.0,9989.0,9932.0,9989.0,9959.0,-10.0,9961.0,-8.0,9976.0,7.0,False,False,False,False,False,False,False,False,False,False,False,False,False,False,False,False,False,False,25.0,28.0
190600,,,HYDROGEL_PACK,XIRECS,9943.0,6,0,9951.0,9943,9959,9941.0,9962.0,0.0,0.0,0.0,-1,at_or_below_bid_touch,9951.0,9947.0,9977.0,9938.0,9989.0,9932.0,9989.0,9961.0,10.0,9972.0,21.0,9975.5,24.5,True,False,True,False,True,False,False,False,False,False,False,False,False,False,False,False,False,False,5.0,46.0
196600,,,HYDROGEL_PACK,XIRECS,9953.0,3,0,9961.0,9953,9969,9951.0,9971.0,0.0,0.0,0.0,-1,at_or_below_bid_touch,9961.0,9947.0,9976.0,9947.0,9989.0,9932.0,9989.0,9976.0,15.0,9970.0,9.0,9976.0,15.0,False,False,False,False,False,False,False,False,False,False,False,False,False,False,False,False,False,False,6.0,36.0
197000,,,HYDROGEL_PACK,XIRECS,9967.0,6,0,9959.0,9951,9967,9949.0,9970.0,0.0,0.0,0.0,1,at_or_above_ask_touch,9959.0,9947.0,9976.0,9947.0,9989.0,9932.0,9989.0,9973.0,14.0,9970.0,11.0,9967.5,8.5,False,False,False,False,False,False,False,False,False,False,False,False,False,False,False,False,False,False,20.0,22.0
203900,,,HYDROGEL_PACK,XIRECS,9978.0,6,0,9970.0,9962,9978,9959.0,9980.0,0.0,0.0,0.0,1,at_or_above_ask_touch,9970.0,9947.0,9978.0,9947.0,9983.0,9932.0,9989.0,9983.0,13.0,9992.0,22.0,9960.0,-10.0,False,True,False,True,False,True,False,False,False,False,False,False,False,False,False,False,False,False,31.0,5.0
206200,,,HYDROGEL_PACK,XIRECS,9983.0,5,0,9975.0,9967,9983,9965.0,9986.0,0.0,0.0,0.0,1,at_or_above_ask_touch,9975.0,9947.0,9980.0,9947.0,9982.0,9932.0,9989.0,9995.0,20.0,9983.0,8.0,9975.0,0.0,False,True,False,True,False,True,False,True,False,True,False,True,False,False,False,False,False,False,36.0,-1.0
206700,,,HYDROGEL_PACK,XIRECS,9962.0,5,0,9970.0,9962,9978,9960.0,9981.0,0.0,0.0,0.0,-1,at_or_below_bid_touch,9970.0,9947.0,9980.0,9947.0,9982.0,9932.0,9989.0,9997.0,27.0,9981.0,11.0,9978.0,8.0,False,False,False,False,False,False,False,False,False,False,False,False,False,False,False,False,False,False,15.0,20.0
207200,,,HYDROGEL_PACK,XIRECS,9962.0,4,0,9970.0,9962,9978,9960.0,9981.0,0.0,0.0,0.0,-1,at_or_below_bid_touch,9970.0,9947.0,9980.0,9947.0,9982.0,9932.0,9989.0,9998.0,28.0,9986.0,16.0,9982.0,12.0,False,False,False,False,False,False,False,False,False,False,False,False,False,False,False,False,False,False,15.0,20.0
207600,,,HYDROGEL_PACK,XIRECS,9980.0,6,0,9972.0,9964,9980,9961.0,9982.0,0.0,0.0,0.0,1,at_or_above_ask_touch,9972.0,9947.0,9980.0,9947.0,9982.0,9932.0,9989.0,9996.0,24.0,9984.0,12.0,9980.0,8.0,False,True,False,True,False,True,False,False,False,False,False,True,False,False,False,False,False,False,33.0,2.0
209000,,,HYDROGEL_PACK,XIRECS,9989.0,5,0,9981.0,9973,9989,9970.0,9991.0,0.0,0.0,0.0,1,at_or_above_ask_touch,9981.0,9947.0,9987.0,9947.0,9987.0,9932.0,9989.0,9992.0,11.0,9981.0,0.0,9986.0,5.0,False,True,False,True,False,True,False,True,False,True,False,True,False,True,False,True,False,True,42.0,-2.0
218800,,,HYDROGEL_PACK,XIRECS,9986.0,4,0,9978.0,9970,9986,9968.0,9989.0,0.0,0.0,0.0,1,at_or_above_ask_touch,9978.0,9960.0,10000.0,9947.0,10000.0,9936.0,10000.0,9994.0,16.0,9983.0,5.0,10000.0,22.0,False,False,False,False,False,False,False,False,False,False,False,False,False,False,False,False,False,False,39.0,14.0
221500,,,HYDROGEL_PACK,XIRECS,9986.0,3,0,9994.0,9986,10002,9983.0,10004.0,0.0,0.0,0.0,-1,at_or_below_bid_touch,9994.0,9966.5,10000.0,9947.0,10000.0,9936.0,10000.0,9997.0,3.0,9985.0,-9.0,9987.5,-6.5,False,False,False,False,False,False,False,False,False,False,False,False,False,False,False,False,False,False,39.0,14.0
222700,,,HYDROGEL_PACK,XIRECS,10002.0,6,0,9994.0,9986,10002,9984.0,10005.0,0.0,0.0,0.0,1,at_or_above_ask_touch,9994.0,9966.5,10000.0,9947.0,10000.0,9936.0,10000.0,9991.0,-3.0,9982.0,-12.0,9989.0,-5.0,False,True,False,True,False,True,False,True,False,True,False,True,False,True,False,True,False,True,55.0,-2.0
234200,,,HYDROGEL_PACK,XIRECS,9976.0,6,0,9984.0,9976,9992,9974.0,9995.0,0.0,0.0,0.0,-1,at_or_below_bid_touch,9984.0,9978.0,10003.0,9947.0,10003.0,9936.0,10003.0,9978.0,-6.0,9976.0,-8.0,9974.0,-10.0,True,False,True,False,True,False,False,False,False,False,False,False,False,False,False,False,False,False,29.0,27.0
240700,,,HYDROGEL_PACK,XIRECS,9963.0,4,0,9971.0,9963,9979,9960.0,9981.0,0.0,0.0,0.0,-1,at_or_below_bid_touch,9971.0,9969.0,10003.0,9955.0,10003.0,9938.0,10003.0,9973.0,2.0,9949.0,-22.0,9990.0,19.0,True,False,True,False,True,False,False,False,False,False,False,False,False,False,False,False,False,False,8.0,40.0
243300,,,HYDROGEL_PACK,XIRECS,9977.0,2,0,9969.0,9961,9977,9958.0,9979.0,0.0,0.0,0.0,1,at_or_above_ask_touch,9969.0,9968.0,10003.0,9955.0,10003.0,9947.0,10003.0,9957.0,-12.0,9951.0,-18.0,9999.0,30.0,False,False,False,False,False,False,False,False,False,False,False,False,False,False,False,False,False,False,22.0,26.0
247100,,,HYDROGEL_PACK,XIRECS,9971.0,5,0,9963.0,9955,9971,9953.0,9974.0,0.0,0.0,0.0,1,at_or_above_ask_touch,9963.0,9963.0,9996.0,9958.0,10003.0,9947.0,10003.0,9950.0,-13.0,9981.0,18.0,9992.5,29.5,False,False,False,False,False,False,False,False,False,False,False,False,False,False,False,False,False,False,13.0,32.0
247800,,,HYDROGEL_PACK,XIRECS,9952.0,4,0,9960.0,9952,9968,9949.0,9970.0,0.0,0.0,0.0,-1,at_or_below_bid_touch,9960.0,9958.0,9994.0,9958.0,10003.0,9947.0,10003.0,9957.0,-3.0,9982.0,22.0,10009.0,49.0,True,False,True,False,True,False,True,False,True,False,True,False,False,False,False,False,False,False,-6.0,51.0
248700,,,HYDROGEL_PACK,XIRECS,9966.0,3,0,9958.5,9951,9966,9948.0,9969.0,0.0,0.0,0.0,1,at_or_above_ask_touch,9958.5,9954.0,9994.0,9954.0,10003.0,9947.0,10003.0,9959.0,0.5,9986.0,27.5,10011.0,52.5,False,False,False,False,False,False,False,False,False,False,False,False,False,False,False,False,False,False,12.0,37.0
256100,,,HYDROGEL_PACK,XIRECS,9969.0,5,0,9965.5,9962,9969,9959.0,9980.0,0.42857142857142855,-0.06521739130434782,0.0,1,at_or_above_ask_touch,9965.5,9945.0,9986.0,9945.0,10003.0,9945.0,10003.0,9991.0,25.5,10005.0,39.5,10015.0,49.5,False,False,False,False,False,False,False,False,False,False,False,False,False,False,False,False,False,False,24.0,34.0
260100,,,HYDROGEL_PACK,XIRECS,9999.0,2,0,9991.0,9983,9999,9980.0,10001.0,0.0,0.0,0.0,1,at_or_above_ask_touch,9991.0,9945.0,9991.0,9945.0,10003.0,9945.0,10003.0,10000.0,9.0,10002.0,11.0,10025.5,34.5,False,True,False,True,False,True,False,False,False,False,False,False,False,False,False,False,False,False,54.0,4.0
261500,,,HYDROGEL_PACK,XIRECS,10009.0,5,0,10001.0,9993,10009,9991.0,10012.0,0.0,0.0,0.0,1,at_or_above_ask_touch,10001.0,9945.0,10001.0,9945.0,10003.0,9945.0,10003.0,10003.0,2.0,9987.5,-13.5,10019.0,18.0,False,True,False,True,False,True,False,True,False,True,False,True,False,True,False,True,False,True,64.0,-6.0
263700,,,HYDROGEL_PACK,XIRECS,9989.0,3,0,9997.0,9989,10005,9986.0,10007.0,0.0,0.0,0.0,-1,at_or_below_bid_touch,9997.0,9945.0,10005.5,9945.0,10005.5,9945.0,10005.5,10001.0,4.0,9984.0,-13.0,10011.0,14.0,False,False,False,False,False,False,False,False,False,False,False,False,False,False,False,False,False,False,44.0,16.5
266800,,,HYDROGEL_PACK,XIRECS,9993.0,6,0,10001.0,9993,10009,9991.0,10012.0,0.0,0.0,0.0,-1,at_or_below_bid_touch,10001.0,9945.0,10005.5,9945.0,10005.5,9945.0,10005.5,9992.0,-9.0,9990.0,-11.0,10024.0,23.0,False,False,False,False,False,False,False,False,False,False,False,False,False,False,False,False,False,False,48.0,12.5
273500,,,HYDROGEL_PACK,XIRECS,9995.0,4,0,9987.0,9979,9995,9977.0,9998.0,0.0,0.0,0.0,1,at_or_above_ask_touch,9987.0,9955.0,10005.5,9945.0,10005.5,9945.0,10005.5,9996.0,9.0,9978.0,-9.0,10025.0,38.0,False,False,False,False,False,False,False,False,False,False,False,False,False,False,False,False,False,False,50.0,10.5
278200,,,HYDROGEL_PACK,XIRECS,9997.0,5,0,9989.0,9981,9997,9979.0,10000.0,0.0,0.0,0.0,1,at_or_above_ask_touch,9989.0,9976.0,10005.5,9945.0,10005.5,9945.0,10005.5,9974.0,-15.0,9982.0,-7.0,10036.0,47.0,False,False,False,False,False,False,False,False,False,False,False,False,False,False,False,False,False,False,52.0,8.5
278600,,,HYDROGEL_PACK,XIRECS,9991.0,4,0,9999.0,9991,10007,9988.0,10009.0,0.0,0.0,0.0,-1,at_or_below_bid_touch,9999.0,9976.0,10005.5,9945.0,10005.5,9945.0,10005.5,9979.0,-20.0,9980.0,-19.0,10033.0,34.0,False,False,False,False,False,False,False,False,False,False,False,False,False,False,False,False,False,False,46.0,14.5
280000,,,HYDROGEL_PACK,XIRECS,9991.0,3,0,9983.5,9976,9991,9973.0,9994.0,0.0,0.0,0.0,1,at_or_above_ask_touch,9983.5,9976.0,10005.5,9945.0,10005.5,9945.0,10005.5,9971.0,-12.5,9988.0,4.5,10038.0,54.5,False,False,False,False,False,False,False,False,False,False,False,False,False,False,False,False,False,False,46.0,14.5
281500,,,HYDROGEL_PACK,XIRECS,9973.0,5,0,9981.0,9973,9989,9970.0,9991.0,0.0,0.0,0.0,-1,at_or_below_bid_touch,9981.0,9976.0,10005.5,9945.0,10005.5,9945.0,10005.5,9971.0,-10.0,9990.0,9.0,10035.0,54.0,True,False,True,False,True,False,False,False,False,False,False,False,False,False,False,False,False,False,28.0,32.5
283800,,,HYDROGEL_PACK,XIRECS,9990.0,2,0,9982.0,9974,9990,9971.0,9992.0,0.0,0.0,0.0,1,at_or_above_ask_touch,9982.0,9973.0,10005.0,9945.0,10005.5,9945.0,10005.5,9978.0,-4.0,10001.0,19.0,10039.0,57.0,False,False,False,False,False,False,False,False,False,False,False,False,False,False,False,False,False,False,45.0,15.5
284700,,,HYDROGEL_PACK,XIRECS,9979.0,2,0,9971.0,9963,9979,9960.0,9981.0,0.0,0.0,0.0,1,at_or_above_ask_touch,9971.0,9971.0,10005.0,9945.0,10005.5,9945.0,10005.5,9983.0,12.0,9998.5,27.5,10038.0,67.0,False,False,False,False,False,False,False,False,False,False,False,False,False,False,False,False,False,False,34.0,26.5
287600,,,HYDROGEL_PACK,XIRECS,9980.0,6,0,9972.0,9964,9980,9961.0,9982.0,0.0,0.0,0.0,1,at_or_above_ask_touch,9972.0,9969.0,10004.0,9945.0,10005.5,9945.0,10005.5,9996.0,24.0,10006.0,34.0,10038.0,66.0,False,False,False,False,False,False,False,False,False,False,False,False,False,False,False,False,False,False,35.0,25.5
287700,,,HYDROGEL_PACK,XIRECS,9984.0,3,0,9976.0,9968,9984,9965.0,9986.0,0.0,0.0,0.0,1,at_or_above_ask_touch,9976.0,9969.0,10004.0,9945.0,10005.5,9945.0,10005.5,10000.0,24.0,10009.0,33.0,10040.0,64.0,False,False,False,False,False,False,False,False,False,False,False,False,False,False,False,False,False,False,39.0,21.5
290600,,,HYDROGEL_PACK,XIRECS,9981.0,2,0,9989.0,9981,9997,9978.0,9999.0,0.0,0.0,0.0,-1,at_or_below_bid_touch,9989.0,9969.0,10002.0,9945.0,10005.5,9945.0,10005.5,10004.0,15.0,10012.0,23.0,10027.0,38.0,False,False,False,False,False,False,False,False,False,False,False,False,False,False,False,False,False,False,36.0,24.5
290800,,,HYDROGEL_PACK,XIRECS,9998.0,5,0,9990.0,9982,9998,9979.0,10000.0,0.0,0.0,0.0,1,at_or_above_ask_touch,9990.0,9969.0,10002.0,9945.0,10005.5,9945.0,10005.5,10003.0,13.0,10011.0,21.0,10027.0,37.0,False,False,False,False,False,False,False,False,False,False,False,False,False,False,False,False,False,False,53.0,7.5
294900,,,HYDROGEL_PACK,XIRECS,10006.0,6,0,9998.0,9990,10006,9987.0,10008.0,0.0,0.0,0.0,1,at_or_above_ask_touch,9998.0,9969.0,10002.0,9945.0,10005.5,9945.0,10005.5,10014.0,16.0,10013.0,15.0,10026.0,28.0,False,True,False,True,False,True,False,True,False,True,False,True,False,True,False,True,False,True,61.0,-0.5
298700,,,HYDROGEL_PACK,XIRECS,10003.0,4,0,10011.0,10003,10019,10000.0,10021.0,0.0,0.0,0.0,-1,at_or_below_bid_touch,10011.0,9969.0,10012.0,9945.0,10012.0,9945.0,10012.0,10007.0,-4.0,10022.0,11.0,10005.0,-6.0,False,False,False,False,False,False,False,False,False,False,False,False,False,False,False,False,False,False,58.0,9.0
305800,,,HYDROGEL_PACK,XIRECS,10020.0,2,0,10012.0,10004,10020,10002.0,10023.0,0.0,0.0,0.0,1,at_or_above_ask_touch,10012.0,9969.0,10017.0,9965.5,10017.0,9945.0,10017.0,10021.0,9.0,10017.0,5.0,10001.0,-11.0,False,True,False,True,False,True,False,True,False,True,False,True,False,True,False,True,False,True,54.5,-3.0
310200,,,HYDROGEL_PACK,XIRECS,10016.0,2,0,10024.0,10016,10032,10013.0,10034.0,0.0,0.0,0.0,-1,at_or_below_bid_touch,10024.0,9987.0,10025.5,9969.0,10025.5,9945.0,10025.5,10011.0,-13.0,10018.0,-6.0,10015.0,-9.0,False,False,False,False,False,False,False,False,False,False,False,False,False,False,False,False,False,False,47.0,9.5
311500,,,HYDROGEL_PACK,XIRECS,10027.0,5,0,10019.0,10011,10027,10008.0,10029.0,0.0,0.0,0.0,1,at_or_above_ask_touch,10019.0,9990.0,10026.0,9969.0,10026.0,9945.0,10026.0,10023.0,4.0,10019.0,0.0,10019.5,0.5,False,True,False,True,False,True,False,True,False,True,False,True,False,True,False,True,False,True,58.0,-1.0
313400,,,HYDROGEL_PACK,XIRECS,10023.0,5,0,10015.0,10007,10023,10004.0,10025.0,0.0,0.0,0.0,1,at_or_above_ask_touch,10015.0,9992.5,10026.0,9969.0,10026.0,9945.0,10026.0,10021.0,6.0,10026.0,11.0,10014.0,-1.0,False,False,False,False,False,False,False,False,False,False,False,False,False,False,False,False,False,False,54.0,3.0
318700,,,HYDROGEL_PACK,XIRECS,10014.0,6,0,10022.0,10014,10030,10011.0,10032.0,0.0,0.0,0.0,-1,at_or_below_bid_touch,10022.0,10005.0,10026.0,9969.0,10026.0,9945.0,10026.0,10024.0,2.0,10036.0,14.0,10043.0,21.0,False,False,False,False,False,False,False,False,False,False,False,False,False,False,False,False,False,False,45.0,12.0
320900,,,HYDROGEL_PACK,XIRECS,10034.0,4,0,10026.0,10018,10034,10016.0,10037.0,0.0,0.0,0.0,1,at_or_above_ask_touch,10026.0,10005.0,10026.0,9969.0,10026.0,9945.0,10026.0,10027.0,1.0,10032.0,6.0,10039.0,13.0,False,True,False,True,False,True,False,True,False,True,False,True,False,True,False,True,False,True,65.0,-8.0
321200,,,HYDROGEL_PACK,XIRECS,10009.0,4,0,10017.0,10009,10025,10006.0,10027.0,0.0,0.0,0.0,-1,at_or_below_bid_touch,10017.0,10005.0,10026.0,9969.0,10026.0,9945.0,10026.0,10023.0,6.0,10033.0,16.0,10041.0,24.0,False,False,False,False,False,False,False,False,False,False,False,False,False,False,False,False,False,False,40.0,17.0
330900,,,HYDROGEL_PACK,XIRECS,10040.0,3,0,10032.0,10024,10040,10021.0,10042.0,0.0,0.0,0.0,1,at_or_above_ask_touch,10032.0,10009.0,10039.0,9969.0,10039.0,9945.0,10039.0,10043.0,11.0,10030.5,-1.5,10050.0,18.0,False,True,False,True,False,True,False,True,False,True,False,True,False,True,False,True,False,True,71.0,-1.0
331400,,,HYDROGEL_PACK,XIRECS,10025.0,2,0,10033.0,10025,10041,10023.0,10044.0,0.0,0.0,0.0,-1,at_or_below_bid_touch,10033.0,10009.0,10039.0,9969.0,10039.0,9945.0,10039.0,10041.0,8.0,10027.0,-6.0,10043.0,10.0,False,False,False,False,False,False,False,False,False,False,False,False,False,False,False,False,False,False,56.0,14.0
332700,,,HYDROGEL_PACK,XIRECS,10030.0,6,0,10038.0,10030,10046,10027.0,10048.0,0.0,0.0,0.0,-1,at_or_below_bid_touch,10038.0,10009.0,10040.0,9969.0,10040.0,9945.0,10040.0,10040.0,2.0,10023.0,-15.0,10040.0,2.0,False,False,False,False,False,False,False,False,False,False,False,False,False,False,False,False,False,False,61.0,10.0
335000,,,HYDROGEL_PACK,XIRECS,10047.0,5,0,10039.0,10031,10047,10029.0,10050.0,0.0,0.0,0.0,1,at_or_above_ask_touch,10039.0,10011.0,10041.0,9969.0,10041.0,9945.0,10041.0,10036.0,-3.0,10023.0,-16.0,10034.0,-5.0,False,True,False,True,False,True,False,True,False,True,False,True,False,True,False,True,False,True,78.0,-6.0
335300,,,HYDROGEL_PACK,XIRECS,10048.0,4,0,10040.0,10032,10048,10029.0,10050.0,0.0,0.0,0.0,1,at_or_above_ask_touch,10040.0,10015.0,10041.0,9969.0,10041.0,9945.0,10041.0,10033.0,-7.0,10025.0,-15.0,10031.0,-9.0,False,True,False,True,False,True,False,True,False,True,False,True,False,True,False,True,False,True,79.0,-7.0
335400,,,HYDROGEL_PACK,XIRECS,10048.0,4,0,10040.0,10032,10048,10029.0,10050.0,0.0,0.0,0.0,1,at_or_above_ask_touch,10040.0,10015.0,10041.0,9969.0,10041.0,9945.0,10041.0,10030.0,-10.0,10028.0,-12.0,10031.0,-9.0,False,True,False,True,False,True,False,True,False,True,False,True,False,True,False,True,False,True,79.0,-7.0
336800,,,HYDROGEL_PACK,XIRECS,10034.0,5,0,10042.0,10034,10050,10031.0,10052.0,0.0,0.0,0.0,-1,at_or_below_bid_touch,10042.0,10015.0,10045.0,9971.0,10045.0,9945.0,10045.0,10021.0,-21.0,10012.0,-30.0,10026.0,-16.0,False,False,False,False,False,False,False,False,False,False,False,False,False,False,False,False,False,False,63.0,11.0
340000,,,HYDROGEL_PACK,XIRECS,10028.0,6,0,10036.0,10028,10044,10025.0,10046.0,0.0,0.0,0.0,-1,at_or_below_bid_touch,10036.0,10015.0,10045.0,9987.0,10045.0,9945.0,10045.0,10023.0,-13.0,10007.0,-29.0,10010.0,-26.0,False,False,False,False,False,False,False,False,False,False,False,False,False,False,False,False,False,False,41.0,17.0
345000,,,HYDROGEL_PACK,XIRECS,10015.0,4,0,10023.0,10015,10031,10013.0,10034.0,0.0,0.0,0.0,-1,at_or_below_bid_touch,10023.0,10018.0,10045.0,9992.5,10045.0,9945.0,10045.0,10007.0,-16.0,10004.0,-19.0,10024.0,1.0,True,False,True,False,True,False,False,False,False,False,False,False,False,False,False,False,False,False,22.5,30.0
358200,,,HYDROGEL_PACK,XIRECS,9994.0,6,0,10002.0,9994,10010,9991.0,10012.0,0.0,0.0,0.0,-1,at_or_below_bid_touch,10002.0,9998.0,10037.0,9998.0,10045.0,9969.0,10045.0,10013.0,11.0,10042.0,40.0,9998.0,-4.0,True,False,True,False,True,False,True,False,True,False,True,False,False,False,False,False,False,False,-4.0,51.0
363700,,,HYDROGEL_PACK,XIRECS,10022.0,5,0,10014.0,10006,10022,10004.0,10025.0,0.0,0.0,0.0,1,at_or_above_ask_touch,10014.0,9998.0,10028.0,9998.0,10045.0,9969.0,10045.0,10043.0,29.0,10044.0,30.0,9981.0,-33.0,False,False,False,False,False,False,False,False,False,False,False,False,False,False,False,False,False,False,24.0,23.0
366900,,,HYDROGEL_PACK,XIRECS,10045.0,5,0,10037.0,10029,10045,10026.0,10047.0,0.0,0.0,0.0,1,at_or_above_ask_touch,10037.0,9998.0,10037.0,9998.0,10045.0,9969.0,10045.0,10042.5,5.5,10069.0,32.0,9970.0,-67.0,False,True,False,True,False,True,False,True,False,True,False,True,False,True,False,True,False,True,47.0,0.0
367000,,,HYDROGEL_PACK,XIRECS,10042.0,5,0,10034.0,10026,10042,10024.0,10045.0,0.0,0.0,0.0,1,at_or_above_ask_touch,10034.0,9998.0,10037.0,9998.0,10045.0,9969.0,10045.0,10046.0,12.0,10071.0,37.0,9970.0,-64.0,False,True,False,True,False,True,False,False,False,False,False,False,False,False,False,False,False,False,44.0,3.0
370400,,,HYDROGEL_PACK,XIRECS,10047.0,2,0,10039.0,10031,10047,10028.0,10049.0,0.0,0.0,0.0,1,at_or_above_ask_touch,10039.0,10000.0,10047.0,9998.0,10047.0,9969.0,10047.0,10049.0,10.0,10052.0,13.0,9964.0,-75.0,False,True,False,True,False,True,False,True,False,True,False,True,False,True,False,True,False,True,49.0,0.0
370600,,,HYDROGEL_PACK,XIRECS,10031.0,4,0,10039.0,10031,10047,10028.0,10049.0,0.0,0.0,0.0,-1,at_or_below_bid_touch,10039.0,10000.0,10047.0,9998.0,10047.0,9969.0,10047.0,10055.0,16.0,10053.0,14.0,9965.0,-74.0,False,False,False,False,False,False,False,False,False,False,False,False,False,False,False,False,False,False,33.0,16.0
373300,,,HYDROGEL_PACK,XIRECS,10054.0,2,0,10046.0,10038,10054,10036.0,10057.0,0.0,0.0,0.0,1,at_or_above_ask_touch,10046.0,10000.0,10050.0,9998.0,10050.0,9969.0,10050.0,10059.0,13.0,10041.0,-5.0,9964.0,-82.0,False,True,False,True,False,True,False,True,False,True,False,True,False,True,False,True,False,True,56.0,-4.0
380500,,,HYDROGEL_PACK,XIRECS,10043.0,4,0,10051.0,10043,10059,10041.0,10062.0,0.0,0.0,0.0,-1,at_or_below_bid_touch,10051.0,10011.0,10071.0,9998.0,10071.0,9969.0,10071.0,10034.0,-17.0,10010.0,-41.0,9991.0,-60.0,False,False,False,False,False,False,False,False,False,False,False,False,False,False,False,False,False,False,45.0,28.0
381400,,,HYDROGEL_PACK,XIRECS,10035.0,4,0,10043.0,10035,10051,10032.0,10054.0,0.0,0.0,0.0,-1,at_or_below_bid_touch,10043.0,10011.0,10071.0,9998.0,10071.0,9969.0,10071.0,10025.0,-18.0,10008.0,-35.0,9986.0,-57.0,False,False,False,False,False,False,False,False,False,False,False,False,False,False,False,False,False,False,37.0,36.0
383100,,,HYDROGEL_PACK,XIRECS,10033.0,6,0,10041.0,10033,10049,10030.0,10051.0,0.0,0.0,0.0,-1,at_or_below_bid_touch,10041.0,10011.5,10071.0,9998.0,10071.0,9969.0,10071.0,10011.0,-30.0,10013.0,-28.0,9970.0,-71.0,False,False,False,False,False,False,False,False,False,False,False,False,False,False,False,False,False,False,35.0,38.0
389800,,,HYDROGEL_PACK,XIRECS,10018.0,4,0,10010.0,10002,10018,9999.0,10020.0,0.0,0.0,0.0,1,at_or_above_ask_touch,10010.0,10009.0,10071.0,9998.0,10071.0,9987.0,10071.0,10026.0,16.0,10006.0,-4.0,9978.0,-32.0,False,False,False,False,False,False,False,False,False,False,False,False,False,False,False,False,False,False,20.0,53.0
390400,,,HYDROGEL_PACK,XIRECS,10003.0,6,0,10011.0,10003,10019,10001.0,10022.0,0.0,0.0,0.0,-1,at_or_below_bid_touch,10011.0,10009.0,10071.0,9998.0,10071.0,9987.0,10071.0,10026.0,15.0,10007.0,-4.0,9971.0,-40.0,True,False,True,False,True,False,False,False,False,False,False,False,False,False,False,False,False,False,5.0,68.0
402000,,,HYDROGEL_PACK,XIRECS,10016.0,4,0,10008.0,10000,10016,9998.0,10019.0,0.0,0.0,0.0,1,at_or_above_ask_touch,10008.0,10004.0,10047.0,10000.0,10071.0,9998.0,10071.0,9990.0,-18.0,9978.0,-30.0,9974.0,-34.0,False,False,False,False,False,False,False,False,False,False,False,False,False,False,False,False,False,False,16.0,55.0
405600,,,HYDROGEL_PACK,XIRECS,9999.0,5,0,9991.0,9983,9999,9980.0,10001.0,0.0,0.0,0.0,1,at_or_above_ask_touch,9991.0,9989.0,10033.0,9989.0,10071.0,9989.0,10071.0,9981.0,-10.0,9976.0,-15.0,9964.0,-27.0,False,False,False,False,False,False,False,False,False,False,False,False,False,False,False,False,False,False,10.0,72.0
410500,,,HYDROGEL_PACK,XIRECS,9990.0,3,0,9982.0,9974,9990,9972.0,9993.0,0.0,0.0,0.0,1,at_or_above_ask_touch,9982.0,9982.0,10029.0,9982.0,10071.0,9982.0,10071.0,9976.0,-6.0,9964.0,-18.0,9969.0,-13.0,False,False,False,False,False,False,False,False,False,False,False,False,False,False,False,False,False,False,8.0,81.0
414600,,,HYDROGEL_PACK,XIRECS,9993.0,2,0,9985.0,9977,9993,9974.0,9995.0,0.0,0.0,0.0,1,at_or_above_ask_touch,9985.0,9974.0,10029.0,9974.0,10071.0,9974.0,10071.0,9964.0,-21.0,9979.0,-6.0,9970.0,-15.0,False,False,False,False,False,False,False,False,False,False,False,False,False,False,False,False,False,False,19.0,78.0
416400,,,HYDROGEL_PACK,XIRECS,9964.0,5,0,9972.0,9964,9980,9962.0,9983.0,0.0,0.0,0.0,-1,at_or_below_bid_touch,9972.0,9971.0,10027.0,9971.0,10071.0,9971.0,10071.0,9975.0,3.0,9985.0,13.0,9977.0,5.0,True,False,True,False,True,False,True,False,True,False,True,False,True,False,True,False,True,False,-7.0,107.0
417000,,,HYDROGEL_PACK,XIRECS,9978.0,6,0,9970.0,9962,9978,9959.0,9980.0,0.0,0.0,0.0,1,at_or_above_ask_touch,9970.0,9970.0,10027.0,9970.0,10071.0,9970.0,10071.0,9971.0,1.0,9982.0,12.0,9976.0,6.0,False,False,False,False,False,False,False,False,False,False,False,False,False,False,False,False,False,False,8.0,93.0
417100,,,HYDROGEL_PACK,XIRECS,9977.0,2,0,9969.0,9961,9977,9958.0,9979.0,0.0,0.0,0.0,1,at_or_above_ask_touch,9969.0,9969.0,10027.0,9969.0,10071.0,9969.0,10071.0,9972.0,3.0,9984.0,15.0,9975.0,6.0,False,False,False,False,False,False,False,False,False,False,False,False,False,False,False,False,False,False,8.0,94.0
422900,,,HYDROGEL_PACK,XIRECS,9977.0,4,0,9969.0,9961,9977,9958.0,9979.0,0.0,0.0,0.0,1,at_or_above_ask_touch,9969.0,9955.0,10006.0,9955.0,10071.0,9955.0,10071.0,9993.0,24.0,9974.0,5.0,9966.5,-2.5,False,False,False,False,False,False,False,False,False,False,False,False,False,False,False,False,False,False,22.0,94.0
425600,,,HYDROGEL_PACK,XIRECS,9994.0,2,0,9986.0,9978,9994,9976.0,9997.0,0.0,0.0,0.0,1,at_or_above_ask_touch,9986.0,9955.0,9998.0,9955.0,10071.0,9955.0,10071.0,9993.0,7.0,9976.0,-10.0,9955.0,-31.0,False,False,False,False,False,False,False,False,False,False,False,False,False,False,False,False,False,False,39.0,77.0
428300,,,HYDROGEL_PACK,XIRECS,10001.0,5,0,9993.0,9985,10001,9983.0,10004.0,0.0,0.0,0.0,1,at_or_above_ask_touch,9993.0,9955.0,9994.0,9955.0,10057.0,9955.0,10071.0,9966.0,-27.0,9969.0,-24.0,9948.0,-45.0,False,True,False,True,False,True,False,False,False,False,False,False,False,False,False,False,False,False,46.0,56.0
429100,,,HYDROGEL_PACK,XIRECS,9979.0,3,0,9987.0,9979,9995,9977.0,9998.0,0.0,0.0,0.0,-1,at_or_below_bid_touch,9987.0,9955.0,9994.0,9955.0,10055.0,9955.0,10071.0,9974.0,-13.0,9973.0,-14.0,9947.0,-40.0,False,False,False,False,False,False,False,False,False,False,False,False,False,False,False,False,False,False,24.0,76.0
435200,,,HYDROGEL_PACK,XIRECS,9978.0,6,0,9970.0,9962,9978,9960.0,9981.0,0.0,0.0,0.0,1,at_or_above_ask_touch,9970.0,9955.0,9995.0,9955.0,10035.0,9955.0,10071.0,9977.0,7.0,9955.0,-15.0,9929.0,-41.0,False,False,False,False,False,False,False,False,False,False,False,False,False,False,False,False,False,False,23.0,57.0
436500,,,HYDROGEL_PACK,XIRECS,9985.0,3,0,9977.0,9969,9985,9966.0,9987.0,0.0,0.0,0.0,1,at_or_above_ask_touch,9977.0,9955.0,9995.0,9955.0,10029.0,9955.0,10071.0,9968.0,-9.0,9953.0,-24.0,9943.0,-34.0,False,False,False,False,False,False,False,False,False,False,False,False,False,False,False,False,False,False,30.0,44.0
443900,,,HYDROGEL_PACK,XIRECS,9966.0,5,0,9958.0,9950,9966,9948.0,9969.0,0.0,0.0,0.0,1,at_or_above_ask_touch,9958.0,9958.0,9995.0,9955.0,10029.0,9955.0,10071.0,9953.0,-5.0,9971.0,13.0,9978.0,20.0,False,False,False,False,False,False,False,False,False,False,False,False,False,False,False,False,False,False,11.0,63.0
446300,,,HYDROGEL_PACK,XIRECS,9960.0,3,0,9952.0,9944,9960,9942.0,9963.0,0.0,0.0,0.0,1,at_or_above_ask_touch,9952.0,9950.0,9995.0,9950.0,10027.0,9950.0,10071.0,9966.0,14.0,9960.0,8.0,9981.0,29.0,False,False,False,False,False,False,False,False,False,False,False,False,False,False,False,False,False,False,10.0,67.0
447400,,,HYDROGEL_PACK,XIRECS,9944.0,5,0,9952.0,9944,9960,9942.0,9963.0,0.0,0.0,0.0,-1,at_or_below_bid_touch,9952.0,9947.5,9995.0,9947.5,10027.0,9947.5,10071.0,9977.0,25.0,9956.0,4.0,9978.0,26.0,True,False,True,False,True,False,True,False,True,False,True,False,True,False,True,False,True,False,-3.5,83.0
448000,,,HYDROGEL_PACK,XIRECS,9951.0,4,0,9943.0,9935,9951,9933.0,9954.0,0.0,0.0,0.0,1,at_or_above_ask_touch,9943.0,9943.0,9995.0,9943.0,10027.0,9943.0,10071.0,9973.0,30.0,9961.0,18.0,9970.0,27.0,False,False,False,False,False,False,False,False,False,False,False,False,False,False,False,False,False,False,8.0,76.0
455100,,,HYDROGEL_PACK,XIRECS,9962.0,5,0,9970.0,9962,9978,9960.0,9981.0,0.0,0.0,0.0,-1,at_or_below_bid_touch,9970.0,9943.0,9979.0,9943.0,9998.0,9943.0,10071.0,9973.0,3.0,9970.0,0.0,9959.0,-11.0,False,False,False,False,False,False,False,False,False,False,False,False,False,False,False,False,False,False,19.0,36.0
460000,,,HYDROGEL_PACK,XIRECS,9979.0,6,0,9971.0,9963,9979,9961.0,9982.0,0.0,0.0,0.0,1,at_or_above_ask_touch,9971.0,9943.0,9978.0,9943.0,9995.0,9943.0,10071.0,9969.0,-2.0,9990.0,19.0,9950.0,-21.0,False,True,False,True,False,True,False,False,False,False,False,False,False,False,False,False,False,False,36.0,16.0
460100,,,HYDROGEL_PACK,XIRECS,9981.0,3,0,9973.0,9965,9981,9963.0,9984.0,0.0,0.0,0.0,1,at_or_above_ask_touch,9973.0,9943.0,9978.0,9943.0,9995.0,9943.0,10071.0,9970.0,-3.0,9991.0,18.0,9952.0,-21.0,False,True,False,True,False,True,False,False,False,False,False,False,False,False,False,False,False,False,38.0,14.0
462900,,,HYDROGEL_PACK,XIRECS,9977.0,5,0,9969.0,9961,9977,9958.0,9979.0,0.0,0.0,0.0,1,at_or_above_ask_touch,9969.0,9943.0,9978.0,9943.0,9995.0,9943.0,10071.0,9975.0,6.0,9966.5,-2.5,9944.0,-25.0,False,False,False,True,False,True,False,False,False,False,False,False,False,False,False,False,False,False,34.0,18.0
463000,,,HYDROGEL_PACK,XIRECS,9974.0,3,0,9966.0,9958,9974,9956.0,9977.0,0.0,0.0,0.0,1,at_or_above_ask_touch,9966.0,9943.0,9978.0,9943.0,9995.0,9943.0,10071.0,9973.0,7.0,9960.5,-5.5,9945.0,-21.0,False,False,False,False,False,False,False,False,False,False,False,False,False,False,False,False,False,False,31.0,21.0
467600,,,HYDROGEL_PACK,XIRECS,9966.0,3,0,9974.0,9966,9982,9964.0,9985.0,0.0,0.0,0.0,-1,at_or_below_bid_touch,9974.0,9943.0,9983.5,9943.0,9995.0,9943.0,10071.0,9969.0,-5.0,9950.0,-24.0,9944.0,-30.0,False,False,False,False,False,False,False,False,False,False,False,False,False,False,False,False,False,False,23.0,29.0
471700,,,HYDROGEL_PACK,XIRECS,9980.0,3,0,9972.5,9965,9980,9962.0,9983.0,0.0,0.0,0.0,1,at_or_above_ask_touch,9972.5,9955.0,9991.0,9943.0,9995.0,9943.0,10071.0,9948.0,-24.5,9946.0,-26.5,9958.0,-14.5,False,False,False,False,False,False,False,False,False,False,False,False,False,False,False,False,False,False,37.0,15.0
473100,,,HYDROGEL_PACK,XIRECS,9970.0,3,0,9962.0,9954,9970,9952.0,9973.0,0.0,0.0,0.0,1,at_or_above_ask_touch,9962.0,9955.0,9991.0,9943.0,9995.0,9943.0,10071.0,9948.0,-14.0,9936.5,-25.5,9969.0,7.0,False,False,False,False,False,False,False,False,False,False,False,False,False,False,False,False,False,False,27.0,25.0
474900,,,HYDROGEL_PACK,XIRECS,9964.0,5,0,9956.0,9948,9964,9945.0,9966.0,0.0,0.0,0.0,1,at_or_above_ask_touch,9956.0,9955.0,9991.0,9943.0,9995.0,9943.0,10071.0,9947.0,-9.0,9930.0,-26.0,9976.0,20.0,False,False,False,False,False,False,False,False,False,False,False,False,False,False,False,False,False,False,21.0,31.0
476200,,,HYDROGEL_PACK,XIRECS,9957.0,4,0,9949.0,9941,9957,9938.0,9959.0,0.0,0.0,0.0,1,at_or_above_ask_touch,9949.0,9949.0,9991.0,9943.0,9995.0,9943.0,10071.0,9945.0,-4.0,9943.0,-6.0,9982.0,33.0,False,False,False,False,False,False,False,False,False,False,False,False,False,False,False,False,False,False,14.0,38.0
477700,,,HYDROGEL_PACK,XIRECS,9958.0,5,0,9950.0,9942,9958,9939.0,9960.0,0.0,0.0,0.0,1,at_or_above_ask_touch,9950.0,9946.0,9991.0,9943.0,9995.0,9943.0,10063.0,9943.5,-6.5,9949.5,-0.5,9974.0,24.0,False,False,False,False,False,False,False,False,False,False,False,False,False,False,False,False,False,False,15.0,37.0
481600,,,HYDROGEL_PACK,XIRECS,9956.0,3,0,9948.0,9940,9956,9938.0,9958.0,0.0,0.0,0.0,1,at_or_above_ask_touch,9948.0,9943.0,9991.0,9943.0,9991.0,9943.0,10049.5,9945.0,-3.0,9967.0,19.0,9966.0,18.0,False,False,False,False,False,False,False,False,False,False,False,False,False,False,False,False,False,False,13.0,35.0
487500,,,HYDROGEL_PACK,XIRECS,9959.0,4,0,9951.0,9943,9959,9940.0,9961.0,0.0,0.0,0.0,1,at_or_above_ask_touch,9951.0,9928.0,9991.0,9928.0,9991.0,9928.0,10029.0,9971.0,20.0,9974.0,23.0,9969.0,18.0,False,False,False,False,False,False,False,False,False,False,False,False,False,False,False,False,False,False,31.0,32.0
489700,,,HYDROGEL_PACK,XIRECS,9956.0,6,0,9964.0,9956,9972,9953.0,9974.0,0.0,0.0,0.0,-1,at_or_below_bid_touch,9964.0,9928.0,9991.0,9928.0,9991.0,9928.0,10029.0,9975.0,11.0,9987.0,23.0,9975.0,11.0,False,False,False,False,False,False,False,False,False,False,False,False,False,False,False,False,False,False,28.0,35.0
489900,,,HYDROGEL_PACK,XIRECS,9955.0,6,0,9963.0,9955,9971,9953.0,9974.0,0.0,0.0,0.0,-1,at_or_below_bid_touch,9963.0,9928.0,9991.0,9928.0,9991.0,9928.0,10029.0,9978.0,15.0,9985.0,22.0,9972.0,9.0,False,False,False,False,False,False,False,False,False,False,False,False,False,False,False,False,False,False,27.0,36.0
493600,,,HYDROGEL_PACK,XIRECS,9982.0,2,0,9974.0,9966,9982,9963.0,9984.0,0.0,0.0,0.0,1,at_or_above_ask_touch,9974.0,9928.0,9977.0,9928.0,9991.0,9928.0,10029.0,9976.0,2.0,9978.0,4.0,9973.0,-1.0,False,True,False,True,False,True,False,False,False,False,False,False,False,False,False,False,False,False,54.0,9.0
496300,,,HYDROGEL_PACK,XIRECS,9973.0,4,0,9981.0,9973,9989,9970.0,9991.0,0.0,0.0,0.0,-1,at_or_below_bid_touch,9981.0,9928.0,9981.5,9928.0,9991.0,9928.0,10027.0,9979.0,-2.0,9969.0,-12.0,9967.0,-14.0,False,False,False,False,False,False,False,False,False,False,False,False,False,False,False,False,False,False,45.0,18.0
497200,,,HYDROGEL_PACK,XIRECS,9971.0,5,0,9979.0,9971,9987,9969.0,9990.0,0.0,0.0,0.0,-1,at_or_below_bid_touch,9979.0,9928.0,9983.0,9928.0,9991.0,9928.0,10027.0,9974.0,-5.0,9958.0,-21.0,9968.0,-11.0,False,False,False,False,False,False,False,False,False,False,False,False,False,False,False,False,False,False,43.0,20.0
498200,,,HYDROGEL_PACK,XIRECS,9963.0,5,0,9971.0,9963,9979,9961.0,9981.0,0.0,0.0,0.0,-1,at_or_below_bid_touch,9971.0,9928.0,9983.0,9928.0,9991.0,9928.0,10026.0,9979.0,8.0,9954.0,-17.0,9970.0,-1.0,False,False,False,False,False,False,False,False,False,False,False,False,False,False,False,False,False,False,35.0,28.0
499600,,,HYDROGEL_PACK,XIRECS,9979.0,6,0,9987.0,9979,9995,9977.0,9998.0,0.0,0.0,0.0,-1,at_or_below_bid_touch,9987.0,9928.0,9989.0,9928.0,9991.0,9928.0,10016.0,9965.0,-22.0,9950.0,-37.0,9964.0,-23.0,False,False,False,False,False,False,False,False,False,False,False,False,False,False,False,False,False,False,51.0,12.0
501400,,,HYDROGEL_PACK,XIRECS,9986.0,5,0,9978.0,9970,9986,9968.0,9989.0,0.0,0.0,0.0,1,at_or_above_ask_touch,9978.0,9928.0,9989.0,9928.0,9991.0,9928.0,10013.0,9970.0,-8.0,9947.0,-31.0,9965.0,-13.0,False,False,False,False,False,False,False,False,False,False,False,False,False,False,False,False,False,False,58.0,5.0
501600,,,HYDROGEL_PACK,XIRECS,9985.0,6,0,9977.0,9969,9985,9966.0,9987.0,0.0,0.0,0.0,1,at_or_above_ask_touch,9977.0,9928.0,9989.0,9928.0,9991.0,9928.0,10008.0,9969.0,-8.0,9947.0,-30.0,9964.0,-13.0,False,False,False,False,False,False,False,False,False,False,False,False,False,False,False,False,False,False,57.0,6.0
502000,,,HYDROGEL_PACK,XIRECS,9983.0,3,0,9975.0,9967,9983,9965.0,9985.0,0.0,0.0,0.0,1,at_or_above_ask_touch,9975.0,9928.0,9989.0,9928.0,9991.0,9928.0,10007.0,9962.0,-13.0,9945.0,-30.0,9955.0,-20.0,False,False,False,False,False,False,False,False,False,False,False,False,False,False,False,False,False,False,55.0,8.0
510900,,,HYDROGEL_PACK,XIRECS,9939.0,4,0,9947.0,9939,9955,9937.0,9958.0,0.0,0.0,0.0,-1,at_or_below_bid_touch,9947.0,9946.0,9989.0,9928.0,9991.0,9928.0,9995.0,9943.0,-4.0,9953.0,6.0,9970.0,23.0,True,False,True,False,True,False,False,False,False,False,False,False,False,False,False,False,False,False,11.0,52.0
515600,,,HYDROGEL_PACK,XIRECS,9931.0,5,0,9939.0,9931,9947,9928.0,9949.0,0.0,0.0,0.0,-1,at_or_below_bid_touch,9939.0,9938.0,9989.0,9928.0,9991.0,9928.0,9995.0,9954.0,15.0,9979.0,40.0,9954.5,15.5,True,False,True,False,True,False,False,False,False,False,False,False,False,False,False,False,False,False,3.0,60.0
516300,,,HYDROGEL_PACK,XIRECS,9937.0,5,0,9945.0,9937,9953,9935.0,9956.0,0.0,0.0,0.0,-1,at_or_below_bid_touch,9945.0,9938.0,9989.0,9928.0,9991.0,9928.0,9995.0,9958.0,13.0,9980.0,35.0,9953.5,8.5,True,False,True,False,True,False,False,False,False,False,False,False,False,False,False,False,False,False,9.0,54.0
517900,,,HYDROGEL_PACK,XIRECS,9954.0,3,0,9946.0,9938,9954,9936.0,9957.0,0.0,0.0,0.0,1,at_or_above_ask_touch,9946.0,9938.0,9989.0,9928.0,9991.0,9928.0,9995.0,9970.0,24.0,9976.0,30.0,9956.0,10.0,False,False,False,False,False,False,False,False,False,False,False,False,False,False,False,False,False,False,26.0,37.0
518000,,,HYDROGEL_PACK,XIRECS,9936.0,5,0,9944.0,9936,9952,9934.0,9954.0,0.0,0.0,0.0,-1,at_or_below_bid_touch,9944.0,9938.0,9989.0,9928.0,9991.0,9928.0,9995.0,9970.0,26.0,9978.0,34.0,9953.0,9.0,True,False,True,False,True,False,False,False,False,False,False,False,False,False,False,False,False,False,8.0,55.0
521400,,,HYDROGEL_PACK,XIRECS,9965.0,6,0,9957.0,9949,9965,9947.0,9968.0,0.0,0.0,0.0,1,at_or_above_ask_touch,9957.0,9938.0,9980.0,9928.0,9989.0,9928.0,9995.0,9982.0,25.0,9967.0,10.0,9952.0,-5.0,False,False,False,False,False,False,False,False,False,False,False,False,False,False,False,False,False,False,37.0,24.0
522300,,,HYDROGEL_PACK,XIRECS,9971.0,6,0,9963.0,9955,9971,9953.0,9974.0,0.0,0.0,0.0,1,at_or_above_ask_touch,9963.0,9938.0,9980.0,9928.0,9989.0,9928.0,9995.0,9978.0,15.0,9969.0,6.0,9952.0,-11.0,False,False,False,False,False,False,False,False,False,False,False,False,False,False,False,False,False,False,43.0,18.0
526800,,,HYDROGEL_PACK,XIRECS,9990.0,2,0,9982.0,9974,9990,9972.0,9993.0,0.0,0.0,0.0,1,at_or_above_ask_touch,9982.0,9938.0,9986.0,9928.0,9989.0,9928.0,9995.0,9973.0,-9.0,9967.0,-15.0,9974.0,-8.0,False,True,False,True,False,True,False,True,False,True,False,True,False,False,False,False,False,False,62.0,-1.0
527200,,,HYDROGEL_PACK,XIRECS,9972.0,5,0,9980.0,9972,9988,9970.0,9991.0,0.0,0.0,0.0,-1,at_or_below_bid_touch,9980.0,9938.0,9986.0,9928.0,9989.0,9928.0,9995.0,9970.0,-10.0,9967.0,-13.0,9973.0,-7.0,False,False,False,False,False,False,False,False,False,False,False,False,False,False,False,False,False,False,44.0,17.0
540300,,,HYDROGEL_PACK,XIRECS,9980.0,2,0,9972.0,9964,9980,9961.0,9982.0,0.0,0.0,0.0,1,at_or_above_ask_touch,9972.0,9951.0,9986.0,9938.0,9989.0,9928.0,9991.0,9981.0,9.0,9961.0,-11.0,9983.0,11.0,False,False,False,False,False,False,False,False,False,False,False,False,False,False,False,False,False,False,42.0,9.0
545700,,,HYDROGEL_PACK,XIRECS,9963.0,5,0,9971.0,9963,9979,9960.0,9981.0,0.0,0.0,0.0,-1,at_or_below_bid_touch,9971.0,9954.0,9986.0,9938.0,9989.0,9928.0,9991.0,9963.0,-8.0,9949.0,-22.0,9985.0,14.0,False,False,False,False,False,False,False,False,False,False,False,False,False,False,False,False,False,False,25.0,26.0
554300,,,HYDROGEL_PACK,XIRECS,9943.0,5,0,9946.5,9943,9950,9940.0,9961.0,0.2222222222222222,-0.09090909090909091,0.0,-1,at_or_below_bid_touch,9946.5,9946.5,9982.0,9938.0,9986.0,9928.0,9991.0,9958.0,11.5,9960.0,13.5,10003.0,56.5,True,False,True,False,True,False,False,False,False,False,False,False,False,False,False,False,False,False,5.0,43.0
555000,,,HYDROGEL_PACK,XIRECS,9938.0,2,0,9946.0,9938,9954,9936.0,9957.0,0.0,0.0,0.0,-1,at_or_below_bid_touch,9946.0,9945.5,9982.0,9938.0,9986.0,9928.0,9991.0,9960.0,14.0,9950.5,4.5,10006.0,60.0,True,False,True,False,True,False,True,False,True,False,True,False,False,False,False,False,False,False,0.0,48.0
557400,,,HYDROGEL_PACK,XIRECS,9960.0,2,0,9952.0,9944,9960,9942.0,9963.0,0.0,0.0,0.0,1,at_or_above_ask_touch,9952.0,9945.5,9982.0,9938.0,9986.0,9928.0,9991.0,9973.0,21.0,9951.0,-1.0,10007.0,55.0,False,False,False,False,False,False,False,False,False,False,False,False,False,False,False,False,False,False,22.0,26.0
558300,,,HYDROGEL_PACK,XIRECS,9971.0,3,0,9967.0,9963,9971,9953.0,9974.0,-0.5555555555555556,0.044444444444444446,0.0,1,at_or_above_ask_touch,9967.0,9945.5,9982.0,9938.0,9986.0,9928.0,9991.0,9964.0,-3.0,9955.0,-12.0,10005.0,38.0,False,False,False,False,False,False,False,False,False,False,False,False,False,False,False,False,False,False,33.0,15.0
559800,,,HYDROGEL_PACK,XIRECS,9972.0,6,0,9964.0,9956,9972,9953.0,9974.0,0.0,0.0,0.0,1,at_or_above_ask_touch,9964.0,9945.5,9982.0,9938.0,9986.0,9928.0,9991.0,9951.0,-13.0,9948.0,-16.0,10012.0,48.0,False,False,False,False,False,False,False,False,False,False,False,False,False,False,False,False,False,False,34.0,14.0
562900,,,HYDROGEL_PACK,XIRECS,9960.0,5,0,9968.0,9960,9976,9957.0,9978.0,0.0,0.0,0.0,-1,at_or_below_bid_touch,9968.0,9945.5,9982.0,9938.0,9986.0,9928.0,9991.0,9956.0,-12.0,9950.0,-18.0,10003.0,35.0,False,False,False,False,False,False,False,False,False,False,False,False,False,False,False,False,False,False,22.0,26.0
566500,,,HYDROGEL_PACK,XIRECS,9958.0,3,0,9950.0,9942,9958,9940.0,9961.0,0.0,0.0,0.0,1,at_or_above_ask_touch,9950.0,9945.5,9976.0,9938.5,9986.0,9928.0,9991.0,9953.0,3.0,9976.0,26.0,10008.0,58.0,False,False,False,False,False,False,False,False,False,False,False,False,False,False,False,False,False,False,19.5,28.0
568400,,,HYDROGEL_PACK,XIRECS,9949.0,4,0,9957.0,9949,9965,9947.0,9968.0,0.0,0.0,0.0,-1,at_or_below_bid_touch,9957.0,9945.5,9976.0,9941.5,9986.0,9928.0,9991.0,9954.0,-3.0,9970.0,13.0,9995.0,38.0,False,False,False,False,False,False,False,False,False,False,False,False,False,False,False,False,False,False,7.5,37.0
568500,,,HYDROGEL_PACK,XIRECS,9965.0,3,0,9957.0,9949,9965,9947.0,9968.0,0.0,0.0,0.0,1,at_or_above_ask_touch,9957.0,9945.5,9976.0,9941.5,9986.0,9928.0,9991.0,9954.0,-3.0,9970.0,13.0,9993.0,36.0,False,False,False,False,False,False,False,False,False,False,False,False,False,False,False,False,False,False,23.5,21.0
574300,,,HYDROGEL_PACK,XIRECS,9951.0,4,0,9959.0,9951,9967,9948.0,9969.0,0.0,0.0,0.0,-1,at_or_below_bid_touch,9959.0,9944.0,9976.0,9944.0,9986.0,9928.0,9989.0,9961.0,2.0,9982.0,23.0,9990.0,31.0,False,False,False,False,False,False,False,False,False,False,False,False,False,False,False,False,False,False,7.0,35.0
579300,,,HYDROGEL_PACK,XIRECS,9969.0,2,0,9961.0,9953,9969,9951.0,9972.0,0.0,0.0,0.0,1,at_or_above_ask_touch,9961.0,9944.0,9976.0,9944.0,9982.0,9928.0,9989.0,9982.0,21.0,9975.0,14.0,9989.0,28.0,False,False,False,False,False,False,False,False,False,False,False,False,False,False,False,False,False,False,25.0,13.0
581900,,,HYDROGEL_PACK,XIRECS,9969.0,5,0,9977.0,9969,9985,9966.0,9987.0,0.0,0.0,0.0,-1,at_or_below_bid_touch,9977.0,9944.0,9977.0,9944.0,9982.0,9928.0,9989.0,9978.0,1.0,9985.0,8.0,10001.0,24.0,False,False,False,False,False,False,False,False,False,False,False,False,False,False,False,False,False,False,25.0,13.0
588900,,,HYDROGEL_PACK,XIRECS,9991.0,3,0,9983.0,9975,9991,9972.0,9993.0,0.0,0.0,0.0,1,at_or_above_ask_touch,9983.0,9944.0,9985.0,9944.0,9985.0,9938.0,9989.0,9984.0,1.0,9995.0,12.0,9994.0,11.0,False,True,False,True,False,True,False,True,False,True,False,True,False,True,False,True,False,True,47.0,-6.0
591300,,,HYDROGEL_PACK,XIRECS,9980.0,2,0,9988.0,9980,9996,9977.0,9998.0,0.0,0.0,0.0,-1,at_or_below_bid_touch,9988.0,9946.0,9988.0,9944.0,9988.0,9938.0,9989.0,9989.0,1.0,9987.0,-1.0,9990.0,2.0,False,False,False,False,False,False,False,False,False,False,False,False,False,False,False,False,False,False,36.0,8.0
592300,,,HYDROGEL_PACK,XIRECS,9982.0,4,0,9990.0,9982,9998,9980.0,10001.0,0.0,0.0,0.0,-1,at_or_below_bid_touch,9990.0,9946.0,9990.0,9944.0,9990.0,9938.0,9990.0,9990.0,0.0,9991.0,1.0,9992.0,2.0,False,False,False,False,False,False,False,False,False,False,False,False,False,False,False,False,False,False,38.0,8.0
596100,,,HYDROGEL_PACK,XIRECS,9977.0,4,0,9985.0,9977,9993,9975.0,9996.0,0.0,0.0,0.0,-1,at_or_below_bid_touch,9985.0,9961.0,9990.0,9944.0,9990.0,9938.0,9990.0,9985.5,0.5,10007.0,22.0,10017.0,32.0,False,False,False,False,False,False,False,False,False,False,False,False,False,False,False,False,False,False,33.0,13.0
596500,,,HYDROGEL_PACK,XIRECS,9996.0,6,0,9988.0,9980,9996,9978.0,9999.0,0.0,0.0,0.0,1,at_or_above_ask_touch,9988.0,9961.0,9990.0,9944.0,9990.0,9938.0,9990.0,9986.0,-2.0,10005.0,17.0,10021.0,33.0,False,True,False,True,False,True,False,True,False,True,False,True,False,True,False,True,False,True,52.0,-6.0
598100,,,HYDROGEL_PACK,XIRECS,9981.0,6,0,9989.0,9981,9997,9979.0,10000.0,0.0,0.0,0.0,-1,at_or_below_bid_touch,9989.0,9961.0,9992.0,9944.0,9992.0,9938.0,9992.0,9992.0,3.0,10005.0,16.0,10024.0,35.0,False,False,False,False,False,False,False,False,False,False,False,False,False,False,False,False,False,False,37.0,11.0
599500,,,HYDROGEL_PACK,XIRECS,10003.0,2,0,9995.0,9987,10003,9984.0,10005.0,0.0,0.0,0.0,1,at_or_above_ask_touch,9995.0,9963.0,9995.0,9944.0,9995.0,9938.0,9995.0,10006.0,11.0,10008.0,13.0,10020.0,25.0,False,True,False,True,False,True,False,True,False,True,False,True,False,True,False,True,False,True,59.0,-8.0
599700,,,HYDROGEL_PACK,XIRECS,9986.0,5,0,9994.0,9986,10002,9984.0,10005.0,0.0,0.0,0.0,-1,at_or_below_bid_touch,9994.0,9963.0,9998.0,9944.0,9998.0,9938.0,9998.0,10009.0,15.0,10012.0,18.0,10022.0,28.0,False,False,False,False,False,False,False,False,False,False,False,False,False,False,False,False,False,False,42.0,12.0
601600,,,HYDROGEL_PACK,XIRECS,9996.0,6,0,9988.0,9980,9996,9978.0,9999.0,0.0,0.0,0.0,1,at_or_above_ask_touch,9988.0,9967.5,9998.0,9944.0,9998.0,9938.0,9998.0,10003.0,15.0,10006.0,18.0,10017.0,29.0,False,False,False,False,False,True,False,False,False,False,False,True,False,False,False,False,False,True,52.0,2.0
616500,,,HYDROGEL_PACK,XIRECS,10016.0,6,0,10008.0,10000,10016,9997.0,10018.0,0.0,0.0,0.0,1,at_or_above_ask_touch,10008.0,9983.0,10013.0,9944.0,10013.0,9938.5,10013.0,9999.0,-9.0,9990.0,-18.0,10005.0,-3.0,False,True,False,True,False,True,False,True,False,True,False,True,False,True,False,True,False,True,72.0,-3.0
619000,,,HYDROGEL_PACK,XIRECS,9987.0,2,0,9995.0,9987,10003,9984.0,10005.0,0.0,0.0,0.0,-1,at_or_below_bid_touch,9995.0,9983.0,10013.0,9944.0,10013.0,9943.0,10013.0,9999.0,4.0,9995.5,0.5,10005.0,10.0,False,False,False,False,False,False,False,False,False,False,False,False,False,False,False,False,False,False,43.0,26.0
622000,,,HYDROGEL_PACK,XIRECS,10011.0,6,0,10003.0,9995,10011,9992.0,10013.0,0.0,0.0,0.0,1,at_or_above_ask_touch,10003.0,9990.0,10013.0,9946.0,10013.0,9944.0,10013.0,9984.0,-19.0,10003.0,0.0,9992.0,-11.0,False,False,False,False,False,True,False,False,False,False,False,True,False,False,False,False,False,True,65.0,2.0
625700,,,HYDROGEL_PACK,XIRECS,9985.0,2,0,9993.0,9985,10001,9983.0,10004.0,0.0,0.0,0.0,-1,at_or_below_bid_touch,9993.0,9990.0,10013.0,9961.0,10013.0,9944.0,10013.0,9999.0,6.0,10002.0,9.0,9998.0,5.0,True,False,True,False,True,False,False,False,False,False,False,False,False,False,False,False,False,False,24.0,28.0
626900,,,HYDROGEL_PACK,XIRECS,9980.0,2,0,9988.0,9980,9996,9978.0,9999.0,0.0,0.0,0.0,-1,at_or_below_bid_touch,9988.0,9988.0,10013.0,9961.0,10013.0,9944.0,10013.0,10001.0,13.0,10005.0,17.0,9998.0,10.0,True,False,True,False,True,False,False,False,False,False,False,False,False,False,False,False,False,False,19.0,33.0
627400,,,HYDROGEL_PACK,XIRECS,9989.0,5,0,9981.0,9973,9989,9970.0,9991.0,0.0,0.0,0.0,1,at_or_above_ask_touch,9981.0,9980.0,10013.0,9961.0,10013.0,9944.0,10013.0,9999.0,18.0,10000.0,19.0,9994.0,13.0,False,False,False,False,False,False,False,False,False,False,False,False,False,False,False,False,False,False,28.0,24.0
629300,,,HYDROGEL_PACK,XIRECS,9997.0,4,0,9989.0,9981,9997,9979.0,10000.0,0.0,0.0,0.0,1,at_or_above_ask_touch,9989.0,9980.0,10012.5,9961.0,10013.0,9944.0,10013.0,10000.0,11.0,9991.0,2.0,9988.0,-1.0,False,False,False,False,False,False,False,False,False,False,False,False,False,False,False,False,False,False,36.0,16.0
629700,,,HYDROGEL_PACK,XIRECS,9983.0,4,0,9991.0,9983,9999,9980.0,10001.0,0.0,0.0,0.0,-1,at_or_below_bid_touch,9991.0,9980.0,10012.5,9963.0,10013.0,9944.0,10013.0,10002.0,11.0,9988.0,-3.0,9985.0,-6.0,False,False,False,False,False,False,False,False,False,False,False,False,False,False,False,False,False,False,20.0,30.0
631100,,,HYDROGEL_PACK,XIRECS,10005.0,3,0,9997.0,9989,10005,9987.0,10008.0,0.0,0.0,0.0,1,at_or_above_ask_touch,9997.0,9980.0,10012.0,9965.5,10013.0,9944.0,10013.0,10002.0,5.0,9989.0,-8.0,9977.0,-20.0,False,False,False,False,False,False,False,False,False,False,False,False,False,False,False,False,False,False,39.5,8.0
634800,,,HYDROGEL_PACK,XIRECS,10012.0,2,0,10004.0,9996,10012,9993.0,10014.0,0.0,0.0,0.0,1,at_or_above_ask_touch,10004.0,9980.0,10010.0,9969.0,10013.0,9944.0,10013.0,9988.0,-16.0,10006.0,2.0,9993.0,-11.0,False,True,False,True,False,True,False,False,False,True,False,True,False,False,False,True,False,True,43.0,1.0
636700,,,HYDROGEL_PACK,XIRECS,10015.0,3,0,10007.0,9999,10015,9997.0,10018.0,0.0,0.0,0.0,1,at_or_above_ask_touch,10007.0,9980.0,10008.0,9975.0,10013.0,9944.0,10013.0,9991.0,-16.0,10022.0,15.0,10001.0,-6.0,False,True,False,True,False,True,False,True,False,True,False,True,False,True,False,True,False,True,40.0,-2.0
638400,,,HYDROGEL_PACK,XIRECS,9988.0,5,0,9996.0,9988,10004,9986.0,10007.0,0.0,0.0,0.0,-1,at_or_below_bid_touch,9996.0,9980.0,10008.0,9975.0,10013.0,9944.0,10013.0,10006.0,10.0,10022.0,26.0,9999.0,3.0,False,False,False,False,False,False,False,False,False,False,False,False,False,False,False,False,False,False,13.0,25.0
638500,,,HYDROGEL_PACK,XIRECS,10003.0,6,0,9995.0,9987,10003,9984.0,10005.0,0.0,0.0,0.0,1,at_or_above_ask_touch,9995.0,9980.0,10008.0,9975.0,10013.0,9944.0,10013.0,10004.0,9.0,10021.0,26.0,10000.0,5.0,False,False,False,False,False,False,False,False,False,False,False,False,False,False,False,False,False,False,28.0,10.0
639900,,,HYDROGEL_PACK,XIRECS,9978.0,2,0,9986.0,9978,9994,9975.0,9996.0,0.0,0.0,0.0,-1,at_or_below_bid_touch,9986.0,9980.0,10007.5,9980.0,10013.0,9944.0,10013.0,10011.0,25.0,10019.5,33.5,10003.0,17.0,True,False,True,False,True,False,True,False,True,False,True,False,False,False,False,False,False,False,-2.0,35.0
640100,,,HYDROGEL_PACK,XIRECS,9998.0,4,0,9990.0,9982,9998,9980.0,10001.0,0.0,0.0,0.0,1,at_or_above_ask_touch,9990.0,9980.0,10007.5,9980.0,10013.0,9944.0,10013.0,10013.0,23.0,10017.0,27.0,9997.0,7.0,False,False,False,False,False,False,False,False,False,False,False,False,False,False,False,False,False,False,18.0,15.0
640800,,,HYDROGEL_PACK,XIRECS,9983.0,5,0,9991.0,9983,9999,9980.0,10001.0,0.0,0.0,0.0,-1,at_or_below_bid_touch,9991.0,9980.0,10007.5,9980.0,10013.0,9944.0,10013.0,10019.0,28.0,10013.0,22.0,9993.0,2.0,False,False,False,False,False,False,False,False,False,False,False,False,False,False,False,False,False,False,3.0,30.0
643900,,,HYDROGEL_PACK,XIRECS,10010.0,6,0,10002.0,9994,10010,9991.0,10012.0,0.0,0.0,0.0,1,at_or_above_ask_touch,10002.0,9980.0,10007.5,9980.0,10013.0,9944.0,10013.0,10024.5,22.5,10019.0,17.0,9997.0,-5.0,False,True,False,True,False,True,False,False,False,False,False,False,False,False,False,False,False,False,30.0,3.0
645400,,,HYDROGEL_PACK,XIRECS,10009.0,4,0,10017.0,10009,10025,10007.0,10028.0,0.0,0.0,0.0,-1,at_or_below_bid_touch,10017.0,9980.0,10018.0,9980.0,10018.0,9944.0,10018.0,10015.0,-2.0,10020.0,3.0,10001.0,-16.0,False,False,False,False,False,False,False,False,False,False,False,False,False,False,False,False,False,False,29.0,9.0
645500,,,HYDROGEL_PACK,XIRECS,10024.0,2,0,10016.0,10008,10024,10006.0,10027.0,0.0,0.0,0.0,1,at_or_above_ask_touch,10016.0,9980.0,10018.0,9980.0,10018.0,9944.0,10018.0,10012.0,-4.0,10020.0,4.0,10001.0,-15.0,False,True,False,True,False,True,False,True,False,True,False,True,False,True,False,True,False,True,44.0,-6.0
646500,,,HYDROGEL_PACK,XIRECS,10029.0,6,0,10021.0,10013,10029,10011.0,10032.0,0.0,0.0,0.0,1,at_or_above_ask_touch,10021.0,9980.0,10021.0,9980.0,10021.0,9944.0,10021.0,10016.0,-5.0,10017.0,-4.0,10005.0,-16.0,False,True,False,True,False,True,False,True,False,True,False,True,False,True,False,True,False,True,49.0,-8.0
649600,,,HYDROGEL_PACK,XIRECS,10013.0,2,0,10021.0,10013,10029,10010.0,10031.0,0.0,0.0,0.0,-1,at_or_below_bid_touch,10021.0,9984.5,10028.0,9980.0,10028.0,9944.0,10028.0,10013.0,-8.0,10025.0,4.0,10015.0,-6.0,False,False,False,False,False,False,False,False,False,False,False,False,False,False,False,False,False,False,33.0,15.0
652300,,,HYDROGEL_PACK,XIRECS,10006.0,3,0,10014.0,10006,10022,10003.0,10024.0,0.0,0.0,0.0,-1,at_or_below_bid_touch,10014.0,9984.5,10028.0,9980.0,10028.0,9944.0,10028.0,10016.0,2.0,10012.0,-2.0,10029.5,15.5,False,False,False,False,False,False,False,False,False,False,False,False,False,False,False,False,False,False,26.0,22.0
653500,,,HYDROGEL_PACK,XIRECS,10012.0,6,0,10020.0,10012,10028,10009.0,10030.0,0.0,0.0,0.0,-1,at_or_below_bid_touch,10020.0,9984.5,10028.0,9980.0,10028.0,9944.0,10028.0,10018.0,-2.0,10008.0,-12.0,10027.0,7.0,False,False,False,False,False,False,False,False,False,False,False,False,False,False,False,False,False,False,32.0,16.0
661800,,,HYDROGEL_PACK,XIRECS,10022.0,4,0,10014.0,10006,10022,10004.0,10025.0,0.0,0.0,0.0,1,at_or_above_ask_touch,10014.0,9992.0,10028.0,9980.0,10028.0,9944.0,10028.0,10004.5,-9.5,9991.0,-23.0,10032.0,18.0,False,False,False,False,False,False,False,False,False,False,False,False,False,False,False,False,False,False,42.0,6.0
662400,,,HYDROGEL_PACK,XIRECS,10004.0,5,0,10012.0,10004,10020,10002.0,10023.0,0.0,0.0,0.0,-1,at_or_below_bid_touch,10012.0,9994.0,10028.0,9980.0,10028.0,9944.0,10028.0,10009.0,-3.0,9987.5,-24.5,10026.0,14.0,False,False,False,False,False,False,False,False,False,False,False,False,False,False,False,False,False,False,24.0,24.0
663100,,,HYDROGEL_PACK,XIRECS,9998.0,5,0,10006.0,9998,10014,9996.0,10017.0,0.0,0.0,0.0,-1,at_or_below_bid_touch,10006.0,9996.0,10028.0,9980.0,10028.0,9944.0,10028.0,10008.0,2.0,9992.0,-14.0,10028.0,22.0,False,False,False,False,True,False,False,False,False,False,False,False,False,False,False,False,False,False,18.0,30.0
668000,,,HYDROGEL_PACK,XIRECS,9999.0,6,0,10007.0,9999,10015,9996.0,10017.0,0.0,0.0,0.0,-1,at_or_below_bid_touch,10007.0,10001.0,10028.0,9980.0,10028.0,9944.0,10028.0,9990.0,-17.0,9988.0,-19.0,10009.0,2.0,True,False,True,False,True,False,False,False,False,False,False,False,False,False,False,False,False,False,19.0,29.0
670800,,,HYDROGEL_PACK,XIRECS,9993.0,5,0,10001.0,9993,10009,9990.0,10011.0,0.0,0.0,0.0,-1,at_or_below_bid_touch,10001.0,9994.0,10028.0,9980.0,10028.0,9946.0,10028.0,9996.0,-5.0,9977.0,-24.0,10017.0,16.0,True,False,True,False,True,False,False,False,False,False,False,False,False,False,False,False,False,False,13.0,35.0
679600,,,HYDROGEL_PACK,XIRECS,9995.0,6,0,9987.0,9979,9995,9977.0,9998.0,0.0,0.0,0.0,1,at_or_above_ask_touch,9987.0,9982.0,10023.0,9982.0,10028.0,9963.0,10028.0,9990.5,3.5,10003.0,16.0,10018.0,31.0,False,False,False,False,False,False,False,False,False,False,False,False,False,False,False,False,False,False,13.0,33.0
682100,,,HYDROGEL_PACK,XIRECS,9982.0,5,0,9974.0,9966,9982,9963.0,9984.0,0.0,0.0,0.0,1,at_or_above_ask_touch,9974.0,9969.0,10015.0,9969.0,10028.0,9969.0,10028.0,9997.0,23.0,9993.0,19.0,10028.0,54.0,False,False,False,False,False,False,False,False,False,False,False,False,False,False,False,False,False,False,13.0,46.0
682200,,,HYDROGEL_PACK,XIRECS,9967.0,6,0,9975.0,9967,9983,9965.0,9986.0,0.0,0.0,0.0,-1,at_or_below_bid_touch,9975.0,9969.0,10015.0,9969.0,10028.0,9969.0,10028.0,9999.0,24.0,9991.0,16.0,10030.0,55.0,True,False,True,False,True,False,True,False,True,False,True,False,True,False,True,False,True,False,-2.0,61.0
683500,,,HYDROGEL_PACK,XIRECS,9973.0,4,0,9969.5,9966,9973,9963.0,9984.0,0.3,-0.08433734939759036,0.0,1,at_or_above_ask_touch,9969.5,9969.0,10011.0,9969.0,10028.0,9969.0,10028.0,10000.0,30.5,9993.0,23.5,10036.0,66.5,False,False,False,False,False,False,False,False,False,False,False,False,False,False,False,False,False,False,4.0,55.0
686000,,,HYDROGEL_PACK,XIRECS,9990.0,4,0,9998.0,9990,10006,9987.0,10008.0,0.0,0.0,0.0,-1,at_or_below_bid_touch,9998.0,9969.0,10010.0,9969.0,10028.0,9969.0,10028.0,9992.0,-6.0,10005.0,7.0,10027.5,29.5,False,False,False,False,False,False,False,False,False,False,False,False,False,False,False,False,False,False,21.0,38.0
690600,,,HYDROGEL_PACK,XIRECS,10000.0,3,0,9992.0,9984,10000,9981.0,10002.0,0.0,0.0,0.0,1,at_or_above_ask_touch,9992.0,9969.0,10007.0,9969.0,10028.0,9969.0,10028.0,10004.0,12.0,10026.0,34.0,10053.0,61.0,False,False,False,False,False,False,False,False,False,False,False,False,False,False,False,False,False,False,31.0,28.0
691300,,,HYDROGEL_PACK,XIRECS,9982.0,6,0,9990.0,9982,9998,9979.0,10000.0,0.0,0.0,0.0,-1,at_or_below_bid_touch,9990.0,9969.0,10007.0,9969.0,10028.0,9969.0,10028.0,10007.0,17.0,10025.0,35.0,10049.0,59.0,False,False,False,False,False,False,False,False,False,False,False,False,False,False,False,False,False,False,13.0,46.0
693800,,,HYDROGEL_PACK,XIRECS,10005.0,6,0,9997.0,9989,10005,9987.0,10008.0,0.0,0.0,0.0,1,at_or_above_ask_touch,9997.0,9969.0,10007.0,9969.0,10028.0,9969.0,10028.0,10010.0,13.0,10025.0,28.0,10038.0,41.0,False,False,False,False,False,True,False,False,False,False,False,False,False,False,False,False,False,False,36.0,23.0
699400,,,HYDROGEL_PACK,XIRECS,10008.0,3,0,10016.0,10008,10024,10005.0,10026.0,0.0,0.0,0.0,-1,at_or_below_bid_touch,10016.0,9969.0,10016.0,9969.0,10028.0,9969.0,10028.0,10027.0,11.0,10035.0,19.0,10017.0,1.0,False,False,False,False,False,False,False,False,False,False,False,False,False,False,False,False,False,False,39.0,20.0
707400,,,HYDROGEL_PACK,XIRECS,10024.0,4,0,10032.0,10024,10040,10022.0,10043.0,0.0,0.0,0.0,-1,at_or_below_bid_touch,10032.0,9989.0,10039.0,9969.0,10039.0,9969.0,10039.0,10026.0,-6.0,10004.0,-28.0,10031.0,-1.0,False,False,False,False,False,False,False,False,False,False,False,False,False,False,False,False,False,False,55.0,15.0
712800,,,HYDROGEL_PACK,XIRECS,10018.0,5,0,10026.0,10018,10034,10015.0,10036.0,0.0,0.0,0.0,-1,at_or_below_bid_touch,10026.0,9993.0,10040.5,9969.0,10040.5,9969.0,10040.5,10003.0,-23.0,10009.0,-17.0,10010.0,-16.0,False,False,False,False,False,False,False,False,False,False,False,False,False,False,False,False,False,False,49.0,22.5
714900,,,HYDROGEL_PACK,XIRECS,10007.0,2,0,10015.0,10007,10023,10005.0,10026.0,0.0,0.0,0.0,-1,at_or_below_bid_touch,10015.0,9998.0,10040.5,9969.0,10040.5,9969.0,10040.5,10010.0,-5.0,10009.0,-6.0,10006.0,-9.0,False,False,False,False,False,False,False,False,False,False,False,False,False,False,False,False,False,False,38.0,33.5
715000,,,HYDROGEL_PACK,XIRECS,10005.0,2,0,10013.0,10005,10021,10003.0,10024.0,0.0,0.0,0.0,-1,at_or_below_bid_touch,10013.0,9998.0,10040.5,9969.0,10040.5,9969.0,10040.5,10010.0,-3.0,10008.0,-5.0,10001.0,-12.0,False,False,False,False,False,False,False,False,False,False,False,False,False,False,False,False,False,False,36.0,35.5
721300,,,HYDROGEL_PACK,XIRECS,10005.0,5,0,10013.0,10005,10021,10002.0,10023.0,0.0,0.0,0.0,-1,at_or_below_bid_touch,10013.0,9998.0,10040.5,9969.0,10040.5,9969.0,10040.5,10013.0,0.0,10031.0,18.0,10000.0,-13.0,False,False,False,False,False,False,False,False,False,False,False,False,False,False,False,False,False,False,36.0,35.5
721400,,,HYDROGEL_PACK,XIRECS,10003.0,5,0,10011.0,10003,10019,10001.0,10022.0,0.0,0.0,0.0,-1,at_or_below_bid_touch,10011.0,9998.0,10040.5,9969.0,10040.5,9969.0,10040.5,10013.0,2.0,10028.0,17.0,9994.5,-16.5,False,False,False,False,False,False,False,False,False,False,False,False,False,False,False,False,False,False,34.0,37.5
722600,,,HYDROGEL_PACK,XIRECS,10001.0,4,0,10009.0,10001,10017,9999.0,10020.0,0.0,0.0,0.0,-1,at_or_below_bid_touch,10009.0,9998.0,10040.5,9969.0,10040.5,9969.0,10040.5,10008.0,-1.0,10038.0,29.0,9991.0,-18.0,False,False,False,False,False,False,False,False,False,False,False,False,False,False,False,False,False,False,32.0,39.5
735100,,,HYDROGEL_PACK,XIRECS,10039.0,5,0,10031.0,10023,10039,10020.0,10041.0,0.0,0.0,0.0,1,at_or_above_ask_touch,10031.0,9998.0,10041.0,9989.0,10041.0,9969.0,10041.0,10047.0,16.0,10035.0,4.0,9993.0,-38.0,False,False,False,False,False,True,False,False,False,False,False,True,False,False,False,False,False,True,50.0,2.0
738300,,,HYDROGEL_PACK,XIRECS,10037.0,5,0,10045.0,10037,10053,10035.0,10056.0,0.0,0.0,0.0,-1,at_or_below_bid_touch,10045.0,10003.0,10046.0,9989.0,10046.0,9969.0,10046.0,10032.0,-13.0,10031.0,-14.0,10007.0,-38.0,False,False,False,False,False,False,False,False,False,False,False,False,False,False,False,False,False,False,48.0,9.0
738400,,,HYDROGEL_PACK,XIRECS,10054.0,2,0,10046.0,10038,10054,10035.0,10056.0,0.0,0.0,0.0,1,at_or_above_ask_touch,10046.0,10003.0,10046.0,9989.0,10046.0,9969.0,10046.0,10032.0,-14.0,10033.0,-13.0,10001.0,-45.0,False,True,False,True,False,True,False,True,False,True,False,True,False,True,False,True,False,True,65.0,-8.0
740800,,,HYDROGEL_PACK,XIRECS,10058.0,3,0,10050.0,10042,10058,10039.0,10060.0,0.0,0.0,0.0,1,at_or_above_ask_touch,10050.0,10003.0,10055.5,9989.0,10055.5,9969.0,10055.5,10034.0,-16.0,10023.0,-27.0,10011.0,-39.0,False,True,False,True,False,True,False,True,False,True,False,True,False,True,False,True,False,True,69.0,-2.5
741300,,,HYDROGEL_PACK,XIRECS,10057.0,2,0,10049.0,10041,10057,10038.0,10059.0,0.0,0.0,0.0,1,at_or_above_ask_touch,10049.0,10003.0,10055.5,9989.0,10055.5,9969.0,10055.5,10032.0,-17.0,10025.0,-24.0,10004.0,-45.0,False,True,False,True,False,True,False,True,False,True,False,True,False,True,False,True,False,True,68.0,-1.5
748800,,,HYDROGEL_PACK,XIRECS,10038.0,6,0,10030.0,10022,10038,10020.0,10041.0,0.0,0.0,0.0,1,at_or_above_ask_touch,10030.0,10011.0,10055.5,9998.0,10055.5,9969.0,10055.5,10045.0,15.0,10030.0,0.0,9999.0,-31.0,False,False,False,False,False,False,False,False,False,False,False,False,False,False,False,False,False,False,40.0,17.5
750300,,,HYDROGEL_PACK,XIRECS,10029.0,4,0,10021.0,10013,10029,10010.0,10031.0,0.0,0.0,0.0,1,at_or_above_ask_touch,10021.0,10017.0,10055.5,9998.0,10055.5,9969.0,10055.5,10037.0,16.0,10017.0,-4.0,9999.0,-22.0,False,False,False,False,False,False,False,False,False,False,False,False,False,False,False,False,False,False,31.0,26.5
754800,,,HYDROGEL_PACK,XIRECS,10049.0,3,0,10041.0,10033,10049,10030.0,10051.0,0.0,0.0,0.0,1,at_or_above_ask_touch,10041.0,10017.0,10055.5,9998.0,10055.5,9969.0,10055.5,10026.0,-15.0,10005.0,-36.0,9988.0,-53.0,False,False,False,False,False,False,False,False,False,False,False,False,False,False,False,False,False,False,51.0,6.5
755900,,,HYDROGEL_PACK,XIRECS,10047.0,2,0,10039.0,10031,10047,10028.0,10049.0,0.0,0.0,0.0,1,at_or_above_ask_touch,10039.0,10017.0,10055.5,9998.0,10055.5,9969.0,10055.5,10011.0,-28.0,10006.0,-33.0,9985.0,-54.0,False,False,False,False,False,False,False,False,False,False,False,False,False,False,False,False,False,False,49.0,8.5
760300,,,HYDROGEL_PACK,XIRECS,10025.0,6,0,10017.0,10009,10025,10007.0,10028.0,0.0,0.0,0.0,1,at_or_above_ask_touch,10017.0,10017.0,10055.5,9998.0,10055.5,9969.0,10055.5,10007.0,-10.0,10002.0,-15.0,9977.0,-40.0,False,False,False,False,False,False,False,False,False,False,False,False,False,False,False,False,False,False,27.0,30.5
762200,,,HYDROGEL_PACK,XIRECS,10003.0,3,0,10011.0,10003,10019,10000.0,10021.0,0.0,0.0,0.0,-1,at_or_below_bid_touch,10011.0,10010.0,10047.0,9998.0,10055.5,9969.0,10055.5,10003.0,-8.0,9994.0,-17.0,9976.0,-35.0,True,False,True,False,True,False,False,False,False,False,False,False,False,False,False,False,False,False,5.0,52.5
762800,,,HYDROGEL_PACK,XIRECS,10002.0,5,0,10010.0,10002,10018,9999.0,10020.0,0.0,0.0,0.0,-1,at_or_below_bid_touch,10010.0,10004.0,10047.0,9998.0,10055.5,9969.0,10055.5,10009.0,-1.0,9994.0,-16.0,9978.0,-32.0,True,False,True,False,True,False,False,False,False,False,False,False,False,False,False,False,False,False,4.0,53.5
763000,,,HYDROGEL_PACK,XIRECS,10018.0,4,0,10010.0,10002,10018,9999.0,10020.0,0.0,0.0,0.0,1,at_or_above_ask_touch,10010.0,10004.0,10047.0,9998.0,10055.5,9969.0,10055.5,10007.0,-3.0,9995.0,-15.0,9973.0,-37.0,False,False,False,False,False,False,False,False,False,False,False,False,False,False,False,False,False,False,20.0,37.5
764200,,,HYDROGEL_PACK,XIRECS,9995.0,4,0,10003.0,9995,10011,9992.0,10013.0,0.0,0.0,0.0,-1,at_or_below_bid_touch,10003.0,10003.0,10047.0,9998.0,10055.5,9969.0,10055.5,10013.0,10.0,10002.0,-1.0,9982.0,-21.0,True,False,True,False,True,False,True,False,True,False,True,False,False,False,False,False,False,False,-3.0,60.5
764400,,,HYDROGEL_PACK,XIRECS,9994.0,5,0,10002.0,9994,10010,9992.0,10013.0,0.0,0.0,0.0,-1,at_or_below_bid_touch,10002.0,10002.0,10047.0,9998.0,10055.5,9969.0,10055.5,10015.0,13.0,9998.0,-4.0,9985.0,-17.0,True,False,True,False,True,False,True,False,True,False,True,False,False,False,False,False,False,False,-4.0,61.5
769500,,,HYDROGEL_PACK,XIRECS,10022.0,3,0,10014.0,10006,10022,10004.0,10025.0,0.0,0.0,0.0,1,at_or_above_ask_touch,10014.0,9999.0,10047.0,9999.0,10055.5,9969.0,10055.5,9997.0,-17.0,10008.0,-6.0,9995.0,-19.0,False,False,False,False,False,False,False,False,False,False,False,False,False,False,False,False,False,False,23.0,33.5
773400,,,HYDROGEL_PACK,XIRECS,10005.0,6,0,9997.0,9989,10005,9987.0,10008.0,0.0,0.0,0.0,1,at_or_above_ask_touch,9997.0,9991.0,10046.0,9991.0,10055.5,9969.0,10055.5,10007.0,10.0,9991.0,-6.0,9988.0,-9.0,False,False,False,False,False,False,False,False,False,False,False,False,False,False,False,False,False,False,14.0,50.5
776900,,,HYDROGEL_PACK,XIRECS,9999.0,4,0,10007.0,9999,10015,9996.0,10017.0,0.0,0.0,0.0,-1,at_or_below_bid_touch,10007.0,9991.0,10038.0,9991.0,10055.5,9969.0,10055.5,9998.0,-9.0,9987.0,-20.0,9983.0,-24.0,False,False,False,False,False,False,False,False,False,False,False,False,False,False,False,False,False,False,8.0,56.5
778400,,,HYDROGEL_PACK,XIRECS,9999.0,6,0,10007.0,9999,10015,9996.0,10017.0,0.0,0.0,0.0,-1,at_or_below_bid_touch,10007.0,9991.0,10036.0,9991.0,10055.5,9969.0,10055.5,9991.0,-16.0,10001.0,-6.0,9980.0,-27.0,False,False,False,False,False,False,False,False,False,False,False,False,False,False,False,False,False,False,8.0,56.5
778700,,,HYDROGEL_PACK,XIRECS,10011.0,4,0,10003.0,9995,10011,9992.0,10013.0,0.0,0.0,0.0,1,at_or_above_ask_touch,10003.0,9991.0,10033.0,9991.0,10055.5,9969.0,10055.5,9985.0,-18.0,10006.0,3.0,9978.0,-25.0,False,False,False,False,False,False,False,False,False,False,False,False,False,False,False,False,False,False,20.0,44.5
779000,,,HYDROGEL_PACK,XIRECS,10010.0,4,0,10002.0,9994,10010,9991.0,10012.0,0.0,0.0,0.0,1,at_or_above_ask_touch,10002.0,9991.0,10033.0,9991.0,10055.5,9969.0,10055.5,9990.0,-12.0,10010.0,8.0,9982.0,-20.0,False,False,False,False,False,False,False,False,False,False,False,False,False,False,False,False,False,False,19.0,45.5
780100,,,HYDROGEL_PACK,XIRECS,10020.0,4,0,10012.0,10004,10020,10001.0,10022.0,0.0,0.0,0.0,1,at_or_above_ask_touch,10012.0,9991.0,10022.0,9991.0,10055.5,9969.0,10055.5,9993.0,-19.0,10008.0,-4.0,9981.0,-31.0,False,False,False,False,False,True,False,False,False,False,False,False,False,False,False,False,False,False,29.0,35.5
785300,,,HYDROGEL_PACK,XIRECS,9985.0,6,0,9993.0,9985,10001,9983.0,10004.0,0.0,0.0,0.0,-1,at_or_below_bid_touch,9993.0,9984.0,10017.0,9984.0,10055.5,9984.0,10055.5,10010.0,17.0,9995.0,2.0,9987.0,-6.0,False,False,True,False,True,False,False,False,True,False,True,False,False,False,True,False,True,False,1.0,70.5
793800,,,HYDROGEL_PACK,XIRECS,10013.0,4,0,10005.0,9997,10013,9994.0,10015.0,0.0,0.0,0.0,1,at_or_above_ask_touch,10005.0,9984.0,10014.0,9984.0,10047.0,9984.0,10055.5,9999.0,-6.0,9996.0,-9.0,10001.0,-4.0,False,False,False,True,False,True,False,False,False,False,False,False,False,False,False,False,False,False,29.0,34.0
794900,,,HYDROGEL_PACK,XIRECS,9991.0,4,0,9999.0,9991,10007,9989.0,10010.0,0.0,0.0,0.0,-1,at_or_below_bid_touch,9999.0,9984.0,10014.0,9984.0,10047.0,9984.0,10055.5,9996.0,-3.0,9989.0,-10.0,10003.0,4.0,False,False,False,False,False,False,False,False,False,False,False,False,False,False,False,False,False,False,7.0,56.0
795700,,,HYDROGEL_PACK,XIRECS,9982.0,4,0,9990.0,9982,9998,9979.0,10000.0,0.0,0.0,0.0,-1,at_or_below_bid_touch,9990.0,9984.0,10014.0,9984.0,10047.0,9984.0,10055.5,9995.0,5.0,9987.0,-3.0,10000.0,10.0,True,False,True,False,True,False,True,False,True,False,True,False,True,False,True,False,True,False,-2.0,65.0
799200,,,HYDROGEL_PACK,XIRECS,10005.0,6,0,9997.0,9989,10005,9987.0,10008.0,0.0,0.0,0.0,1,at_or_above_ask_touch,9997.0,9984.0,10013.0,9984.0,10047.0,9984.0,10055.5,9991.0,-6.0,9976.0,-21.0,10004.0,7.0,False,False,False,False,False,False,False,False,False,False,False,False,False,False,False,False,False,False,21.0,42.0
802300,,,HYDROGEL_PACK,XIRECS,9984.0,2,0,9992.0,9984,10000,9982.0,10003.0,0.0,0.0,0.0,-1,at_or_below_bid_touch,9992.0,9984.0,10013.0,9984.0,10047.0,9984.0,10055.5,9972.0,-20.0,9977.0,-15.0,10004.0,12.0,True,False,True,False,True,False,True,False,True,False,True,False,True,False,True,False,True,False,0.0,63.0
802400,,,HYDROGEL_PACK,XIRECS,9997.0,6,0,9989.0,9981,9997,9979.0,10000.0,0.0,0.0,0.0,1,at_or_above_ask_touch,9989.0,9984.0,10013.0,9984.0,10047.0,9984.0,10055.5,9972.0,-17.0,9978.0,-11.0,10006.0,17.0,False,False,False,False,False,False,False,False,False,False,False,False,False,False,False,False,False,False,13.0,50.0
804800,,,HYDROGEL_PACK,XIRECS,9980.0,4,0,9988.0,9980,9996,9977.0,9998.0,0.0,0.0,0.0,-1,at_or_below_bid_touch,9988.0,9986.0,10013.0,9984.0,10041.0,9984.0,10055.5,9975.0,-13.0,9989.0,1.0,10015.0,27.0,True,False,True,False,True,False,True,False,True,False,True,False,True,False,True,False,True,False,-4.0,61.0
805000,,,HYDROGEL_PACK,XIRECS,9998.0,5,0,9990.0,9982,9998,9980.0,10001.0,0.0,0.0,0.0,1,at_or_above_ask_touch,9990.0,9986.0,10013.0,9984.0,10041.0,9984.0,10055.5,9976.0,-14.0,9992.0,2.0,10013.0,23.0,False,False,False,False,False,False,False,False,False,False,False,False,False,False,False,False,False,False,14.0,43.0
805900,,,HYDROGEL_PACK,XIRECS,9977.0,3,0,9985.0,9977,9993,9975.0,9996.0,0.0,0.0,0.0,-1,at_or_below_bid_touch,9985.0,9985.0,10013.0,9984.0,10041.0,9984.0,10055.5,9976.0,-9.0,9990.0,5.0,10018.0,33.0,True,False,True,False,True,False,True,False,True,False,True,False,True,False,True,False,True,False,-7.0,64.0
806000,,,HYDROGEL_PACK,XIRECS,9993.0,5,0,9988.5,9984,9993,9974.0,9995.0,-0.5294117647058824,0.05555555555555555,0.0,1,at_or_above_ask_touch,9988.5,9985.0,10013.0,9984.0,10040.5,9984.0,10055.5,9978.0,-10.5,9990.0,1.5,10019.0,30.5,False,False,False,False,False,False,False,False,False,False,False,False,False,False,False,False,False,False,9.0,47.5
806200,,,HYDROGEL_PACK,XIRECS,9975.0,4,0,9983.0,9975,9991,9973.0,9994.0,0.0,0.0,0.0,-1,at_or_below_bid_touch,9983.0,9983.0,10013.0,9983.0,10040.5,9983.0,10055.5,9976.0,-7.0,9991.0,8.0,10016.0,33.0,True,False,True,False,True,False,True,False,True,False,True,False,True,False,True,False,True,False,-8.0,65.5
810200,,,HYDROGEL_PACK,XIRECS,9969.0,5,0,9977.0,9969,9985,9966.0,9987.0,0.0,0.0,0.0,-1,at_or_below_bid_touch,9977.0,9971.0,10013.0,9971.0,10019.0,9971.0,10055.5,9992.0,15.0,9997.0,20.0,10008.0,31.0,True,False,True,False,True,False,True,False,True,False,True,False,True,False,True,False,True,False,-2.0,50.0
824000,,,HYDROGEL_PACK,XIRECS,9985.0,6,0,9977.0,9969,9985,9967.0,9988.0,0.0,0.0,0.0,1,at_or_above_ask_touch,9977.0,9971.0,10003.5,9971.0,10014.0,9971.0,10055.5,9982.0,5.0,9979.0,2.0,10006.0,29.0,False,False,False,False,False,False,False,False,False,False,False,False,False,False,False,False,False,False,14.0,29.0
825600,,,HYDROGEL_PACK,XIRECS,9987.0,5,0,9979.0,9971,9987,9968.0,9989.0,0.0,0.0,0.0,1,at_or_above_ask_touch,9979.0,9971.0,10003.5,9971.0,10014.0,9971.0,10055.5,9976.0,-3.0,9985.0,6.0,10001.5,22.5,False,False,False,False,False,False,False,False,False,False,False,False,False,False,False,False,False,False,16.0,27.0
832700,,,HYDROGEL_PACK,XIRECS,9995.0,2,0,9987.0,9979,9995,9976.0,9997.0,0.0,0.0,0.0,1,at_or_above_ask_touch,9987.0,9965.5,10003.5,9965.5,10013.0,9965.5,10055.5,9996.0,9.0,10005.0,18.0,10019.0,32.0,False,False,False,False,False,False,False,False,False,False,False,False,False,False,False,False,False,False,29.5,18.0
832900,,,HYDROGEL_PACK,XIRECS,9991.0,5,0,9983.0,9975,9991,9973.0,9993.0,0.0,0.0,0.0,1,at_or_above_ask_touch,9983.0,9965.5,10003.5,9965.5,10013.0,9965.5,10055.5,9996.5,13.5,10008.0,25.0,10019.0,36.0,False,False,False,False,False,False,False,False,False,False,False,False,False,False,False,False,False,False,25.5,22.0
841500,,,HYDROGEL_PACK,XIRECS,9983.0,2,0,9991.0,9983,9999,9980.0,10001.0,0.0,0.0,0.0,-1,at_or_below_bid_touch,9991.0,9965.5,10003.5,9965.5,10011.0,9965.5,10047.0,10000.0,9.0,10008.0,17.0,10023.0,32.0,False,False,False,False,False,False,False,False,False,False,False,False,False,False,False,False,False,False,17.5,28.0
843000,,,HYDROGEL_PACK,XIRECS,10016.0,3,0,10008.0,10000,10016,9997.0,10018.0,0.0,0.0,0.0,1,at_or_above_ask_touch,10008.0,9965.5,10008.0,9965.5,10011.0,9965.5,10047.0,9999.0,-9.0,10015.0,7.0,10024.0,16.0,False,True,False,True,False,True,False,True,False,True,False,True,False,False,False,False,False,False,50.5,-5.0
844600,,,HYDROGEL_PACK,XIRECS,10006.0,4,0,9998.0,9990,10006,9988.0,10009.0,0.0,0.0,0.0,1,at_or_above_ask_touch,9998.0,9965.5,10008.0,9965.5,10008.0,9965.5,10047.0,10003.0,5.0,10014.0,16.0,10019.0,21.0,False,False,False,False,False,True,False,False,False,False,False,True,False,False,False,False,False,False,40.5,2.0
850400,,,HYDROGEL_PACK,XIRECS,10014.0,6,0,10009.5,10005,10014,9995.0,10016.0,-0.05263157894736842,0.10843373493975904,0.0,1,at_or_above_ask_touch,10009.5,9975.0,10010.0,9965.5,10010.0,9965.5,10047.0,10017.0,7.5,10007.0,-2.5,9998.0,-11.5,False,True,False,True,False,True,False,True,False,True,False,True,False,False,False,False,False,False,48.5,-4.0
852400,,,HYDROGEL_PACK,XIRECS,9998.0,2,0,10006.0,9998,10014,9996.0,10017.0,0.0,0.0,0.0,-1,at_or_below_bid_touch,10006.0,9979.0,10010.5,9965.5,10010.5,9965.5,10047.0,10016.0,10.0,10007.0,1.0,9977.0,-29.0,False,False,False,False,False,False,False,False,False,False,False,False,False,False,False,False,False,False,32.5,12.5
859100,,,HYDROGEL_PACK,XIRECS,10011.0,6,0,10019.0,10011,10027,10008.0,10029.0,0.0,0.0,0.0,-1,at_or_below_bid_touch,10019.0,9985.0,10023.0,9965.5,10023.0,9965.5,10031.0,10003.0,-16.0,10008.0,-11.0,9976.0,-43.0,False,False,False,False,False,False,False,False,False,False,False,False,False,False,False,False,False,False,45.5,12.0
859700,,,HYDROGEL_PACK,XIRECS,10006.0,4,0,10014.0,10006,10022,10004.0,10025.0,0.0,0.0,0.0,-1,at_or_below_bid_touch,10014.0,9985.0,10023.0,9965.5,10023.0,9965.5,10026.0,10006.0,-8.0,10009.0,-5.0,9986.0,-28.0,False,False,False,False,False,False,False,False,False,False,False,False,False,False,False,False,False,False,40.5,17.0
860500,,,HYDROGEL_PACK,XIRECS,10016.0,4,0,10008.0,10000,10016,9997.0,10018.0,0.0,0.0,0.0,1,at_or_above_ask_touch,10008.0,9985.0,10023.0,9965.5,10023.0,9965.5,10023.0,10008.0,0.0,10010.0,2.0,9988.0,-20.0,False,False,False,False,False,False,False,False,False,False,False,False,False,False,False,False,False,False,50.5,7.0
862100,,,HYDROGEL_PACK,XIRECS,9999.0,5,0,10007.0,9999,10015,9997.0,10018.0,0.0,0.0,0.0,-1,at_or_below_bid_touch,10007.0,9991.5,10023.0,9965.5,10023.0,9965.5,10023.0,10013.0,6.0,10001.0,-6.0,9981.0,-26.0,False,False,False,False,False,False,False,False,False,False,False,False,False,False,False,False,False,False,33.5,24.0
864800,,,HYDROGEL_PACK,XIRECS,10000.0,6,0,10008.0,10000,10016,9998.0,10019.0,0.0,0.0,0.0,-1,at_or_below_bid_touch,10008.0,9991.5,10023.0,9965.5,10023.0,9965.5,10023.0,10008.0,0.0,9998.0,-10.0,9972.0,-36.0,False,False,False,False,False,False,False,False,False,False,False,False,False,False,False,False,False,False,34.5,23.0
867200,,,HYDROGEL_PACK,XIRECS,10020.0,3,0,10012.0,10004,10020,10001.0,10022.0,0.0,0.0,0.0,1,at_or_above_ask_touch,10012.0,9991.5,10023.0,9965.5,10023.0,9965.5,10023.0,10003.0,-9.0,10000.0,-12.0,9970.5,-41.5,False,False,False,False,False,False,False,False,False,False,False,False,False,False,False,False,False,False,54.5,3.0
868000,,,HYDROGEL_PACK,XIRECS,10004.0,3,0,10012.0,10004,10020,10001.0,10022.0,0.0,0.0,0.0,-1,at_or_below_bid_touch,10012.0,9994.5,10023.0,9965.5,10023.0,9965.5,10023.0,10006.0,-6.0,10004.0,-8.0,9964.0,-48.0,False,False,False,False,False,False,False,False,False,False,False,False,False,False,False,False,False,False,38.5,19.0
868200,,,HYDROGEL_PACK,XIRECS,10007.0,2,0,10015.0,10007,10023,10005.0,10026.0,0.0,0.0,0.0,-1,at_or_below_bid_touch,10015.0,9994.5,10023.0,9965.5,10023.0,9965.5,10023.0,10004.0,-11.0,10007.5,-7.5,9969.0,-46.0,False,False,False,False,False,False,False,False,False,False,False,False,False,False,False,False,False,False,41.5,16.0
873100,,,HYDROGEL_PACK,XIRECS,10012.0,3,0,10004.0,9996,10012,9994.0,10015.0,0.0,0.0,0.0,1,at_or_above_ask_touch,10004.0,9996.0,10023.0,9965.5,10023.0,9965.5,10023.0,10005.0,1.0,10022.0,18.0,9987.0,-17.0,False,False,False,False,False,False,False,False,False,False,False,False,False,False,False,False,False,False,46.5,11.0
874800,,,HYDROGEL_PACK,XIRECS,9990.0,4,0,9998.0,9990,10006,9988.0,10009.0,0.0,0.0,0.0,-1,at_or_below_bid_touch,9998.0,9996.0,10023.0,9965.5,10023.0,9965.5,10023.0,10010.0,12.0,10020.0,22.0,9988.0,-10.0,True,False,True,False,True,False,False,False,False,False,False,False,False,False,False,False,False,False,24.5,33.0
876100,,,HYDROGEL_PACK,XIRECS,9989.0,6,0,9997.0,9989,10005,9986.0,10007.0,0.0,0.0,0.0,-1,at_or_below_bid_touch,9997.0,9996.0,10023.0,9965.5,10023.0,9965.5,10023.0,10010.0,13.0,10031.0,34.0,9997.0,0.0,True,False,True,False,True,False,False,False,False,False,False,False,False,False,False,False,False,False,23.5,34.0
883900,,,HYDROGEL_PACK,XIRECS,10015.0,3,0,10023.0,10015,10031,10012.0,10033.0,0.0,0.0,0.0,-1,at_or_below_bid_touch,10023.0,9994.0,10023.0,9979.0,10023.0,9965.5,10023.0,10039.0,16.0,10026.0,3.0,10001.0,-22.0,False,False,False,False,False,False,False,False,False,False,False,False,False,False,False,False,False,False,36.0,8.0
884500,,,HYDROGEL_PACK,XIRECS,10017.0,2,0,10025.0,10017,10033,10014.0,10035.0,0.0,0.0,0.0,-1,at_or_below_bid_touch,10025.0,9994.0,10026.0,9980.5,10026.0,9965.5,10026.0,10034.0,9.0,10018.0,-7.0,10004.0,-21.0,False,False,False,False,False,False,False,False,False,False,False,False,False,False,False,False,False,False,36.5,9.0
885300,,,HYDROGEL_PACK,XIRECS,10019.0,5,0,10027.0,10019,10035,10016.0,10037.0,0.0,0.0,0.0,-1,at_or_below_bid_touch,10027.0,9994.0,10028.0,9980.5,10028.0,9965.5,10028.0,10032.0,5.0,10016.0,-11.0,10007.0,-20.0,False,False,False,False,False,False,False,False,False,False,False,False,False,False,False,False,False,False,38.5,9.0
886200,,,HYDROGEL_PACK,XIRECS,10039.0,5,0,10031.0,10023,10039,10021.0,10042.0,0.0,0.0,0.0,1,at_or_above_ask_touch,10031.0,9994.0,10031.0,9985.0,10031.0,9965.5,10031.0,10021.0,-10.0,10012.0,-19.0,9999.0,-32.0,False,True,False,True,False,True,False,True,False,True,False,True,False,True,False,True,False,True,54.0,-8.0
889300,,,HYDROGEL_PACK,XIRECS,10048.0,3,0,10039.5,10031,10048,10029.0,10050.0,0.0,0.0,0.0,1,at_or_above_ask_touch,10039.5,9994.0,10041.0,9985.0,10041.0,9965.5,10041.0,10021.0,-18.5,10005.0,-34.5,10003.0,-36.5,False,True,False,True,False,True,False,True,False,True,False,True,False,True,False,True,False,True,63.0,-7.0
898800,,,HYDROGEL_PACK,XIRECS,10002.0,5,0,10010.0,10002,10018,9999.0,10020.0,0.0,0.0,0.0,-1,at_or_below_bid_touch,10010.0,10005.0,10041.0,9994.0,10041.0,9965.5,10041.0,9976.0,-34.0,9970.0,-40.0,10006.0,-4.0,True,False,True,False,True,False,False,False,False,False,False,False,False,False,False,False,False,False,8.0,39.0
908000,,,HYDROGEL_PACK,XIRECS,9980.0,4,0,9976.5,9973,9980,9970.0,9991.0,0.4666666666666667,-0.05263157894736842,0.0,1,at_or_above_ask_touch,9976.5,9972.0,10041.0,9972.0,10041.0,9965.5,10041.0,9984.0,7.5,9964.0,-12.5,10024.0,47.5,False,False,False,False,False,False,False,False,False,False,False,False,False,False,False,False,False,False,8.0,61.0
910900,,,HYDROGEL_PACK,XIRECS,9973.0,5,0,9981.0,9973,9989,9971.0,9992.0,0.0,0.0,0.0,-1,at_or_below_bid_touch,9981.0,9970.0,10032.0,9970.0,10041.0,9965.5,10041.0,9964.0,-17.0,9979.0,-2.0,10030.0,49.0,False,False,False,False,False,False,False,False,False,False,False,False,False,False,False,False,False,False,3.0,68.0
912300,,,HYDROGEL_PACK,XIRECS,9975.0,2,0,9983.0,9975,9991,9973.0,9994.0,0.0,0.0,0.0,-1,at_or_below_bid_touch,9983.0,9970.0,10032.0,9970.0,10041.0,9965.5,10041.0,9968.0,-15.0,9977.0,-6.0,10023.0,40.0,False,False,False,False,False,False,False,False,False,False,False,False,False,False,False,False,False,False,5.0,66.0
917000,,,HYDROGEL_PACK,XIRECS,9959.0,3,0,9967.0,9959,9975,9957.0,9978.0,0.0,0.0,0.0,-1,at_or_below_bid_touch,9967.0,9960.5,10020.0,9960.5,10041.0,9960.5,10041.0,9976.0,9.0,10001.0,34.0,10015.0,48.0,True,False,True,False,True,False,True,False,True,False,True,False,True,False,True,False,True,False,-1.5,82.0
918600,,,HYDROGEL_PACK,XIRECS,9962.0,5,0,9970.0,9962,9978,9960.0,9981.0,0.0,0.0,0.0,-1,at_or_below_bid_touch,9970.0,9960.5,10011.0,9960.5,10041.0,9960.5,10041.0,9987.0,17.0,10000.0,30.0,10008.0,38.0,False,False,False,False,True,False,False,False,False,False,True,False,False,False,False,False,True,False,1.5,79.0
920900,,,HYDROGEL_PACK,XIRECS,9987.0,6,0,9979.0,9971,9987,9968.0,9989.0,0.0,0.0,0.0,1,at_or_above_ask_touch,9979.0,9960.5,9991.0,9960.5,10041.0,9960.5,10041.0,10002.0,23.0,10004.0,25.0,10017.0,38.0,False,False,False,False,False,False,False,False,False,False,False,False,False,False,False,False,False,False,26.5,54.0
922400,,,HYDROGEL_PACK,XIRECS,9971.0,6,0,9979.0,9971,9987,9969.0,9990.0,0.0,0.0,0.0,-1,at_or_below_bid_touch,9979.0,9960.5,9990.0,9960.5,10041.0,9960.5,10041.0,10005.0,26.0,9997.5,18.5,10022.0,43.0,False,False,False,False,False,False,False,False,False,False,False,False,False,False,False,False,False,False,10.5,70.0
923100,,,HYDROGEL_PACK,XIRECS,9995.0,5,0,9987.0,9979,9995,9976.0,9997.0,0.0,0.0,0.0,1,at_or_above_ask_touch,9987.0,9960.5,9990.0,9960.5,10041.0,9960.5,10041.0,10002.0,15.0,10003.5,16.5,10021.0,34.0,False,True,False,True,False,True,False,False,False,False,False,False,False,False,False,False,False,False,34.5,46.0
924000,,,HYDROGEL_PACK,XIRECS,9989.0,6,0,9981.0,9973,9989,9970.0,9991.0,0.0,0.0,0.0,1,at_or_above_ask_touch,9981.0,9960.5,9990.0,9960.5,10041.0,9960.5,10041.0,9995.0,14.0,10001.0,20.0,10027.0,46.0,False,False,False,True,False,True,False,False,False,False,False,False,False,False,False,False,False,False,28.5,52.0
924900,,,HYDROGEL_PACK,XIRECS,9997.0,6,0,9989.0,9981,9997,9979.0,10000.0,0.0,0.0,0.0,1,at_or_above_ask_touch,9989.0,9960.5,9990.0,9960.5,10041.0,9960.5,10041.0,10011.0,22.0,10002.0,13.0,10028.0,39.0,False,True,False,True,False,True,False,False,False,False,False,False,False,False,False,False,False,False,36.5,44.0
928400,,,HYDROGEL_PACK,XIRECS,10008.0,6,0,10000.0,9992,10008,9989.0,10010.0,0.0,0.0,0.0,1,at_or_above_ask_touch,10000.0,9960.5,10008.0,9960.5,10041.0,9960.5,10041.0,10003.0,3.0,10009.0,9.0,10010.0,10.0,False,True,False,True,False,True,False,False,False,False,False,False,False,False,False,False,False,False,47.5,33.0
932900,,,HYDROGEL_PACK,XIRECS,9994.0,3,0,10002.0,9994,10010,9992.0,10013.0,0.0,0.0,0.0,-1,at_or_below_bid_touch,10002.0,9960.5,10011.0,9960.5,10041.0,9960.5,10041.0,10009.0,7.0,10006.0,4.0,9993.0,-9.0,False,False,False,False,False,False,False,False,False,False,False,False,False,False,False,False,False,False,33.5,47.0
939100,,,HYDROGEL_PACK,XIRECS,9994.0,5,0,10002.0,9994,10010,9992.0,10013.0,0.0,0.0,0.0,-1,at_or_below_bid_touch,10002.0,9968.0,10011.0,9960.5,10041.0,9960.5,10041.0,10006.0,4.0,10006.0,4.0,9995.0,-7.0,False,False,False,False,False,False,False,False,False,False,False,False,False,False,False,False,False,False,33.5,47.0
940700,,,HYDROGEL_PACK,XIRECS,10008.0,3,0,10000.0,9992,10008,9990.0,10011.0,0.0,0.0,0.0,1,at_or_above_ask_touch,10000.0,9974.0,10011.0,9960.5,10032.0,9960.5,10041.0,10008.0,8.0,10013.0,13.0,9998.0,-2.0,False,False,False,False,False,False,False,False,False,False,False,False,False,False,False,False,False,False,47.5,24.0
942000,,,HYDROGEL_PACK,XIRECS,10010.0,2,0,10002.0,9994,10010,9992.0,10013.0,0.0,0.0,0.0,1,at_or_above_ask_touch,10002.0,9975.0,10011.0,9960.5,10032.0,9960.5,10041.0,10005.0,3.0,10013.0,11.0,9997.0,-5.0,False,False,False,True,False,True,False,False,False,False,False,False,False,False,False,False,False,False,49.5,22.0
943300,,,HYDROGEL_PACK,XIRECS,9997.0,3,0,10005.0,9997,10013,9994.0,10015.0,0.0,0.0,0.0,-1,at_or_below_bid_touch,10005.0,9981.0,10011.0,9960.5,10026.0,9960.5,10041.0,10002.5,-2.5,10017.0,12.0,9981.0,-24.0,False,False,False,False,False,False,False,False,False,False,False,False,False,False,False,False,False,False,36.5,29.0
944100,,,HYDROGEL_PACK,XIRECS,9998.0,4,0,10006.0,9998,10014,9995.0,10016.0,0.0,0.0,0.0,-1,at_or_below_bid_touch,10006.0,9982.0,10011.0,9960.5,10022.0,9960.5,10041.0,10006.0,0.0,10022.0,16.0,9981.0,-25.0,False,False,False,False,False,False,False,False,False,False,False,False,False,False,False,False,False,False,37.5,24.0
949600,,,HYDROGEL_PACK,XIRECS,10015.0,4,0,10007.0,9999,10015,9996.0,10017.0,0.0,0.0,0.0,1,at_or_above_ask_touch,10007.0,9997.0,10017.0,9960.5,10017.0,9960.5,10041.0,10019.0,12.0,10031.5,24.5,9960.0,-47.0,False,False,False,False,False,True,False,False,False,False,False,True,False,False,False,False,False,False,54.5,2.0
950300,,,HYDROGEL_PACK,XIRECS,9998.0,3,0,10006.0,9998,10014,9995.0,10016.0,0.0,0.0,0.0,-1,at_or_below_bid_touch,10006.0,9997.0,10017.0,9960.5,10017.0,9960.5,10041.0,10021.0,15.0,10033.0,27.0,,,False,False,True,False,True,False,False,False,False,False,False,False,False,False,False,False,False,False,37.5,19.0
950600,,,HYDROGEL_PACK,XIRECS,10021.0,4,0,10013.0,10005,10021,10002.0,10023.0,0.0,0.0,0.0,1,at_or_above_ask_touch,10013.0,9997.0,10017.0,9960.5,10017.0,9960.5,10041.0,10027.0,14.0,10030.0,17.0,,,False,True,False,True,False,True,False,True,False,True,False,True,False,False,False,False,False,False,60.5,-4.0
951800,,,HYDROGEL_PACK,XIRECS,10005.0,5,0,10013.0,10005,10021,10003.0,10024.0,0.0,0.0,0.0,-1,at_or_below_bid_touch,10013.0,9997.0,10017.0,9960.5,10017.0,9960.5,10041.0,10025.0,12.0,10025.0,12.0,,,False,False,False,False,False,False,False,False,False,False,False,False,False,False,False,False,False,False,44.5,12.0
957000,,,HYDROGEL_PACK,XIRECS,10014.0,3,0,10022.0,10014,10030,10011.0,10032.0,0.0,0.0,0.0,-1,at_or_below_bid_touch,10022.0,9997.0,10029.0,9960.5,10029.0,9960.5,10041.0,10025.0,3.0,10015.0,-7.0,,,False,False,False,False,False,False,False,False,False,False,False,False,False,False,False,False,False,False,53.5,15.0
973400,,,HYDROGEL_PACK,XIRECS,10033.0,4,0,10024.5,10016,10033,10014.0,10035.0,0.0,0.0,0.0,1,at_or_above_ask_touch,10024.5,10006.0,10033.0,9981.0,10033.0,9960.5,10041.0,10010.0,-14.5,9997.0,-27.5,,,False,True,False,True,False,True,False,True,False,True,False,True,False,False,False,False,False,False,52.0,0.0
975800,,,HYDROGEL_PACK,XIRECS,10027.0,5,0,10019.0,10011,10027,10009.0,10030.0,0.0,0.0,0.0,1,at_or_above_ask_touch,10019.0,10006.0,10033.0,9992.0,10033.0,9960.5,10041.0,10002.0,-17.0,9993.0,-26.0,,,False,False,False,False,False,False,False,False,False,False,False,False,False,False,False,False,False,False,35.0,6.0
976800,,,HYDROGEL_PACK,XIRECS,10023.0,6,0,10015.0,10007,10023,10005.0,10026.0,0.0,0.0,0.0,1,at_or_above_ask_touch,10015.0,10006.0,10033.0,9992.0,10033.0,9960.5,10041.0,10003.0,-12.0,9994.0,-21.0,,,False,False,False,False,False,False,False,False,False,False,False,False,False,False,False,False,False,False,31.0,10.0
977200,,,HYDROGEL_PACK,XIRECS,10021.0,5,0,10013.0,10005,10021,10002.0,10023.0,0.0,0.0,0.0,1,at_or_above_ask_touch,10013.0,10006.0,10033.0,9992.0,10033.0,9960.5,10041.0,9999.0,-14.0,9996.0,-17.0,,,False,False,False,False,False,False,False,False,False,False,False,False,False,False,False,False,False,False,29.0,12.0
980400,,,HYDROGEL_PACK,XIRECS,9996.0,2,0,10004.0,9996,10012,9993.0,10014.0,0.0,0.0,0.0,-1,at_or_below_bid_touch,10004.0,10004.0,10032.0,9997.0,10033.0,9960.5,10041.0,9999.0,-5.0,9996.0,-8.0,,,True,False,True,False,True,False,True,False,True,False,True,False,False,False,False,False,False,False,-1.0,37.0
990400,,,HYDROGEL_PACK,XIRECS,9988.0,4,0,9996.0,9988,10004,9986.0,10007.0,0.0,0.0,0.0,-1,at_or_below_bid_touch,9996.0,9990.0,10030.0,9990.0,10033.0,9960.5,10033.0,9979.0,-17.0,,,,,True,False,True,False,True,False,True,False,True,False,True,False,False,False,False,False,False,False,-2.0,45.0
997000,,,HYDROGEL_PACK,XIRECS,9977.0,5,0,9981.5,9977,9986,9967.0,9988.0,-0.18181818181818182,0.11688311688311688,0.0,-1,at_or_below_bid_touch,9981.5,9975.0,10015.0,9975.0,10033.0,9960.5,10033.0,,,,,,,False,False,False,False,True,False,False,False,False,False,True,False,False,False,False,False,False,False,2.0,56.0
999900,,,HYDROGEL_PACK,XIRECS,9966.0,5,0,9958.0,9950,9966,9947.0,9968.0,0.0,0.0,0.0,1,at_or_above_ask_touch,9958.0,9956.0,10009.0,9956.0,10033.0,9956.0,10033.0,,,,,,,False,False,False,False,False,False,False,False,False,False,False,False,False,False,False,False,False,False,10.0,67.0
5100,,,HYDROGEL_PACK,XIRECS,9960.0,4,1,9956.0,9952,9960,9950.0,9971.0,0.4666666666666667,-0.05128205128205128,0.0,1,at_or_above_ask_touch,9956.0,9956.0,9966.5,9956.0,9966.5,9956.0,9966.5,9944.0,-12.0,9957.0,1.0,9948.0,-8.0,False,False,False,False,False,False,False,False,False,False,False,False,False,False,False,False,False,False,4.0,6.5
6200,,,HYDROGEL_PACK,XIRECS,9955.0,5,1,9947.0,9939,9955,9937.0,9958.0,0.0,0.0,0.0,1,at_or_above_ask_touch,9947.0,9947.0,9966.5,9947.0,9966.5,9947.0,9966.5,9941.0,-6.0,9956.0,9.0,9950.0,3.0,False,False,False,False,False,False,False,False,False,False,False,False,False,False,False,False,False,False,8.0,11.5
15000,,,HYDROGEL_PACK,XIRECS,9966.0,4,1,9958.5,9951,9966,9948.0,9969.0,0.0,0.0,0.0,1,at_or_above_ask_touch,9958.5,9938.0,9966.5,9938.0,9966.5,9938.0,9966.5,9951.0,-7.5,9952.0,-6.5,9938.5,-20.0,False,False,False,True,False,True,False,False,False,True,False,True,False,False,False,True,False,True,28.0,0.5
22800,,,HYDROGEL_PACK,XIRECS,9946.0,6,1,9954.0,9946,9962,9944.0,9964.0,0.0,0.0,0.0,-1,at_or_below_bid_touch,9954.0,9936.5,9966.5,9936.5,9966.5,9936.5,9966.5,9940.0,-14.0,9956.0,2.0,9965.0,11.0,False,False,False,False,False,False,False,False,False,False,False,False,False,False,False,False,False,False,9.5,20.5
30800,,,HYDROGEL_PACK,XIRECS,9940.0,2,1,9948.0,9940,9956,9937.0,9958.0,0.0,0.0,0.0,-1,at_or_below_bid_touch,9948.0,9936.5,9966.0,9936.5,9966.5,9936.5,9966.5,9949.5,1.5,9945.0,-3.0,9985.0,37.0,False,False,False,False,False,False,False,False,False,False,False,False,False,False,False,False,False,False,3.5,26.5
31400,,,HYDROGEL_PACK,XIRECS,9953.0,3,1,9945.0,9937,9953,9935.0,9956.0,0.0,0.0,0.0,1,at_or_above_ask_touch,9945.0,9936.5,9966.0,9936.5,9966.5,9936.5,9966.5,9949.0,4.0,9944.0,-1.0,9973.0,28.0,False,False,False,False,False,False,False,False,False,False,False,False,False,False,False,False,False,False,16.5,13.5
32000,,,HYDROGEL_PACK,XIRECS,9938.0,5,1,9946.0,9938,9954,9936.0,9957.0,0.0,0.0,0.0,-1,at_or_below_bid_touch,9946.0,9936.5,9966.0,9936.5,9966.5,9936.5,9966.5,9947.0,1.0,9951.0,5.0,9970.0,24.0,False,False,False,False,True,False,False,False,False,False,True,False,False,False,False,False,True,False,1.5,28.5
33600,,,HYDROGEL_PACK,XIRECS,9948.0,6,1,9956.0,9948,9964,9946.0,9967.0,0.0,0.0,0.0,-1,at_or_below_bid_touch,9956.0,9936.5,9966.0,9936.5,9966.5,9936.5,9966.5,9943.0,-13.0,9962.5,6.5,9975.0,19.0,False,False,False,False,False,False,False,False,False,False,False,False,False,False,False,False,False,False,11.5,18.5
37400,,,HYDROGEL_PACK,XIRECS,9936.0,4,1,9944.0,9936,9952,9934.0,9955.0,0.0,0.0,0.0,-1,at_or_below_bid_touch,9944.0,9936.5,9961.0,9936.5,9966.5,9936.5,9966.5,9961.0,17.0,9969.0,25.0,9963.5,19.5,True,False,True,False,True,False,True,False,True,False,True,False,True,False,True,False,True,False,-0.5,30.5
40900,,,HYDROGEL_PACK,XIRECS,9951.0,5,1,9943.0,9935,9951,9932.0,9953.0,0.0,0.0,0.0,1,at_or_above_ask_touch,9943.0,9939.5,9961.0,9936.5,9966.5,9936.5,9966.5,9969.0,26.0,9979.0,36.0,9957.0,14.0,False,False,False,False,False,False,False,False,False,False,False,False,False,False,False,False,False,False,14.5,15.5
41300,,,HYDROGEL_PACK,XIRECS,9953.0,5,1,9945.0,9937,9953,9934.0,9955.0,0.0,0.0,0.0,1,at_or_above_ask_touch,9945.0,9939.5,9960.0,9936.5,9966.5,9936.5,9966.5,9972.0,27.0,9976.0,31.0,9958.0,13.0,False,False,False,False,False,False,False,False,False,False,False,False,False,False,False,False,False,False,16.5,13.5
43900,,,HYDROGEL_PACK,XIRECS,9952.0,6,1,9960.0,9952,9968,9949.0,9970.0,0.0,0.0,0.0,-1,at_or_below_bid_touch,9960.0,9939.5,9963.0,9936.5,9966.5,9936.5,9966.5,9968.0,8.0,9966.0,6.0,9968.0,8.0,False,False,False,False,False,False,False,False,False,False,False,False,False,False,False,False,False,False,15.5,14.5
45200,,,HYDROGEL_PACK,XIRECS,9961.0,2,1,9969.0,9961,9977,9959.0,9980.0,0.0,0.0,0.0,-1,at_or_below_bid_touch,9969.0,9939.5,9972.0,9936.5,9972.0,9936.5,9972.0,9982.0,13.0,9946.0,-23.0,9962.0,-7.0,False,False,False,False,False,False,False,False,False,False,False,False,False,False,False,False,False,False,24.5,11.0
48300,,,HYDROGEL_PACK,XIRECS,9960.0,3,1,9967.5,9960,9975,9957.0,9978.0,0.0,0.0,0.0,-1,at_or_below_bid_touch,9967.5,9940.0,9976.0,9936.5,9976.0,9936.5,9976.0,9967.0,-0.5,9954.0,-13.5,9954.0,-13.5,False,False,False,False,False,False,False,False,False,False,False,False,False,False,False,False,False,False,23.5,16.0
52400,,,HYDROGEL_PACK,XIRECS,9961.0,5,1,9969.0,9961,9977,9959.0,9980.0,0.0,0.0,0.0,-1,at_or_below_bid_touch,9969.0,9941.0,9985.0,9936.5,9985.0,9936.5,9985.0,9953.0,-16.0,9940.0,-29.0,9952.0,-17.0,False,False,False,False,False,False,False,False,False,False,False,False,False,False,False,False,False,False,24.5,24.0
53000,,,HYDROGEL_PACK,XIRECS,9961.0,4,1,9969.0,9961,9977,9958.0,9979.0,0.0,0.0,0.0,-1,at_or_below_bid_touch,9969.0,9941.0,9985.0,9936.5,9985.0,9936.5,9985.0,9954.0,-15.0,9942.5,-26.5,9945.0,-24.0,False,False,False,False,False,False,False,False,False,False,False,False,False,False,False,False,False,False,24.5,24.0
59300,,,HYDROGEL_PACK,XIRECS,9949.0,4,1,9957.0,9949,9965,9947.0,9968.0,0.0,0.0,0.0,-1,at_or_below_bid_touch,9957.0,9941.0,9985.0,9936.5,9985.0,9936.5,9985.0,9941.0,-16.0,9957.5,0.5,9968.0,11.0,False,False,False,False,False,False,False,False,False,False,False,False,False,False,False,False,False,False,12.5,36.0
61100,,,HYDROGEL_PACK,XIRECS,9961.0,2,1,9953.0,9945,9961,9943.0,9964.0,0.0,0.0,0.0,1,at_or_above_ask_touch,9953.0,9942.0,9985.0,9936.5,9985.0,9936.5,9985.0,9944.0,-9.0,9963.0,10.0,9959.0,6.0,False,False,False,False,False,False,False,False,False,False,False,False,False,False,False,False,False,False,24.5,24.0
61400,,,HYDROGEL_PACK,XIRECS,9962.0,2,1,9954.0,9946,9962,9944.0,9965.0,0.0,0.0,0.0,1,at_or_above_ask_touch,9954.0,9942.0,9985.0,9936.5,9985.0,9936.5,9985.0,9948.5,-5.5,9961.0,7.0,9957.0,3.0,False,False,False,False,False,False,False,False,False,False,False,False,False,False,False,False,False,False,25.5,23.0
63200,,,HYDROGEL_PACK,XIRECS,9950.0,5,1,9942.0,9934,9950,9931.0,9952.0,0.0,0.0,0.0,1,at_or_above_ask_touch,9942.0,9939.0,9985.0,9936.5,9985.0,9936.5,9985.0,9958.0,16.0,9971.0,29.0,9950.0,8.0,False,False,False,False,False,False,False,False,False,False,False,False,False,False,False,False,False,False,13.5,35.0
64300,,,HYDROGEL_PACK,XIRECS,9933.0,4,1,9941.0,9933,9949,9930.0,9951.0,0.0,0.0,0.0,-1,at_or_below_bid_touch,9941.0,9936.0,9985.0,9936.0,9985.0,9936.0,9985.0,9957.5,16.5,9983.0,42.0,9945.0,4.0,True,False,True,False,True,False,True,False,True,False,True,False,True,False,True,False,True,False,-3.0,52.0
65400,,,HYDROGEL_PACK,XIRECS,9930.0,4,1,9938.0,9930,9946,9928.0,9949.0,0.0,0.0,0.0,-1,at_or_below_bid_touch,9938.0,9936.0,9985.0,9936.0,9985.0,9936.0,9985.0,9957.0,19.0,9983.0,45.0,9946.0,8.0,True,False,True,False,True,False,True,False,True,False,True,False,True,False,True,False,True,False,-6.0,55.0
65900,,,HYDROGEL_PACK,XIRECS,9935.0,2,1,9942.5,9935,9950,9932.0,9953.0,0.0,0.0,0.0,-1,at_or_below_bid_touch,9942.5,9934.5,9985.0,9934.5,9985.0,9934.5,9985.0,9961.0,18.5,9983.0,40.5,9947.0,4.5,False,False,True,False,True,False,False,False,True,False,True,False,False,False,True,False,True,False,0.5,50.0
69500,,,HYDROGEL_PACK,XIRECS,9952.0,2,1,9959.5,9952,9967,9949.0,9970.0,0.0,0.0,0.0,-1,at_or_below_bid_touch,9959.5,9934.5,9985.0,9934.5,9985.0,9934.5,9985.0,9980.0,20.5,9983.0,23.5,9956.0,-3.5,False,False,False,False,False,False,False,False,False,False,False,False,False,False,False,False,False,False,17.5,33.0
73500,,,HYDROGEL_PACK,XIRECS,9966.0,3,1,9974.0,9966,9982,9964.0,9985.0,0.0,0.0,0.0,-1,at_or_below_bid_touch,9974.0,9934.5,9974.0,9934.5,9985.0,9934.5,9985.0,9992.0,18.0,9975.0,1.0,9949.0,-25.0,False,False,False,False,False,False,False,False,False,False,False,False,False,False,False,False,False,False,31.5,19.0
76600,,,HYDROGEL_PACK,XIRECS,9995.0,3,1,9987.0,9979,9995,9977.0,9998.0,0.0,0.0,0.0,1,at_or_above_ask_touch,9987.0,9934.5,9987.0,9934.5,9987.0,9934.5,9987.0,9974.0,-13.0,9964.0,-23.0,9949.0,-38.0,False,True,False,True,False,True,False,True,False,True,False,True,False,True,False,True,False,True,60.5,-8.0
78500,,,HYDROGEL_PACK,XIRECS,10000.0,4,1,9992.0,9984,10000,9982.0,10003.0,0.0,0.0,0.0,1,at_or_above_ask_touch,9992.0,9934.5,10000.5,9934.5,10000.5,9934.5,10000.5,9975.0,-17.0,9960.0,-32.0,9962.0,-30.0,False,False,False,True,False,True,False,False,False,True,False,True,False,False,False,True,False,True,65.5,0.5
79000,,,HYDROGEL_PACK,XIRECS,9982.0,3,1,9989.5,9982,9997,9979.0,10000.0,0.0,0.0,0.0,-1,at_or_below_bid_touch,9989.5,9934.5,10000.5,9934.5,10000.5,9934.5,10000.5,9971.0,-18.5,9967.0,-22.5,9961.0,-28.5,False,False,False,False,False,False,False,False,False,False,False,False,False,False,False,False,False,False,47.5,18.5
79800,,,HYDROGEL_PACK,XIRECS,9994.0,6,1,9986.0,9978,9994,9976.0,9997.0,0.0,0.0,0.0,1,at_or_above_ask_touch,9986.0,9934.5,10000.5,9934.5,10000.5,9934.5,10000.5,9968.5,-17.5,9965.0,-21.0,9959.0,-27.0,False,False,False,False,False,False,False,False,False,False,False,False,False,False,False,False,False,False,59.5,6.5
81300,,,HYDROGEL_PACK,XIRECS,9970.0,6,1,9978.0,9970,9986,9967.0,9988.0,0.0,0.0,0.0,-1,at_or_below_bid_touch,9978.0,9934.5,10000.5,9934.5,10000.5,9934.5,10000.5,9965.0,-13.0,9958.0,-20.0,9949.0,-29.0,False,False,False,False,False,False,False,False,False,False,False,False,False,False,False,False,False,False,35.5,30.5
81700,,,HYDROGEL_PACK,XIRECS,9980.0,3,1,9972.0,9964,9980,9962.0,9983.0,0.0,0.0,0.0,1,at_or_above_ask_touch,9972.0,9934.5,10000.5,9934.5,10000.5,9934.5,10000.5,9964.0,-8.0,9958.0,-14.0,9951.0,-21.0,False,False,False,False,False,False,False,False,False,False,False,False,False,False,False,False,False,False,45.5,20.5
81900,,,HYDROGEL_PACK,XIRECS,9978.0,2,1,9970.0,9962,9978,9959.0,9980.0,0.0,0.0,0.0,1,at_or_above_ask_touch,9970.0,9934.5,10000.5,9934.5,10000.5,9934.5,10000.5,9962.5,-7.5,9959.0,-11.0,9948.5,-21.5,False,False,False,False,False,False,False,False,False,False,False,False,False,False,False,False,False,False,43.5,22.5
82300,,,HYDROGEL_PACK,XIRECS,9977.0,3,1,9969.0,9961,9977,9958.0,9979.0,0.0,0.0,0.0,1,at_or_above_ask_touch,9969.0,9934.5,10000.5,9934.5,10000.5,9934.5,10000.5,9965.0,-4.0,9964.0,-5.0,9956.0,-13.0,False,False,False,False,False,False,False,False,False,False,False,False,False,False,False,False,False,False,42.5,23.5
92100,,,HYDROGEL_PACK,XIRECS,9955.0,4,1,9963.0,9955,9971,9952.0,9973.0,0.0,0.0,0.0,-1,at_or_below_bid_touch,9963.0,9956.0,10000.5,9934.5,10000.5,9934.5,10000.5,9958.0,-5.0,9952.0,-11.0,9966.0,3.0,True,False,True,False,True,False,False,False,False,False,False,False,False,False,False,False,False,False,20.5,45.5
92500,,,HYDROGEL_PACK,XIRECS,9956.0,2,1,9964.0,9956,9972,9953.0,9974.0,0.0,0.0,0.0,-1,at_or_below_bid_touch,9964.0,9956.0,10000.5,9934.5,10000.5,9934.5,10000.5,9959.0,-5.0,9949.5,-14.5,9962.0,-2.0,True,False,True,False,True,False,False,False,False,False,False,False,False,False,False,False,False,False,21.5,44.5
94400,,,HYDROGEL_PACK,XIRECS,9974.0,4,1,9966.0,9958,9974,9955.0,9976.0,0.0,0.0,0.0,1,at_or_above_ask_touch,9966.0,9956.0,10000.5,9934.5,10000.5,9934.5,10000.5,9951.0,-15.0,9954.0,-12.0,9955.0,-11.0,False,False,False,False,False,False,False,False,False,False,False,False,False,False,False,False,False,False,39.5,26.5
97100,,,HYDROGEL_PACK,XIRECS,9950.0,2,1,9958.0,9950,9966,9948.0,9968.0,0.0,0.0,0.0,-1,at_or_below_bid_touch,9958.0,9956.0,10000.5,9934.5,10000.5,9934.5,10000.5,9952.0,-6.0,9960.0,2.0,9958.0,0.0,True,False,True,False,True,False,False,False,False,False,False,False,False,False,False,False,False,False,15.5,50.5
98600,,,HYDROGEL_PACK,XIRECS,9962.0,2,1,9954.0,9946,9962,9944.0,9965.0,0.0,0.0,0.0,1,at_or_above_ask_touch,9954.0,9951.0,9991.0,9934.5,10000.5,9934.5,10000.5,9951.0,-3.0,9964.0,10.0,9964.0,10.0,False,False,False,False,False,False,False,False,False,False,False,False,False,False,False,False,False,False,27.5,38.5
99000,,,HYDROGEL_PACK,XIRECS,9961.0,3,1,9953.0,9945,9961,9942.0,9963.0,0.0,0.0,0.0,1,at_or_above_ask_touch,9953.0,9951.0,9991.0,9934.5,10000.5,9934.5,10000.5,9953.0,0.0,9964.0,11.0,9965.0,12.0,False,False,False,False,False,False,False,False,False,False,False,False,False,False,False,False,False,False,26.5,39.5
101400,,,HYDROGEL_PACK,XIRECS,9936.0,5,1,9944.0,9936,9952,9933.0,9954.0,0.0,0.0,0.0,-1,at_or_below_bid_touch,9944.0,9940.0,9980.5,9934.5,10000.5,9934.5,10000.5,9958.0,14.0,9957.0,13.0,9953.0,9.0,True,False,True,False,True,False,False,False,False,False,True,False,False,False,False,False,True,False,1.5,64.5
101500,,,HYDROGEL_PACK,XIRECS,9935.0,6,1,9943.0,9935,9951,9932.0,9953.0,0.0,0.0,0.0,-1,at_or_below_bid_touch,9943.0,9940.0,9980.5,9934.5,10000.5,9934.5,10000.5,9956.0,13.0,9957.0,14.0,9954.0,11.0,True,False,True,False,True,False,False,False,True,False,True,False,False,False,True,False,True,False,0.5,65.5
103100,,,HYDROGEL_PACK,XIRECS,9952.0,4,1,9944.0,9936,9952,9933.0,9954.0,0.0,0.0,0.0,1,at_or_above_ask_touch,9944.0,9940.0,9979.0,9934.5,10000.5,9934.5,10000.5,9954.0,10.0,9950.0,6.0,9955.0,11.0,False,False,False,False,False,False,False,False,False,False,False,False,False,False,False,False,False,False,17.5,48.5
103500,,,HYDROGEL_PACK,XIRECS,9940.0,3,1,9948.0,9940,9956,9938.0,9959.0,0.0,0.0,0.0,-1,at_or_below_bid_touch,9948.0,9940.0,9975.0,9934.5,10000.5,9934.5,10000.5,9963.0,15.0,9947.0,-1.0,9958.0,10.0,True,False,True,False,True,False,False,False,False,False,False,False,False,False,False,False,False,False,5.5,60.5
107100,,,HYDROGEL_PACK,XIRECS,9952.0,5,1,9960.0,9952,9968,9949.0,9970.0,0.0,0.0,0.0,-1,at_or_below_bid_touch,9960.0,9940.0,9973.0,9934.5,10000.5,9934.5,10000.5,9957.0,-3.0,9959.0,-1.0,9964.0,4.0,False,False,False,False,False,False,False,False,False,False,False,False,False,False,False,False,False,False,17.5,48.5
109100,,,HYDROGEL_PACK,XIRECS,9957.0,2,1,9965.0,9957,9973,9955.0,9976.0,0.0,0.0,0.0,-1,at_or_below_bid_touch,9965.0,9940.0,9971.0,9934.5,10000.5,9934.5,10000.5,9944.0,-21.0,9952.0,-13.0,9962.0,-3.0,False,False,False,False,False,False,False,False,False,False,False,False,False,False,False,False,False,False,22.5,43.5
112700,,,HYDROGEL_PACK,XIRECS,9948.0,2,1,9956.0,9948,9964,9945.0,9966.0,0.0,0.0,0.0,-1,at_or_below_bid_touch,9956.0,9940.0,9970.5,9934.5,10000.5,9934.5,10000.5,9968.0,12.0,9947.0,-9.0,9970.0,14.0,False,False,False,False,False,False,False,False,False,False,False,False,False,False,False,False,False,False,13.5,52.5
113900,,,HYDROGEL_PACK,XIRECS,9956.0,2,1,9948.0,9940,9956,9938.0,9959.0,0.0,0.0,0.0,1,at_or_above_ask_touch,9948.0,9940.0,9970.5,9934.5,10000.5,9934.5,10000.5,9949.0,1.0,9942.0,-6.0,9961.0,13.0,False,False,False,False,False,False,False,False,False,False,False,False,False,False,False,False,False,False,21.5,44.5
115500,,,HYDROGEL_PACK,XIRECS,9937.0,3,1,9945.0,9937,9953,9935.0,9956.0,0.0,0.0,0.0,-1,at_or_below_bid_touch,9945.0,9940.0,9968.0,9934.5,10000.5,9934.5,10000.5,9954.0,9.0,9946.0,1.0,9968.5,23.5,True,False,True,False,True,False,False,False,False,False,False,False,False,False,False,False,False,False,2.5,63.5
119400,,,HYDROGEL_PACK,XIRECS,9962.0,3,1,9954.0,9946,9962,9943.0,9964.0,0.0,0.0,0.0,1,at_or_above_ask_touch,9954.0,9940.0,9969.0,9940.0,10000.5,9934.5,10000.5,9945.0,-9.0,9959.0,5.0,9966.0,12.0,False,False,False,False,False,False,False,False,False,False,False,False,False,False,False,False,False,False,22.0,38.5
120700,,,HYDROGEL_PACK,XIRECS,9958.0,2,1,9950.0,9942,9958,9940.0,9961.0,0.0,0.0,0.0,1,at_or_above_ask_touch,9950.0,9940.0,9969.0,9940.0,10000.5,9934.5,10000.5,9945.0,-5.0,9955.5,5.5,9976.0,26.0,False,False,False,False,False,False,False,False,False,False,False,False,False,False,False,False,False,False,18.0,42.5
126000,,,HYDROGEL_PACK,XIRECS,9953.0,4,1,9945.0,9937,9953,9935.0,9956.0,0.0,0.0,0.0,1,at_or_above_ask_touch,9945.0,9942.0,9969.0,9940.0,10000.5,9934.5,10000.5,9950.0,5.0,9953.0,8.0,9992.0,47.0,False,False,False,False,False,False,False,False,False,False,False,False,False,False,False,False,False,False,13.0,47.5
129500,,,HYDROGEL_PACK,XIRECS,9967.0,6,1,9959.0,9951,9967,9949.0,9970.0,0.0,0.0,0.0,1,at_or_above_ask_touch,9959.0,9942.0,9969.0,9940.0,9987.0,9934.5,10000.5,9952.0,-7.0,9964.0,5.0,9998.0,39.0,False,False,False,False,False,True,False,False,False,False,False,False,False,False,False,False,False,False,27.0,20.0
129800,,,HYDROGEL_PACK,XIRECS,9951.0,4,1,9959.0,9951,9967,9948.0,9969.0,0.0,0.0,0.0,-1,at_or_below_bid_touch,9959.0,9942.0,9969.0,9940.0,9986.0,9934.5,10000.5,9955.0,-4.0,9968.0,9.0,9998.0,39.0,False,False,False,False,False,False,False,False,False,False,False,False,False,False,False,False,False,False,11.0,35.0
130800,,,HYDROGEL_PACK,XIRECS,9946.0,5,1,9954.0,9946,9962,9943.0,9964.0,0.0,0.0,0.0,-1,at_or_below_bid_touch,9954.0,9942.0,9969.0,9940.0,9986.0,9934.5,10000.5,9954.0,0.0,9961.0,7.0,10003.0,49.0,False,False,False,False,False,False,False,False,False,False,False,False,False,False,False,False,False,False,6.0,40.0
133700,,,HYDROGEL_PACK,XIRECS,9948.0,4,1,9956.0,9948,9964,9946.0,9967.0,0.0,0.0,0.0,-1,at_or_below_bid_touch,9956.0,9942.0,9969.0,9940.0,9973.0,9934.5,10000.5,9966.0,10.0,9954.0,-2.0,10013.0,57.0,False,False,False,False,False,False,False,False,False,False,False,False,False,False,False,False,False,False,8.0,25.0
134500,,,HYDROGEL_PACK,XIRECS,9944.0,6,1,9952.0,9944,9960,9941.0,9962.0,0.0,0.0,0.0,-1,at_or_below_bid_touch,9952.0,9942.0,9969.0,9940.0,9973.0,9934.5,10000.5,9964.0,12.0,9953.0,1.0,10018.0,66.0,False,False,False,False,True,False,False,False,False,False,False,False,False,False,False,False,False,False,4.0,29.0
137800,,,HYDROGEL_PACK,XIRECS,9942.0,3,1,9950.0,9942,9958,9940.0,9961.0,0.0,0.0,0.0,-1,at_or_below_bid_touch,9950.0,9942.0,9965.0,9940.0,9973.0,9934.5,10000.5,9964.0,14.0,9966.0,16.0,10026.0,76.0,True,False,True,False,True,False,False,False,False,False,True,False,False,False,False,False,False,False,2.0,31.0
138100,,,HYDROGEL_PACK,XIRECS,9959.0,2,1,9951.0,9943,9959,9941.0,9962.0,0.0,0.0,0.0,1,at_or_above_ask_touch,9951.0,9942.0,9965.0,9940.0,9971.0,9934.5,10000.5,9964.0,13.0,9963.0,12.0,10029.0,78.0,False,False,False,False,False,False,False,False,False,False,False,False,False,False,False,False,False,False,19.0,12.0
145600,,,HYDROGEL_PACK,XIRECS,9962.0,5,1,9954.0,9946,9962,9944.0,9965.0,0.0,0.0,0.0,1,at_or_above_ask_touch,9954.0,9944.0,9968.0,9940.0,9969.0,9934.5,10000.5,9958.0,4.0,9959.0,5.0,10003.0,49.0,False,False,False,False,False,False,False,False,False,False,False,False,False,False,False,False,False,False,22.0,7.0
146500,,,HYDROGEL_PACK,XIRECS,9963.0,6,1,9955.0,9947,9963,9944.0,9965.0,0.0,0.0,0.0,1,at_or_above_ask_touch,9955.0,9946.0,9968.0,9940.0,9969.0,9934.5,10000.5,9954.0,-1.0,9959.0,4.0,10003.0,48.0,False,False,False,False,False,False,False,False,False,False,False,False,False,False,False,False,False,False,23.0,6.0
148000,,,HYDROGEL_PACK,XIRECS,9972.0,3,1,9964.0,9956,9972,9953.0,9974.0,0.0,0.0,0.0,1,at_or_above_ask_touch,9964.0,9946.0,9968.0,9940.0,9969.0,9934.5,10000.5,9953.0,-11.0,9955.0,-9.0,10001.0,37.0,False,True,False,True,False,True,False,True,False,True,False,True,False,False,False,False,False,False,32.0,-3.0
151100,,,HYDROGEL_PACK,XIRECS,9945.0,4,1,9953.0,9945,9961,9942.0,9963.0,0.0,0.0,0.0,-1,at_or_below_bid_touch,9953.0,9946.0,9968.5,9941.0,9969.0,9934.5,10000.5,9955.0,2.0,9966.0,13.0,10016.0,63.0,True,False,True,False,True,False,False,False,False,False,False,False,False,False,False,False,False,False,4.0,24.0
151200,,,HYDROGEL_PACK,XIRECS,9944.0,6,1,9952.0,9944,9960,9941.0,9962.0,0.0,0.0,0.0,-1,at_or_below_bid_touch,9952.0,9946.0,9968.5,9941.0,9969.0,9934.5,10000.5,9955.0,3.0,9963.5,11.5,10020.0,68.0,True,False,True,False,True,False,False,False,False,False,False,False,False,False,False,False,False,False,3.0,25.0
152700,,,HYDROGEL_PACK,XIRECS,9944.0,5,1,9952.0,9944,9960,9941.0,9962.0,0.0,0.0,0.0,-1,at_or_below_bid_touch,9952.0,9947.5,9968.5,9942.0,9969.0,9934.5,10000.5,9963.0,11.0,9970.0,18.0,10025.0,73.0,True,False,True,False,True,False,False,False,False,False,True,False,False,False,False,False,False,False,2.0,25.0
155900,,,HYDROGEL_PACK,XIRECS,9966.0,4,1,9958.5,9951,9966,9948.0,9969.0,0.0,0.0,0.0,1,at_or_above_ask_touch,9958.5,9947.5,9968.5,9942.0,9969.0,9934.5,10000.5,9968.0,9.5,9969.0,10.5,10013.0,54.5,False,False,False,False,False,False,False,False,False,False,False,False,False,False,False,False,False,False,24.0,3.0
156400,,,HYDROGEL_PACK,XIRECS,9949.0,6,1,9957.0,9949,9965,9947.0,9968.0,0.0,0.0,0.0,-1,at_or_below_bid_touch,9957.0,9947.5,9968.5,9942.0,9969.0,9934.5,10000.5,9968.0,11.0,9970.0,13.0,10010.0,53.0,False,False,False,False,True,False,False,False,False,False,False,False,False,False,False,False,False,False,7.0,20.0
159900,,,HYDROGEL_PACK,XIRECS,9961.0,3,1,9969.0,9961,9977,9958.0,9979.0,0.0,0.0,0.0,-1,at_or_below_bid_touch,9969.0,9947.5,9969.0,9942.0,9969.0,9934.5,10000.5,9967.0,-2.0,9965.0,-4.0,10009.0,40.0,False,False,False,False,False,False,False,False,False,False,False,False,False,False,False,False,False,False,19.0,8.0
161200,,,HYDROGEL_PACK,XIRECS,9956.0,6,1,9963.5,9956,9971,9953.0,9974.0,0.0,0.0,0.0,-1,at_or_below_bid_touch,9963.5,9947.5,9970.0,9942.0,9970.0,9934.5,10000.5,9969.0,5.5,9981.0,17.5,10006.0,42.5,False,False,False,False,False,False,False,False,False,False,False,False,False,False,False,False,False,False,14.0,14.0
164300,,,HYDROGEL_PACK,XIRECS,9973.0,5,1,9965.0,9957,9973,9955.0,9976.0,0.0,0.0,0.0,1,at_or_above_ask_touch,9965.0,9947.5,9974.0,9942.0,9974.0,9934.5,10000.5,9966.0,1.0,9977.0,12.0,9987.0,22.0,False,False,False,True,False,True,False,False,False,True,False,True,False,False,False,False,False,False,31.0,1.0
167300,,,HYDROGEL_PACK,XIRECS,9957.0,3,1,9965.0,9957,9973,9955.0,9975.0,0.0,0.0,0.0,-1,at_or_below_bid_touch,9965.0,9951.0,9974.0,9942.0,9974.0,9940.0,10000.5,9975.0,10.0,9998.0,33.0,10000.0,35.0,False,False,False,False,False,False,False,False,False,False,False,False,False,False,False,False,False,False,15.0,17.0
171400,,,HYDROGEL_PACK,XIRECS,9992.0,6,1,9984.0,9976,9992,9974.0,9995.0,0.0,0.0,0.0,1,at_or_above_ask_touch,9984.0,9951.5,9984.0,9942.0,9984.0,9940.0,10000.5,10001.0,17.0,10009.0,25.0,10008.0,24.0,False,True,False,True,False,True,False,True,False,True,False,True,False,False,False,False,False,False,50.0,-8.0
174200,,,HYDROGEL_PACK,XIRECS,9988.0,5,1,9980.0,9972,9988,9969.0,9990.0,0.0,0.0,0.0,1,at_or_above_ask_touch,9980.0,9951.5,9984.0,9942.0,9984.0,9940.0,10000.5,10000.0,20.0,10014.0,34.0,9988.0,8.0,False,True,False,True,False,True,False,True,False,True,False,True,False,False,False,False,False,False,46.0,-4.0
174400,,,HYDROGEL_PACK,XIRECS,9991.0,6,1,9983.5,9976,9991,9973.0,9994.0,0.0,0.0,0.0,1,at_or_above_ask_touch,9983.5,9951.5,9984.0,9942.0,9984.0,9940.0,10000.5,9999.0,15.5,10016.0,32.5,9986.0,2.5,False,True,False,True,False,True,False,True,False,True,False,True,False,False,False,False,False,False,49.0,-7.0
178000,,,HYDROGEL_PACK,XIRECS,9988.0,3,1,9996.0,9988,10004,9985.0,10006.0,0.0,0.0,0.0,-1,at_or_below_bid_touch,9996.0,9951.5,10001.0,9946.0,10001.0,9940.0,10001.0,10013.0,17.0,10026.0,30.0,9982.0,-14.0,False,False,False,False,False,False,False,False,False,False,False,False,False,False,False,False,False,False,42.0,13.0
182100,,,HYDROGEL_PACK,XIRECS,10012.0,3,1,10020.0,10012,10028,10010.0,10031.0,0.0,0.0,0.0,-1,at_or_below_bid_touch,10020.0,9957.0,10020.0,9947.5,10020.0,9940.0,10020.0,10029.0,9.0,10022.0,2.0,10010.0,-10.0,False,False,False,False,False,False,False,False,False,False,False,False,False,False,False,False,False,False,64.5,8.0
182800,,,HYDROGEL_PACK,XIRECS,10010.0,5,1,10018.0,10010,10026,10008.0,10029.0,0.0,0.0,0.0,-1,at_or_below_bid_touch,10018.0,9957.0,10020.0,9947.5,10020.0,9940.0,10020.0,10026.0,8.0,10015.0,-3.0,10011.0,-7.0,False,False,False,False,False,False,False,False,False,False,False,False,False,False,False,False,False,False,62.5,10.0
185800,,,HYDROGEL_PACK,XIRECS,10040.0,4,1,10032.0,10024,10040,10022.0,10043.0,0.0,0.0,0.0,1,at_or_above_ask_touch,10032.0,9957.0,10032.0,9947.5,10032.0,9940.0,10032.0,10028.0,-4.0,10004.0,-28.0,10007.0,-25.0,False,True,False,True,False,True,False,True,False,True,False,True,False,True,False,True,False,True,92.5,-8.0
188400,,,HYDROGEL_PACK,XIRECS,10021.0,4,1,10029.0,10021,10037,10019.0,10040.0,0.0,0.0,0.0,-1,at_or_below_bid_touch,10029.0,9957.0,10032.0,9947.5,10032.0,9940.0,10032.0,10018.0,-11.0,10003.0,-26.0,10015.0,-14.0,False,False,False,False,False,False,False,False,False,False,False,False,False,False,False,False,False,False,73.5,11.0
192800,,,HYDROGEL_PACK,XIRECS,10007.0,5,1,10015.0,10007,10023,10004.0,10025.0,0.0,0.0,0.0,-1,at_or_below_bid_touch,10015.0,9970.0,10034.0,9947.5,10034.0,9940.0,10034.0,10005.0,-10.0,10025.0,10.0,10007.0,-8.0,False,False,False,False,False,False,False,False,False,False,False,False,False,False,False,False,False,False,59.5,27.0
193400,,,HYDROGEL_PACK,XIRECS,10026.0,4,1,10018.0,10010,10026,10007.0,10028.0,0.0,0.0,0.0,1,at_or_above_ask_touch,10018.0,9971.0,10034.0,9947.5,10034.0,9940.0,10034.0,10003.0,-15.0,10021.0,3.0,10008.0,-10.0,False,False,False,False,False,False,False,False,False,False,False,False,False,False,False,False,False,False,78.5,8.0
199400,,,HYDROGEL_PACK,XIRECS,10029.0,3,1,10021.0,10013,10029,10010.0,10031.0,0.0,0.0,0.0,1,at_or_above_ask_touch,10021.0,9997.0,10034.0,9951.0,10034.0,9940.0,10034.0,10014.0,-7.0,10014.0,-7.0,10005.0,-16.0,False,False,False,False,False,False,False,False,False,False,False,False,False,False,False,False,False,False,78.0,5.0
202700,,,HYDROGEL_PACK,XIRECS,10033.0,5,1,10025.0,10017,10033,10015.0,10036.0,0.0,0.0,0.0,1,at_or_above_ask_touch,10025.0,9999.0,10034.0,9951.5,10034.0,9942.0,10034.0,10013.0,-12.0,9999.0,-26.0,9996.0,-29.0,False,False,False,True,False,True,False,False,False,True,False,True,False,False,False,True,False,True,81.5,1.0
203200,,,HYDROGEL_PACK,XIRECS,10014.0,6,1,10022.0,10014,10030,10011.0,10032.0,0.0,0.0,0.0,-1,at_or_below_bid_touch,10022.0,9999.0,10034.0,9951.5,10034.0,9942.0,10034.0,10009.0,-13.0,10000.0,-22.0,9994.0,-28.0,False,False,False,False,False,False,False,False,False,False,False,False,False,False,False,False,False,False,62.5,20.0
210600,,,HYDROGEL_PACK,XIRECS,9990.0,5,1,9998.0,9990,10006,9988.0,10009.0,0.0,0.0,0.0,-1,at_or_below_bid_touch,9998.0,9998.0,10030.5,9957.0,10034.0,9942.0,10034.0,9987.0,-11.0,10006.0,8.0,9984.0,-14.0,True,False,True,False,True,False,False,False,False,False,False,False,False,False,False,False,False,False,33.0,44.0
211100,,,HYDROGEL_PACK,XIRECS,9996.0,6,1,10004.0,9996,10012,9993.0,10014.0,0.0,0.0,0.0,-1,at_or_below_bid_touch,10004.0,9998.0,10027.0,9957.0,10034.0,9942.0,10034.0,9992.0,-12.0,10002.0,-2.0,9989.0,-15.0,True,False,True,False,True,False,False,False,False,False,False,False,False,False,False,False,False,False,39.0,38.0
217500,,,HYDROGEL_PACK,XIRECS,10011.0,4,1,10003.0,9995,10011,9993.0,10014.0,0.0,0.0,0.0,1,at_or_above_ask_touch,10003.0,9981.0,10027.0,9957.0,10034.0,9942.0,10034.0,10003.0,0.0,9981.0,-22.0,9994.0,-9.0,False,False,False,False,False,False,False,False,False,False,False,False,False,False,False,False,False,False,54.0,23.0
218500,,,HYDROGEL_PACK,XIRECS,10017.0,5,1,10009.0,10001,10017,9999.0,10020.0,0.0,0.0,0.0,1,at_or_above_ask_touch,10009.0,9981.0,10027.0,9957.0,10034.0,9942.0,10034.0,9990.0,-19.0,9987.0,-22.0,9992.0,-17.0,False,False,False,False,False,False,False,False,False,False,False,False,False,False,False,False,False,False,60.0,17.0
218900,,,HYDROGEL_PACK,XIRECS,10014.0,3,1,10006.0,9998,10014,9995.0,10016.0,0.0,0.0,0.0,1,at_or_above_ask_touch,10006.0,9981.0,10027.0,9960.0,10034.0,9942.0,10034.0,9988.0,-18.0,9987.0,-19.0,9984.0,-22.0,False,False,False,False,False,False,False,False,False,False,False,False,False,False,False,False,False,False,54.0,20.0
221200,,,HYDROGEL_PACK,XIRECS,10011.0,5,1,10003.0,9995,10011,9992.0,10013.0,0.0,0.0,0.0,1,at_or_above_ask_touch,10003.0,9981.0,10027.0,9970.0,10034.0,9942.0,10034.0,9981.0,-22.0,10009.0,6.0,9978.0,-25.0,False,False,False,False,False,False,False,False,False,False,False,False,False,False,False,False,False,False,41.0,23.0
226100,,,HYDROGEL_PACK,XIRECS,9974.0,5,1,9982.0,9974,9990,9972.0,9993.0,0.0,0.0,0.0,-1,at_or_below_bid_touch,9982.0,9979.0,10016.0,9979.0,10034.0,9944.0,10034.0,10006.0,24.0,10009.0,27.0,9982.0,0.0,True,False,True,False,True,False,True,False,True,False,True,False,False,False,False,False,False,False,-5.0,60.0
230000,,,HYDROGEL_PACK,XIRECS,9998.0,4,1,9990.0,9982,9998,9980.0,10001.0,0.0,0.0,0.0,1,at_or_above_ask_touch,9990.0,9979.0,10010.0,9979.0,10034.0,9946.0,10034.0,10014.0,24.0,10011.0,21.0,9963.5,-26.5,False,False,False,False,False,False,False,False,False,False,False,False,False,False,False,False,False,False,19.0,36.0
230800,,,HYDROGEL_PACK,XIRECS,10007.0,3,1,9999.0,9991,10007,9988.0,10009.0,0.0,0.0,0.0,1,at_or_above_ask_touch,9999.0,9979.0,10010.0,9979.0,10034.0,9946.0,10034.0,10007.0,8.0,10023.5,24.5,9964.0,-35.0,False,False,False,False,False,False,False,False,False,False,False,False,False,False,False,False,False,False,28.0,27.0
235900,,,HYDROGEL_PACK,XIRECS,9998.0,3,1,10006.0,9998,10014,9995.0,10016.0,0.0,0.0,0.0,-1,at_or_below_bid_touch,10006.0,9979.0,10014.0,9979.0,10034.0,9947.5,10034.0,10021.0,15.0,10006.0,0.0,9978.0,-28.0,False,False,False,False,False,False,False,False,False,False,False,False,False,False,False,False,False,False,19.0,36.0
238200,,,HYDROGEL_PACK,XIRECS,10025.0,2,1,10017.0,10009,10025,10006.0,10027.0,0.0,0.0,0.0,1,at_or_above_ask_touch,10017.0,9979.0,10020.0,9979.0,10034.0,9947.5,10034.0,10004.0,-13.0,10017.0,0.0,9958.0,-59.0,False,True,False,True,False,True,False,False,False,False,False,False,False,False,False,False,False,False,46.0,9.0
239600,,,HYDROGEL_PACK,XIRECS,10006.0,4,1,10014.0,10006,10022,10004.0,10025.0,0.0,0.0,0.0,-1,at_or_below_bid_touch,10014.0,9979.0,10020.0,9979.0,10030.5,9947.5,10034.0,10011.0,-3.0,10006.0,-8.0,9951.0,-63.0,False,False,False,False,False,False,False,False,False,False,False,False,False,False,False,False,False,False,27.0,24.5
239700,,,HYDROGEL_PACK,XIRECS,10021.0,6,1,10013.0,10005,10021,10002.0,10023.0,0.0,0.0,0.0,1,at_or_above_ask_touch,10013.0,9979.0,10020.0,9979.0,10030.5,9947.5,10034.0,10012.0,-1.0,10005.0,-8.0,9951.0,-62.0,False,True,False,True,False,True,False,False,False,False,False,False,False,False,False,False,False,False,42.0,9.5
240600,,,HYDROGEL_PACK,XIRECS,10013.0,3,1,10021.0,10013,10029,10011.0,10032.0,0.0,0.0,0.0,-1,at_or_below_bid_touch,10021.0,9979.0,10022.0,9979.0,10030.5,9947.5,10034.0,10011.0,-10.0,9998.0,-23.0,9956.0,-65.0,False,False,False,False,False,False,False,False,False,False,False,False,False,False,False,False,False,False,34.0,17.5
241900,,,HYDROGEL_PACK,XIRECS,10005.0,2,1,10013.0,10005,10021,10003.0,10024.0,0.0,0.0,0.0,-1,at_or_below_bid_touch,10013.0,9979.0,10023.5,9979.0,10027.0,9947.5,10034.0,10008.0,-5.0,9994.0,-19.0,9951.0,-62.0,False,False,False,False,False,False,False,False,False,False,False,False,False,False,False,False,False,False,26.0,22.0
248200,,,HYDROGEL_PACK,XIRECS,10025.0,5,1,10017.0,10009,10025,10007.0,10028.0,0.0,0.0,0.0,1,at_or_above_ask_touch,10017.0,9983.0,10023.5,9979.0,10027.0,9951.0,10034.0,9994.0,-23.0,9971.0,-46.0,9947.0,-70.0,False,True,False,True,False,True,False,False,False,False,False,True,False,False,False,False,False,False,46.0,2.0
252500,,,HYDROGEL_PACK,XIRECS,9988.0,3,1,9996.0,9988,10004,9986.0,10006.0,0.0,0.0,0.0,-1,at_or_below_bid_touch,9996.0,9993.0,10023.5,9979.0,10025.0,9951.5,10034.0,9974.0,-22.0,9998.0,2.0,9945.0,-51.0,True,False,True,False,True,False,False,False,False,False,False,False,False,False,False,False,False,False,9.0,37.0
254700,,,HYDROGEL_PACK,XIRECS,9997.0,5,1,9992.5,9988,9997,9978.0,9999.0,-0.18181818181818182,0.10344827586206896,0.0,1,at_or_above_ask_touch,9992.5,9990.0,10023.5,9979.0,10023.5,9951.5,10034.0,9975.0,-17.5,10001.0,8.5,9959.0,-33.5,False,False,False,False,False,False,False,False,False,False,False,False,False,False,False,False,False,False,18.0,26.5
255000,,,HYDROGEL_PACK,XIRECS,9980.0,4,1,9988.0,9980,9996,9977.0,9998.0,0.0,0.0,0.0,-1,at_or_below_bid_touch,9988.0,9988.0,10023.5,9979.0,10023.5,9951.5,10034.0,9979.0,-9.0,10001.0,13.0,9959.0,-29.0,True,False,True,False,True,False,False,False,True,False,True,False,False,False,False,False,False,False,1.0,43.5
255300,,,HYDROGEL_PACK,XIRECS,9973.0,2,1,9981.0,9973,9989,9971.0,9991.0,0.0,0.0,0.0,-1,at_or_below_bid_touch,9981.0,9981.0,10023.5,9979.0,10023.5,9951.5,10034.0,9981.0,0.0,10002.0,21.0,9959.0,-22.0,True,False,True,False,True,False,True,False,True,False,True,False,False,False,False,False,False,False,-6.0,50.5
255400,,,HYDROGEL_PACK,XIRECS,9973.0,3,1,9981.0,9973,9989,9970.0,9991.0,0.0,0.0,0.0,-1,at_or_below_bid_touch,9981.0,9981.0,10023.5,9979.0,10023.5,9951.5,10034.0,9984.0,3.0,10000.0,19.0,9959.0,-22.0,True,False,True,False,True,False,True,False,True,False,True,False,False,False,False,False,False,False,-6.0,50.5
262300,,,HYDROGEL_PACK,XIRECS,10005.0,4,1,9997.0,9989,10005,9986.0,10007.0,0.0,0.0,0.0,1,at_or_above_ask_touch,9997.0,9969.0,10018.0,9969.0,10023.5,9957.0,10034.0,9995.0,-2.0,9975.0,-22.0,9930.0,-67.0,False,False,False,False,False,False,False,False,False,False,False,False,False,False,False,False,False,False,36.0,18.5
262800,,,HYDROGEL_PACK,XIRECS,10008.0,2,1,10000.0,9992,10008,9989.0,10010.0,0.0,0.0,0.0,1,at_or_above_ask_touch,10000.0,9969.0,10018.0,9969.0,10023.5,9957.0,10034.0,9992.0,-8.0,9975.0,-25.0,9927.0,-73.0,False,False,False,False,False,False,False,False,False,False,False,False,False,False,False,False,False,False,39.0,15.5
266300,,,HYDROGEL_PACK,XIRECS,9999.0,4,1,9991.0,9983,9999,9981.0,10002.0,0.0,0.0,0.0,1,at_or_above_ask_touch,9991.0,9969.0,10018.0,9969.0,10023.5,9957.0,10034.0,9980.0,-11.0,9985.0,-6.0,9928.0,-63.0,False,False,False,False,False,False,False,False,False,False,False,False,False,False,False,False,False,False,30.0,24.5
266600,,,HYDROGEL_PACK,XIRECS,9997.0,4,1,9989.0,9981,9997,9978.0,9999.0,0.0,0.0,0.0,1,at_or_above_ask_touch,9989.0,9969.0,10018.0,9969.0,10023.5,9957.0,10034.0,9979.0,-10.0,9983.0,-6.0,9930.0,-59.0,False,False,False,False,False,False,False,False,False,False,False,False,False,False,False,False,False,False,28.0,26.5
269300,,,HYDROGEL_PACK,XIRECS,9973.0,3,1,9981.0,9973,9989,9970.0,9991.0,0.0,0.0,0.0,-1,at_or_below_bid_touch,9981.0,9969.0,10010.0,9969.0,10023.5,9961.0,10034.0,9981.0,0.0,9975.0,-6.0,9945.0,-36.0,False,False,False,False,False,False,False,False,False,False,False,False,False,False,False,False,False,False,4.0,50.5
274600,,,HYDROGEL_PACK,XIRECS,9989.0,2,1,9981.5,9974,9989,9971.0,9992.0,0.0,0.0,0.0,1,at_or_above_ask_touch,9981.5,9969.0,10010.0,9969.0,10023.5,9969.0,10034.0,9977.0,-4.5,9972.0,-9.5,9938.0,-43.5,False,False,False,False,False,False,False,False,False,False,False,False,False,False,False,False,False,False,20.0,34.5
275700,,,HYDROGEL_PACK,XIRECS,9996.0,2,1,9988.0,9980,9996,9977.0,9998.0,0.0,0.0,0.0,1,at_or_above_ask_touch,9988.0,9969.0,10010.0,9969.0,10023.5,9969.0,10034.0,9964.0,-24.0,9974.0,-14.0,9941.0,-47.0,False,False,False,False,False,False,False,False,False,False,False,False,False,False,False,False,False,False,27.0,27.5
280500,,,HYDROGEL_PACK,XIRECS,9973.0,2,1,9965.0,9957,9973,9954.0,9975.0,0.0,0.0,0.0,1,at_or_above_ask_touch,9965.0,9963.5,10010.0,9963.5,10023.5,9963.5,10034.0,9972.0,7.0,9952.0,-13.0,9949.0,-16.0,False,False,False,False,False,False,False,False,False,False,False,False,False,False,False,False,False,False,9.5,50.5
281100,,,HYDROGEL_PACK,XIRECS,9952.0,3,1,9960.0,9952,9968,9950.0,9971.0,0.0,0.0,0.0,-1,at_or_below_bid_touch,9960.0,9960.0,10010.0,9960.0,10023.5,9960.0,10034.0,9972.0,12.0,9958.0,-2.0,9953.0,-7.0,True,False,True,False,True,False,True,False,True,False,True,False,True,False,True,False,True,False,-8.0,71.5
282200,,,HYDROGEL_PACK,XIRECS,9979.0,2,1,9971.0,9963,9979,9960.0,9981.0,0.0,0.0,0.0,1,at_or_above_ask_touch,9971.0,9958.5,10010.0,9958.5,10023.5,9958.5,10034.0,9963.0,-8.0,9954.0,-17.0,9952.0,-19.0,False,False,False,False,False,False,False,False,False,False,False,False,False,False,False,False,False,False,20.5,44.5
285400,,,HYDROGEL_PACK,XIRECS,9965.0,5,1,9973.0,9965,9981,9963.0,9984.0,0.0,0.0,0.0,-1,at_or_below_bid_touch,9973.0,9958.5,9998.0,9958.5,10023.5,9958.5,10034.0,9951.0,-22.0,9952.0,-21.0,9950.0,-23.0,False,False,False,False,False,False,False,False,False,False,False,False,False,False,False,False,False,False,6.5,58.5
290900,,,HYDROGEL_PACK,XIRECS,9965.0,3,1,9957.0,9949,9965,9946.0,9967.0,0.0,0.0,0.0,1,at_or_above_ask_touch,9957.0,9946.0,9989.0,9946.0,10018.0,9946.0,10030.5,9952.5,-4.5,9953.0,-4.0,9948.0,-9.0,False,False,False,False,False,False,False,False,False,False,False,False,False,False,False,False,False,False,19.0,53.0
292800,,,HYDROGEL_PACK,XIRECS,9951.0,6,1,9959.0,9951,9967,9949.0,9969.0,0.0,0.0,0.0,-1,at_or_below_bid_touch,9959.0,9946.0,9989.0,9946.0,10018.0,9946.0,10027.0,9946.0,-13.0,9947.0,-12.0,9957.0,-2.0,False,False,False,False,False,False,False,False,False,False,False,False,False,False,False,False,False,False,5.0,67.0
295000,,,HYDROGEL_PACK,XIRECS,9959.0,5,1,9951.0,9943,9959,9940.0,9961.0,0.0,0.0,0.0,1,at_or_above_ask_touch,9951.0,9946.0,9989.0,9946.0,10018.0,9946.0,10027.0,9960.0,9.0,9959.0,8.0,9955.5,4.5,False,False,False,False,False,False,False,False,False,False,False,False,False,False,False,False,False,False,13.0,59.0
297100,,,HYDROGEL_PACK,XIRECS,9958.0,3,1,9950.0,9942,9958,9940.0,9960.0,0.0,0.0,0.0,1,at_or_above_ask_touch,9950.0,9946.0,9988.0,9946.0,10018.0,9946.0,10027.0,9947.0,-3.0,9960.0,10.0,9962.0,12.0,False,False,False,False,False,False,False,False,False,False,False,False,False,False,False,False,False,False,12.0,60.0
301100,,,HYDROGEL_PACK,XIRECS,9966.0,3,1,9958.0,9950,9966,9947.0,9968.0,0.0,0.0,0.0,1,at_or_above_ask_touch,9958.0,9945.0,9979.0,9945.0,10010.0,9945.0,10027.0,9955.0,-3.0,9929.0,-29.0,9964.0,6.0,False,False,False,False,False,False,False,False,False,False,False,False,False,False,False,False,False,False,21.0,44.0
301300,,,HYDROGEL_PACK,XIRECS,9967.0,2,1,9959.0,9951,9967,9948.0,9969.0,0.0,0.0,0.0,1,at_or_above_ask_touch,9959.0,9945.0,9979.0,9945.0,10010.0,9945.0,10027.0,9958.0,-1.0,9931.5,-27.5,9959.0,0.0,False,False,False,False,False,False,False,False,False,False,False,False,False,False,False,False,False,False,22.0,43.0
302400,,,HYDROGEL_PACK,XIRECS,9936.0,6,1,9944.0,9936,9952,9934.0,9955.0,0.0,0.0,0.0,-1,at_or_below_bid_touch,9944.0,9944.0,9979.0,9944.0,10010.0,9944.0,10025.0,9956.0,12.0,9930.0,-14.0,9959.5,15.5,True,False,True,False,True,False,True,False,True,False,True,False,True,False,True,False,True,False,-8.0,74.0
304200,,,HYDROGEL_PACK,XIRECS,9944.0,2,1,9952.0,9944,9960,9941.0,9962.0,0.0,0.0,0.0,-1,at_or_below_bid_touch,9952.0,9944.0,9979.0,9944.0,10010.0,9944.0,10023.5,9948.0,-4.0,9935.0,-17.0,9954.0,2.0,True,False,True,False,True,False,True,False,True,False,True,False,True,False,True,False,True,False,0.0,66.0
306500,,,HYDROGEL_PACK,XIRECS,9967.0,5,1,9959.0,9951,9967,9948.0,9969.0,0.0,0.0,0.0,1,at_or_above_ask_touch,9959.0,9944.0,9972.0,9944.0,10010.0,9944.0,10023.5,9930.0,-29.0,9932.0,-27.0,9959.0,0.0,False,False,False,False,False,False,False,False,False,False,False,False,False,False,False,False,False,False,23.0,43.0
308000,,,HYDROGEL_PACK,XIRECS,9943.0,3,1,9951.0,9943,9959,9941.0,9962.0,0.0,0.0,0.0,-1,at_or_below_bid_touch,9951.0,9944.0,9962.0,9944.0,10010.0,9944.0,10023.5,9926.0,-25.0,9940.0,-11.0,9956.0,5.0,True,False,True,False,True,False,True,False,True,False,True,False,True,False,True,False,True,False,-1.0,67.0
308100,,,HYDROGEL_PACK,XIRECS,9945.0,4,1,9953.0,9945,9961,9942.0,9963.0,0.0,0.0,0.0,-1,at_or_below_bid_touch,9953.0,9944.0,9962.0,9944.0,10010.0,9944.0,10023.5,9928.0,-25.0,9941.0,-12.0,9955.0,2.0,False,False,True,False,True,False,False,False,True,False,True,False,False,False,True,False,True,False,1.0,65.0
316200,,,HYDROGEL_PACK,XIRECS,9939.0,5,1,9931.0,9923,9939,9920.0,9941.0,0.0,0.0,0.0,1,at_or_above_ask_touch,9931.0,9924.0,9962.0,9924.0,9996.0,9924.0,10023.5,9943.0,12.0,9946.0,15.0,9966.0,35.0,False,False,False,False,False,False,False,False,False,False,False,False,False,False,False,False,False,False,15.0,57.0
317100,,,HYDROGEL_PACK,XIRECS,9929.0,4,1,9937.0,9929,9945,9926.0,9947.0,0.0,0.0,0.0,-1,at_or_below_bid_touch,9937.0,9924.0,9962.0,9924.0,9996.0,9924.0,10023.5,9953.0,16.0,9941.0,4.0,9960.0,23.0,False,False,False,False,False,False,False,False,False,False,False,False,False,False,False,False,False,False,5.0,67.0
318300,,,HYDROGEL_PACK,XIRECS,9950.0,4,1,9942.0,9934,9950,9932.0,9953.0,0.0,0.0,0.0,1,at_or_above_ask_touch,9942.0,9924.0,9962.0,9924.0,9993.0,9924.0,10023.5,9948.0,6.0,9944.5,2.5,9976.0,34.0,False,False,False,False,False,False,False,False,False,False,False,False,False,False,False,False,False,False,26.0,43.0
323300,,,HYDROGEL_PACK,XIRECS,9956.0,5,1,9948.0,9940,9956,9938.0,9959.0,0.0,0.0,0.0,1,at_or_above_ask_touch,9948.0,9924.0,9962.0,9924.0,9989.0,9924.0,10023.5,9944.5,-3.5,9949.0,1.0,9960.0,12.0,False,False,False,False,False,False,False,False,False,False,False,False,False,False,False,False,False,False,32.0,33.0
324600,,,HYDROGEL_PACK,XIRECS,9946.0,6,1,9938.0,9930,9946,9928.0,9949.0,0.0,0.0,0.0,1,at_or_above_ask_touch,9938.0,9924.0,9962.0,9924.0,9989.0,9924.0,10023.5,9944.0,6.0,9959.0,21.0,9962.0,24.0,False,False,False,False,False,False,False,False,False,False,False,False,False,False,False,False,False,False,22.0,43.0
327600,,,HYDROGEL_PACK,XIRECS,9928.0,5,1,9936.0,9928,9944,9926.0,9947.0,0.0,0.0,0.0,-1,at_or_below_bid_touch,9936.0,9924.0,9955.0,9924.0,9984.5,9924.0,10023.5,9953.0,17.0,9944.0,8.0,9962.0,26.0,False,False,False,False,False,False,False,False,False,False,False,False,False,False,False,False,False,False,4.0,56.5
327700,,,HYDROGEL_PACK,XIRECS,9946.0,6,1,9938.0,9930,9946,9927.0,9948.0,0.0,0.0,0.0,1,at_or_above_ask_touch,9938.0,9924.0,9955.0,9924.0,9984.5,9924.0,10023.5,9950.0,12.0,9941.0,3.0,9960.0,22.0,False,False,False,False,False,False,False,False,False,False,False,False,False,False,False,False,False,False,22.0,38.5
335300,,,HYDROGEL_PACK,XIRECS,9943.0,5,1,9951.0,9943,9959,9941.0,9962.0,0.0,0.0,0.0,-1,at_or_below_bid_touch,9951.0,9928.0,9961.0,9924.0,9979.0,9924.0,10023.5,9942.0,-9.0,9954.0,3.0,9940.0,-11.0,False,False,False,False,False,False,False,False,False,False,False,False,False,False,False,False,False,False,19.0,36.0
335500,,,HYDROGEL_PACK,XIRECS,9961.0,4,1,9953.0,9945,9961,9942.0,9963.0,0.0,0.0,0.0,1,at_or_above_ask_touch,9953.0,9928.0,9961.0,9924.0,9979.0,9924.0,10023.5,9945.0,-8.0,9951.0,-2.0,9933.0,-20.0,False,True,False,True,False,True,False,False,False,False,False,False,False,False,False,False,False,False,37.0,18.0
338100,,,HYDROGEL_PACK,XIRECS,9931.0,3,1,9939.0,9931,9947,9929.0,9950.0,0.0,0.0,0.0,-1,at_or_below_bid_touch,9939.0,9935.0,9961.0,9924.0,9962.0,9924.0,10023.5,9958.0,19.0,9968.0,29.0,9939.0,0.0,True,False,True,False,True,False,False,False,False,False,False,False,False,False,False,False,False,False,7.0,31.0
339500,,,HYDROGEL_PACK,XIRECS,9932.0,3,1,9940.0,9932,9948,9930.0,9951.0,0.0,0.0,0.0,-1,at_or_below_bid_touch,9940.0,9935.0,9961.0,9924.0,9962.0,9924.0,10023.5,9962.0,22.0,9969.0,29.0,9945.0,5.0,True,False,True,False,True,False,False,False,False,False,False,False,False,False,False,False,False,False,8.0,30.0
342400,,,HYDROGEL_PACK,XIRECS,9944.0,5,1,9952.0,9944,9960,9942.0,9963.0,0.0,0.0,0.0,-1,at_or_below_bid_touch,9952.0,9935.0,9961.0,9924.0,9962.0,9924.0,10018.0,9965.0,13.0,9959.5,7.5,9955.5,3.5,False,False,False,False,False,False,False,False,False,False,False,False,False,False,False,False,False,False,20.0,18.0
343100,,,HYDROGEL_PACK,XIRECS,9966.0,2,1,9958.0,9950,9966,9948.0,9969.0,0.0,0.0,0.0,1,at_or_above_ask_touch,9958.0,9935.0,9961.0,9924.0,9962.0,9924.0,10018.0,9968.0,10.0,9960.0,2.0,9952.5,-5.5,False,True,False,True,False,True,False,True,False,True,False,True,False,False,False,False,False,False,42.0,-4.0
344000,,,HYDROGEL_PACK,XIRECS,9953.0,5,1,9961.0,9953,9969,9951.0,9972.0,0.0,0.0,0.0,-1,at_or_below_bid_touch,9961.0,9935.0,9962.0,9924.0,9962.0,9924.0,10018.0,9973.0,12.0,9953.0,-8.0,9949.0,-12.0,False,False,False,False,False,False,False,False,False,False,False,False,False,False,False,False,False,False,29.0,9.0
345700,,,HYDROGEL_PACK,XIRECS,9957.0,6,1,9949.0,9941,9957,9939.0,9960.0,0.0,0.0,0.0,1,at_or_above_ask_touch,9949.0,9935.0,9964.0,9924.0,9964.0,9924.0,10018.0,9964.0,15.0,9954.0,5.0,9945.0,-4.0,False,False,False,False,False,False,False,False,False,False,False,False,False,False,False,False,False,False,33.0,7.0
345900,,,HYDROGEL_PACK,XIRECS,9958.0,3,1,9950.0,9942,9958,9939.0,9960.0,0.0,0.0,0.0,1,at_or_above_ask_touch,9950.0,9935.0,9964.0,9924.0,9964.0,9924.0,10018.0,9967.0,17.0,9954.0,4.0,9942.0,-8.0,False,False,False,False,False,False,False,False,False,False,False,False,False,False,False,False,False,False,34.0,6.0
348500,,,HYDROGEL_PACK,XIRECS,9964.0,5,1,9972.0,9964,9980,9961.0,9982.0,0.0,0.0,0.0,-1,at_or_below_bid_touch,9972.0,9936.0,9974.0,9924.0,9974.0,9924.0,10017.0,9954.0,-18.0,9952.0,-20.0,9939.0,-33.0,False,False,False,False,False,False,False,False,False,False,False,False,False,False,False,False,False,False,40.0,10.0
351000,,,HYDROGEL_PACK,XIRECS,9973.0,3,1,9965.0,9957,9973,9954.0,9975.0,0.0,0.0,0.0,1,at_or_above_ask_touch,9965.0,9936.0,9975.0,9924.0,9975.0,9924.0,10010.0,9953.5,-11.5,9957.0,-8.0,9938.0,-27.0,False,False,False,False,False,True,False,False,False,False,False,True,False,False,False,False,False,False,49.0,2.0
357100,,,HYDROGEL_PACK,XIRECS,9963.0,6,1,9955.0,9947,9963,9945.0,9966.0,0.0,0.0,0.0,1,at_or_above_ask_touch,9955.0,9936.0,9975.0,9924.0,9975.0,9924.0,10010.0,9963.0,8.0,9960.0,5.0,9938.0,-17.0,False,False,False,False,False,False,False,False,False,False,False,False,False,False,False,False,False,False,39.0,12.0
358500,,,HYDROGEL_PACK,XIRECS,9960.0,6,1,9952.0,9944,9960,9942.0,9963.0,0.0,0.0,0.0,1,at_or_above_ask_touch,9952.0,9936.0,9975.0,9924.0,9975.0,9924.0,10010.0,9971.0,19.0,9975.0,23.0,9938.0,-14.0,False,False,False,False,False,False,False,False,False,False,False,False,False,False,False,False,False,False,36.0,15.0
360600,,,HYDROGEL_PACK,XIRECS,9951.0,2,1,9959.0,9951,9967,9948.0,9969.0,0.0,0.0,0.0,-1,at_or_below_bid_touch,9959.0,9940.0,9975.0,9924.0,9975.0,9924.0,10010.0,9969.5,10.5,9969.0,10.0,9943.0,-16.0,False,False,False,False,False,False,False,False,False,False,False,False,False,False,False,False,False,False,27.0,24.0
362700,,,HYDROGEL_PACK,XIRECS,9961.0,3,1,9969.0,9961,9977,9959.0,9980.0,0.0,0.0,0.0,-1,at_or_below_bid_touch,9969.0,9948.0,9975.0,9926.0,9975.0,9924.0,10010.0,9967.0,-2.0,9957.0,-12.0,9949.0,-20.0,False,False,False,False,False,False,False,False,False,False,False,False,False,False,False,False,False,False,35.0,14.0
363100,,,HYDROGEL_PACK,XIRECS,9983.0,4,1,9975.0,9967,9983,9964.0,9985.0,0.0,0.0,0.0,1,at_or_above_ask_touch,9975.0,9948.0,9975.0,9926.0,9975.0,9924.0,10010.0,9973.0,-2.0,9960.0,-15.0,9949.0,-26.0,False,True,False,True,False,True,False,True,False,True,False,True,False,False,False,False,False,False,57.0,-8.0
364800,,,HYDROGEL_PACK,XIRECS,9978.0,5,1,9970.0,9962,9978,9960.0,9981.0,0.0,0.0,0.0,1,at_or_above_ask_touch,9970.0,9948.0,9975.0,9928.0,9975.0,9924.0,10002.0,9966.0,-4.0,9957.0,-13.0,9948.0,-22.0,False,True,False,True,False,True,False,True,False,True,False,True,False,False,False,False,False,False,50.0,-3.0
368500,,,HYDROGEL_PACK,XIRECS,9983.0,6,1,9975.0,9967,9983,9965.0,9986.0,0.0,0.0,0.0,1,at_or_above_ask_touch,9975.0,9949.0,9976.0,9935.0,9976.0,9924.0,9989.0,9964.0,-11.0,9959.0,-16.0,9951.0,-24.0,False,True,False,True,False,True,False,True,False,True,False,True,False,False,False,False,False,False,48.0,-7.0
371400,,,HYDROGEL_PACK,XIRECS,9953.0,2,1,9961.0,9953,9969,9950.0,9971.0,0.0,0.0,0.0,-1,at_or_below_bid_touch,9961.0,9949.0,9976.0,9935.0,9976.0,9924.0,9989.0,9963.0,2.0,9943.0,-18.0,9955.0,-6.0,False,False,False,False,False,False,False,False,False,False,False,False,False,False,False,False,False,False,18.0,23.0
373400,,,HYDROGEL_PACK,XIRECS,9970.0,3,1,9962.0,9954,9970,9952.0,9973.0,0.0,0.0,0.0,1,at_or_above_ask_touch,9962.0,9949.0,9976.0,9935.0,9976.0,9924.0,9989.0,9959.0,-3.0,9935.0,-27.0,9956.0,-6.0,False,False,False,False,False,False,False,False,False,False,False,False,False,False,False,False,False,False,35.0,6.0
373700,,,HYDROGEL_PACK,XIRECS,9954.0,5,1,9962.0,9954,9970,9951.0,9972.0,0.0,0.0,0.0,-1,at_or_below_bid_touch,9962.0,9949.0,9976.0,9935.0,9976.0,9924.0,9989.0,9952.0,-10.0,9939.5,-22.5,9954.0,-8.0,False,False,False,False,False,False,False,False,False,False,False,False,False,False,False,False,False,False,19.0,22.0
375100,,,HYDROGEL_PACK,XIRECS,9947.0,2,1,9955.0,9947,9963,9944.0,9965.0,0.0,0.0,0.0,-1,at_or_below_bid_touch,9955.0,9949.0,9976.0,9935.0,9976.0,9924.0,9989.0,9949.0,-6.0,9938.0,-17.0,9961.0,6.0,True,False,True,False,True,False,False,False,False,False,False,False,False,False,False,False,False,False,12.0,29.0
380100,,,HYDROGEL_PACK,XIRECS,9957.0,6,1,9949.0,9941,9957,9939.0,9960.0,0.0,0.0,0.0,1,at_or_above_ask_touch,9949.0,9949.0,9976.0,9936.0,9976.0,9924.0,9979.0,9938.0,-11.0,9945.5,-3.5,9939.0,-10.0,False,False,False,False,False,False,False,False,False,False,False,False,False,False,False,False,False,False,21.0,19.0
380700,,,HYDROGEL_PACK,XIRECS,9948.0,4,1,9940.0,9932,9948,9930.0,9951.0,0.0,0.0,0.0,1,at_or_above_ask_touch,9940.0,9937.0,9976.0,9936.0,9976.0,9924.0,9979.0,9933.0,-7.0,9945.5,5.5,9943.0,3.0,False,False,False,False,False,False,False,False,False,False,False,False,False,False,False,False,False,False,12.0,28.0
383300,,,HYDROGEL_PACK,XIRECS,9945.0,5,1,9937.0,9929,9945,9926.0,9947.0,0.0,0.0,0.0,1,at_or_above_ask_touch,9937.0,9931.5,9976.0,9931.5,9976.0,9924.0,9979.0,9942.5,5.5,9955.0,18.0,9928.0,-9.0,False,False,False,False,False,False,False,False,False,False,False,False,False,False,False,False,False,False,13.5,31.0
383600,,,HYDROGEL_PACK,XIRECS,9948.0,4,1,9940.0,9932,9948,9929.0,9950.0,0.0,0.0,0.0,1,at_or_above_ask_touch,9940.0,9931.5,9976.0,9931.5,9976.0,9924.0,9979.0,9943.0,3.0,9953.0,13.0,9924.0,-16.0,False,False,False,False,False,False,False,False,False,False,False,False,False,False,False,False,False,False,16.5,28.0
385800,,,HYDROGEL_PACK,XIRECS,9943.0,6,1,9935.0,9927,9943,9924.0,9945.0,0.0,0.0,0.0,1,at_or_above_ask_touch,9935.0,9931.5,9976.0,9931.5,9976.0,9924.0,9979.0,9947.0,12.0,9944.0,9.0,9924.0,-11.0,False,False,False,False,False,False,False,False,False,False,False,False,False,False,False,False,False,False,11.5,33.0
394800,,,HYDROGEL_PACK,XIRECS,9941.0,5,1,9949.0,9941,9957,9938.0,9959.0,0.0,0.0,0.0,-1,at_or_below_bid_touch,9949.0,9931.0,9966.0,9931.0,9976.0,9924.0,9976.0,9943.0,-6.0,9929.0,-20.0,9920.0,-29.0,False,False,False,False,False,False,False,False,False,False,False,False,False,False,False,False,False,False,10.0,35.0
396300,,,HYDROGEL_PACK,XIRECS,9956.0,4,1,9948.5,9941,9956,9938.0,9959.0,0.0,0.0,0.0,1,at_or_above_ask_touch,9948.5,9931.0,9966.0,9931.0,9976.0,9924.0,9976.0,9932.0,-16.5,9938.0,-10.5,9927.0,-21.5,False,False,False,False,False,False,False,False,False,False,False,False,False,False,False,False,False,False,25.0,20.0
397800,,,HYDROGEL_PACK,XIRECS,9950.0,4,1,9942.0,9934,9950,9932.0,9952.0,0.0,0.0,0.0,1,at_or_above_ask_touch,9942.0,9931.0,9961.0,9931.0,9976.0,9924.0,9976.0,9927.0,-15.0,9934.0,-8.0,9938.0,-4.0,False,False,False,False,False,False,False,False,False,False,False,False,False,False,False,False,False,False,19.0,26.0
403600,,,HYDROGEL_PACK,XIRECS,9922.0,6,1,9930.0,9922,9938,9919.0,9940.0,0.0,0.0,0.0,-1,at_or_below_bid_touch,9930.0,9925.0,9959.0,9925.0,9976.0,9924.0,9976.0,9938.0,8.0,9950.0,20.0,9937.0,7.0,True,False,True,False,True,False,True,False,True,False,True,False,True,False,True,False,True,False,-3.0,54.0
409300,,,HYDROGEL_PACK,XIRECS,9929.0,6,1,9937.0,9929,9945,9927.0,9948.0,0.0,0.0,0.0,-1,at_or_below_bid_touch,9937.0,9922.0,9959.0,9922.0,9976.0,9922.0,9976.0,9950.0,13.0,9947.0,10.0,9926.0,-11.0,False,False,False,False,False,False,False,False,False,False,False,False,False,False,False,False,False,False,7.0,47.0
411000,,,HYDROGEL_PACK,XIRECS,9951.0,4,1,9943.0,9935,9951,9933.0,9954.0,0.0,0.0,0.0,1,at_or_above_ask_touch,9943.0,9922.0,9959.0,9922.0,9976.0,9922.0,9976.0,9954.0,11.0,9948.0,5.0,9927.0,-16.0,False,False,False,False,False,False,False,False,False,False,False,False,False,False,False,False,False,False,29.0,25.0
411400,,,HYDROGEL_PACK,XIRECS,9952.0,3,1,9944.0,9936,9952,9933.0,9954.0,0.0,0.0,0.0,1,at_or_above_ask_touch,9944.0,9922.0,9959.0,9922.0,9976.0,9922.0,9976.0,9954.0,10.0,9955.0,11.0,9928.0,-16.0,False,False,False,False,False,False,False,False,False,False,False,False,False,False,False,False,False,False,30.0,24.0
412300,,,HYDROGEL_PACK,XIRECS,9953.0,2,1,9945.0,9937,9953,9934.0,9955.0,0.0,0.0,0.0,1,at_or_above_ask_touch,9945.0,9922.0,9957.0,9922.0,9976.0,9922.0,9976.0,9953.0,8.0,9954.0,9.0,9929.0,-16.0,False,False,False,False,False,False,False,False,False,False,False,False,False,False,False,False,False,False,31.0,23.0
414000,,,HYDROGEL_PACK,XIRECS,9962.0,2,1,9954.0,9946,9962,9943.0,9964.0,0.0,0.0,0.0,1,at_or_above_ask_touch,9954.0,9922.0,9954.0,9922.0,9976.0,9922.0,9976.0,9947.0,-7.0,9955.0,1.0,9915.0,-39.0,False,True,False,True,False,True,False,False,False,False,False,False,False,False,False,False,False,False,40.0,14.0
414400,,,HYDROGEL_PACK,XIRECS,9945.0,3,1,9953.0,9945,9961,9942.0,9963.0,0.0,0.0,0.0,-1,at_or_below_bid_touch,9953.0,9922.0,9954.0,9922.0,9976.0,9922.0,9976.0,9946.0,-7.0,9949.5,-3.5,9914.5,-38.5,False,False,False,False,False,False,False,False,False,False,False,False,False,False,False,False,False,False,23.0,31.0
414800,,,HYDROGEL_PACK,XIRECS,9940.0,3,1,9948.0,9940,9956,9938.0,9959.0,0.0,0.0,0.0,-1,at_or_below_bid_touch,9948.0,9922.0,9955.0,9922.0,9976.0,9922.0,9976.0,9949.0,1.0,9955.5,7.5,9911.0,-37.0,False,False,False,False,False,False,False,False,False,False,False,False,False,False,False,False,False,False,18.0,36.0
421500,,,HYDROGEL_PACK,XIRECS,9946.0,3,1,9954.0,9946,9962,9943.0,9964.0,0.0,0.0,0.0,-1,at_or_below_bid_touch,9954.0,9922.0,9961.0,9922.0,9969.0,9922.0,9976.0,9954.0,0.0,9937.0,-17.0,9931.0,-23.0,False,False,False,False,False,False,False,False,False,False,False,False,False,False,False,False,False,False,24.0,23.0
427000,,,HYDROGEL_PACK,XIRECS,9950.0,2,1,9958.0,9950,9966,9948.0,9969.0,0.0,0.0,0.0,-1,at_or_below_bid_touch,9958.0,9932.0,9965.0,9922.0,9966.0,9922.0,9976.0,9928.0,-30.0,9924.0,-34.0,9947.0,-11.0,False,False,False,False,False,False,False,False,False,False,False,False,False,False,False,False,False,False,28.0,16.0
436200,,,HYDROGEL_PACK,XIRECS,9935.0,5,1,9927.0,9919,9935,9916.0,9937.0,0.0,0.0,0.0,1,at_or_above_ask_touch,9927.0,9919.0,9965.0,9919.0,9965.0,9919.0,9976.0,9908.5,-18.5,9922.0,-5.0,9961.0,34.0,False,False,False,False,False,False,False,False,False,False,False,False,False,False,False,False,False,False,16.0,30.0
440300,,,HYDROGEL_PACK,XIRECS,9922.0,2,1,9914.0,9906,9922,9903.0,9924.0,0.0,0.0,0.0,1,at_or_above_ask_touch,9914.0,9913.5,9965.0,9913.5,9965.0,9913.5,9976.0,9916.0,2.0,9940.0,26.0,9961.0,47.0,False,False,False,False,False,False,False,False,False,False,False,False,False,False,False,False,False,False,8.5,43.0
441300,,,HYDROGEL_PACK,XIRECS,9902.0,2,1,9910.0,9902,9918,9900.0,9921.0,0.0,0.0,0.0,-1,at_or_below_bid_touch,9910.0,9908.5,9965.0,9908.5,9965.0,9908.5,9976.0,9927.0,17.0,9943.0,33.0,9962.0,52.0,True,False,True,False,True,False,True,False,True,False,True,False,True,False,True,False,True,False,-6.5,63.0
443600,,,HYDROGEL_PACK,XIRECS,9908.0,2,1,9916.0,9908,9924,9906.0,9927.0,0.0,0.0,0.0,-1,at_or_below_bid_touch,9916.0,9908.5,9965.0,9908.5,9965.0,9908.5,9976.0,9940.5,24.5,9937.0,21.0,9965.0,49.0,True,False,True,False,True,False,True,False,True,False,True,False,True,False,True,False,True,False,-0.5,57.0
450000,,,HYDROGEL_PACK,XIRECS,9932.0,5,1,9940.0,9932,9948,9930.0,9951.0,0.0,0.0,0.0,-1,at_or_below_bid_touch,9940.0,9908.5,9945.5,9908.5,9965.0,9908.5,9976.0,9935.0,-5.0,9924.0,-16.0,9999.0,59.0,False,False,False,False,False,False,False,False,False,False,False,False,False,False,False,False,False,False,23.5,33.0
457700,,,HYDROGEL_PACK,XIRECS,9914.0,4,1,9922.0,9914,9930,9911.0,9932.0,0.0,0.0,0.0,-1,at_or_below_bid_touch,9922.0,9908.5,9946.0,9908.5,9965.0,9908.5,9976.0,9925.0,3.0,9934.0,12.0,10000.0,78.0,False,False,False,False,False,False,False,False,False,False,False,False,False,False,False,False,False,False,5.5,51.0
462500,,,HYDROGEL_PACK,XIRECS,9932.0,2,1,9924.0,9916,9932,9914.0,9934.0,0.0,0.0,0.0,1,at_or_above_ask_touch,9924.0,9913.0,9946.0,9908.5,9965.0,9908.5,9976.0,9934.0,10.0,9938.0,14.0,10008.0,84.0,False,False,False,False,False,False,False,False,False,False,False,False,False,False,False,False,False,False,23.5,33.0
476200,,,HYDROGEL_PACK,XIRECS,9959.0,3,1,9951.0,9943,9959,9941.0,9961.0,0.0,0.0,0.0,1,at_or_above_ask_touch,9951.0,9910.0,9954.0,9908.5,9959.0,9908.5,9966.0,9962.5,11.5,9961.0,10.0,10015.0,64.0,False,True,False,True,False,True,False,True,False,True,False,True,False,False,False,False,False,False,50.5,0.0
477600,,,HYDROGEL_PACK,XIRECS,9941.0,5,1,9949.0,9941,9957,9938.0,9959.0,0.0,0.0,0.0,-1,at_or_below_bid_touch,9949.0,9910.0,9954.0,9908.5,9954.0,9908.5,9965.0,9959.0,10.0,9963.0,14.0,10013.0,64.0,False,False,False,False,False,False,False,False,False,False,False,False,False,False,False,False,False,False,32.5,13.0
479100,,,HYDROGEL_PACK,XIRECS,9973.0,5,1,9968.5,9964,9973,9955.0,9975.0,-0.18181818181818182,0.10344827586206896,0.0,1,at_or_above_ask_touch,9968.5,9910.0,9968.5,9908.5,9968.5,9908.5,9968.5,9955.0,-13.5,9959.0,-9.5,10025.0,56.5,False,True,False,True,False,True,False,True,False,True,False,True,False,True,False,True,False,True,64.5,-4.5
485300,,,HYDROGEL_PACK,XIRECS,9952.0,3,1,9960.0,9952,9968,9949.0,9970.0,0.0,0.0,0.0,-1,at_or_below_bid_touch,9960.0,9915.5,9968.5,9908.5,9968.5,9908.5,9968.5,9961.0,1.0,9972.0,12.0,10013.0,53.0,False,False,False,False,False,False,False,False,False,False,False,False,False,False,False,False,False,False,43.5,16.5
489600,,,HYDROGEL_PACK,XIRECS,9948.0,4,1,9956.0,9948,9964,9946.0,9967.0,0.0,0.0,0.0,-1,at_or_below_bid_touch,9956.0,9929.0,9968.5,9908.5,9968.5,9908.5,9968.5,9967.0,11.0,10003.0,47.0,10012.0,56.0,False,False,False,False,False,False,False,False,False,False,False,False,False,False,False,False,False,False,39.5,20.5
494500,,,HYDROGEL_PACK,XIRECS,9975.0,4,1,9967.0,9959,9975,9956.0,9977.0,0.0,0.0,0.0,1,at_or_above_ask_touch,9967.0,9941.5,9971.5,9910.0,9971.5,9908.5,9971.5,10003.0,36.0,10004.0,37.0,10007.0,40.0,False,True,False,True,False,True,False,True,False,True,False,True,False,True,False,True,False,True,65.0,-3.5
495300,,,HYDROGEL_PACK,XIRECS,9964.0,5,1,9972.0,9964,9980,9962.0,9983.0,0.0,0.0,0.0,-1,at_or_below_bid_touch,9972.0,9947.0,9973.0,9910.0,9973.0,9908.5,9973.0,9992.0,20.0,10006.0,34.0,10013.0,41.0,False,False,False,False,False,False,False,False,False,False,False,False,False,False,False,False,False,False,54.0,9.0
499900,,,HYDROGEL_PACK,XIRECS,9990.0,6,1,9998.0,9990,10006,9987.0,10008.0,0.0,0.0,0.0,-1,at_or_below_bid_touch,9998.0,9953.5,10003.0,9910.0,10003.0,9908.5,10003.0,10006.0,8.0,10013.0,15.0,10012.0,14.0,False,False,False,False,False,False,False,False,False,False,False,False,False,False,False,False,False,False,80.0,13.0
500800,,,HYDROGEL_PACK,XIRECS,9987.0,4,1,9995.0,9987,10003,9984.0,10005.0,0.0,0.0,0.0,-1,at_or_below_bid_touch,9995.0,9953.5,10003.0,9910.0,10003.0,9908.5,10003.0,9998.0,3.0,10001.0,6.0,10011.0,16.0,False,False,False,False,False,False,False,False,False,False,False,False,False,False,False,False,False,False,77.0,16.0
501400,,,HYDROGEL_PACK,XIRECS,9987.0,6,1,9995.0,9987,10003,9984.0,10005.0,0.0,0.0,0.0,-1,at_or_below_bid_touch,9995.0,9953.5,10003.0,9910.0,10003.0,9908.5,10003.0,10000.0,5.0,10004.0,9.0,10017.0,22.0,False,False,False,False,False,False,False,False,False,False,False,False,False,False,False,False,False,False,77.0,16.0
502000,,,HYDROGEL_PACK,XIRECS,9985.0,3,1,9993.0,9985,10001,9982.0,10003.0,0.0,0.0,0.0,-1,at_or_below_bid_touch,9993.0,9953.5,10003.0,9910.0,10003.0,9908.5,10003.0,10001.0,8.0,10007.0,14.0,10018.0,25.0,False,False,False,False,False,False,False,False,False,False,False,False,False,False,False,False,False,False,75.0,18.0
503500,,,HYDROGEL_PACK,XIRECS,9994.0,6,1,10002.0,9994,10010,9991.0,10012.0,0.0,0.0,0.0,-1,at_or_below_bid_touch,10002.0,9953.5,10007.0,9910.0,10007.0,9908.5,10007.0,10000.0,-2.0,9999.0,-3.0,10022.0,20.0,False,False,False,False,False,False,False,False,False,False,False,False,False,False,False,False,False,False,84.0,13.0
507200,,,HYDROGEL_PACK,XIRECS,10012.0,4,1,10004.0,9996,10012,9993.0,10014.0,0.0,0.0,0.0,1,at_or_above_ask_touch,10004.0,9955.0,10008.5,9910.0,10008.5,9908.5,10008.5,10003.0,-1.0,10019.0,15.0,10010.0,6.0,False,True,False,True,False,True,False,True,False,True,False,True,False,True,False,True,False,True,102.0,-3.5
507800,,,HYDROGEL_PACK,XIRECS,9992.0,6,1,10000.0,9992,10008,9990.0,10011.0,0.0,0.0,0.0,-1,at_or_below_bid_touch,10000.0,9955.0,10008.5,9910.0,10008.5,9908.5,10008.5,10005.0,5.0,10009.0,9.0,10002.0,2.0,False,False,False,False,False,False,False,False,False,False,False,False,False,False,False,False,False,False,82.0,16.5
509900,,,HYDROGEL_PACK,XIRECS,10005.0,5,1,10013.0,10005,10021,10003.0,10024.0,0.0,0.0,0.0,-1,at_or_below_bid_touch,10013.0,9957.0,10014.0,9910.0,10014.0,9908.5,10014.0,10004.0,-9.0,10011.0,-2.0,10003.0,-10.0,False,False,False,False,False,False,False,False,False,False,False,False,False,False,False,False,False,False,95.0,9.0
510100,,,HYDROGEL_PACK,XIRECS,10003.0,3,1,10011.0,10003,10019,10000.0,10021.0,0.0,0.0,0.0,-1,at_or_below_bid_touch,10011.0,9957.0,10014.0,9910.0,10014.0,9908.5,10014.0,10006.0,-5.0,10012.0,1.0,10000.0,-11.0,False,False,False,False,False,False,False,False,False,False,False,False,False,False,False,False,False,False,93.0,11.0
513200,,,HYDROGEL_PACK,XIRECS,10010.0,5,1,10002.0,9994,10010,9991.0,10012.0,0.0,0.0,0.0,1,at_or_above_ask_touch,10002.0,9961.0,10014.0,9910.0,10014.0,9908.5,10014.0,10013.0,11.0,10017.5,15.5,9999.0,-3.0,False,False,False,False,False,False,False,False,False,False,False,False,False,False,False,False,False,False,100.0,4.0
515200,,,HYDROGEL_PACK,XIRECS,10000.0,4,1,10008.0,10000,10016,9997.0,10018.0,0.0,0.0,0.0,-1,at_or_below_bid_touch,10008.0,9972.0,10014.0,9915.5,10014.0,9908.5,10014.0,10006.5,-1.5,10012.0,4.0,10003.0,-5.0,False,False,False,False,False,False,False,False,False,False,False,False,False,False,False,False,False,False,84.5,14.0
519000,,,HYDROGEL_PACK,XIRECS,10002.0,5,1,10010.0,10002,10018,9999.0,10020.0,0.0,0.0,0.0,-1,at_or_below_bid_touch,10010.0,9992.0,10019.0,9929.0,10019.0,9908.5,10019.0,10008.0,-2.0,10022.0,12.0,10006.0,-4.0,False,False,False,False,False,False,False,False,False,False,False,False,False,False,False,False,False,False,73.0,17.0
519400,,,HYDROGEL_PACK,XIRECS,10017.0,2,1,10009.0,10001,10017,9998.0,10019.0,0.0,0.0,0.0,1,at_or_above_ask_touch,10009.0,9992.0,10019.0,9929.0,10019.0,9908.5,10019.0,10006.0,-3.0,10026.0,17.0,10004.0,-5.0,False,False,False,False,False,True,False,False,False,False,False,True,False,False,False,False,False,True,88.0,2.0
520400,,,HYDROGEL_PACK,XIRECS,10019.0,2,1,10011.0,10003,10019,10001.0,10022.0,0.0,0.0,0.0,1,at_or_above_ask_touch,10011.0,9993.0,10019.0,9929.0,10019.0,9908.5,10019.0,10015.0,4.0,10017.0,6.0,10010.0,-1.0,False,True,False,True,False,True,False,True,False,True,False,True,False,True,False,True,False,True,90.0,0.0
526600,,,HYDROGEL_PACK,XIRECS,10021.0,4,1,10013.0,10005,10021,10002.0,10023.0,0.0,0.0,0.0,1,at_or_above_ask_touch,10013.0,9996.0,10022.0,9947.0,10022.0,9908.5,10022.0,10021.0,8.0,10018.0,5.0,10002.0,-11.0,False,False,False,True,False,True,False,False,False,True,False,True,False,False,False,True,False,True,74.0,1.0
527700,,,HYDROGEL_PACK,XIRECS,10021.0,6,1,10013.0,10005,10021,10003.0,10024.0,0.0,0.0,0.0,1,at_or_above_ask_touch,10013.0,9996.0,10022.0,9950.0,10022.0,9908.5,10022.0,10023.0,10.0,10020.0,7.0,10007.0,-6.0,False,False,False,True,False,True,False,False,False,True,False,True,False,False,False,True,False,True,71.0,1.0
530300,,,HYDROGEL_PACK,XIRECS,10010.0,3,1,10018.0,10010,10026,10007.0,10028.0,0.0,0.0,0.0,-1,at_or_below_bid_touch,10018.0,9996.0,10030.5,9953.5,10030.5,9908.5,10030.5,10013.0,-5.0,10022.0,4.0,9999.0,-19.0,False,False,False,False,False,False,False,False,False,False,False,False,False,False,False,False,False,False,56.5,20.5
530600,,,HYDROGEL_PACK,XIRECS,10010.0,5,1,10018.0,10010,10026,10007.0,10029.0,0.0,0.0,0.0,-1,at_or_below_bid_touch,10018.0,9996.0,10030.5,9953.5,10030.5,9908.5,10030.5,10014.0,-4.0,10024.0,6.0,10009.0,-9.0,False,False,False,False,False,False,False,False,False,False,False,False,False,False,False,False,False,False,56.5,20.5
533100,,,HYDROGEL_PACK,XIRECS,10029.0,2,1,10021.0,10013,10029,10010.0,10031.0,0.0,0.0,0.0,1,at_or_above_ask_touch,10021.0,9996.0,10030.5,9953.5,10030.5,9908.5,10030.5,10016.0,-5.0,10010.0,-11.0,10007.0,-14.0,False,False,False,False,False,True,False,False,False,False,False,True,False,False,False,False,False,True,75.5,1.5
533400,,,HYDROGEL_PACK,XIRECS,10030.0,5,1,10022.0,10014,10030,10011.0,10032.0,0.0,0.0,0.0,1,at_or_above_ask_touch,10022.0,9996.0,10030.5,9953.5,10030.5,9908.5,10030.5,10015.0,-7.0,10011.0,-11.0,10005.0,-17.0,False,False,False,True,False,True,False,False,False,True,False,True,False,False,False,True,False,True,76.5,0.5
534800,,,HYDROGEL_PACK,XIRECS,10018.0,3,1,10010.0,10002,10018,9999.0,10020.0,0.0,0.0,0.0,1,at_or_above_ask_touch,10010.0,10004.0,10030.5,9955.0,10030.5,9908.5,10030.5,10016.0,6.0,10004.0,-6.0,10001.0,-9.0,False,False,False,False,False,False,False,False,False,False,False,False,False,False,False,False,False,False,63.0,12.5
537500,,,HYDROGEL_PACK,XIRECS,10014.0,2,1,10022.0,10014,10030,10011.0,10032.0,0.0,0.0,0.0,-1,at_or_below_bid_touch,10022.0,10004.0,10030.5,9955.0,10030.5,9908.5,10030.5,10005.0,-17.0,10017.0,-5.0,9999.0,-23.0,False,False,False,False,False,False,False,False,False,False,False,False,False,False,False,False,False,False,59.0,16.5
538000,,,HYDROGEL_PACK,XIRECS,10024.0,2,1,10016.0,10008,10024,10006.0,10027.0,0.0,0.0,0.0,1,at_or_above_ask_touch,10016.0,10004.0,10030.5,9955.0,10030.5,9908.5,10030.5,10005.0,-11.0,10015.0,-1.0,10002.0,-14.0,False,False,False,False,False,False,False,False,False,False,False,False,False,False,False,False,False,False,69.0,6.5
538900,,,HYDROGEL_PACK,XIRECS,10022.0,6,1,10014.0,10006,10022,10004.0,10025.0,0.0,0.0,0.0,1,at_or_above_ask_touch,10014.0,10004.0,10030.5,9955.0,10030.5,9908.5,10030.5,10009.5,-4.5,10010.0,-4.0,10000.0,-14.0,False,False,False,False,False,False,False,False,False,False,False,False,False,False,False,False,False,False,67.0,8.5
542600,,,HYDROGEL_PACK,XIRECS,10012.0,6,1,10004.0,9996,10012,9993.0,10014.0,0.0,0.0,0.0,1,at_or_above_ask_touch,10004.0,10004.0,10030.5,9961.0,10030.5,9910.0,10030.5,10020.0,16.0,10021.0,17.0,9994.0,-10.0,False,False,False,False,False,False,False,False,False,False,False,False,False,False,False,False,False,False,51.0,18.5
550400,,,HYDROGEL_PACK,XIRECS,9998.0,2,1,10006.0,9998,10014,9995.0,10016.0,0.0,0.0,0.0,-1,at_or_below_bid_touch,10006.0,10003.0,10030.0,9993.0,10030.5,9910.0,10030.5,10013.0,7.0,10002.0,-4.0,10027.0,21.0,True,False,True,False,True,False,False,False,False,False,False,False,False,False,False,False,False,False,5.0,32.5
553300,,,HYDROGEL_PACK,XIRECS,10032.0,6,1,10024.0,10016,10032,10014.0,10035.0,0.0,0.0,0.0,1,at_or_above_ask_touch,10024.0,10003.0,10025.5,9994.5,10030.5,9910.0,10030.5,10003.0,-21.0,9997.0,-27.0,10023.0,-1.0,False,True,False,True,False,True,False,True,False,True,False,True,False,True,False,True,False,True,37.5,-1.5
563600,,,HYDROGEL_PACK,XIRECS,9991.0,2,1,9999.0,9991,10007,9989.0,10010.0,0.0,0.0,0.0,-1,at_or_below_bid_touch,9999.0,9985.5,10025.0,9985.5,10030.5,9910.0,10030.5,10007.0,8.0,10012.0,13.0,10011.0,12.0,False,False,False,False,False,False,False,False,False,False,False,False,False,False,False,False,False,False,5.5,39.5
566100,,,HYDROGEL_PACK,XIRECS,10011.0,4,1,10015.5,10011,10020,10001.0,10022.0,-0.18181818181818182,0.0989010989010989,0.0,-1,at_or_below_bid_touch,10015.5,9985.5,10025.0,9985.5,10030.5,9923.0,10030.5,10009.0,-6.5,10002.0,-13.5,9979.0,-36.5,False,False,False,False,False,False,False,False,False,False,False,False,False,False,False,False,False,False,25.5,19.5
568700,,,HYDROGEL_PACK,XIRECS,10000.0,5,1,10008.0,10000,10016,9997.0,10018.0,0.0,0.0,0.0,-1,at_or_below_bid_touch,10008.0,9985.5,10025.0,9985.5,10030.5,9929.0,10030.5,10012.0,4.0,10003.0,-5.0,9991.0,-17.0,False,False,False,False,False,False,False,False,False,False,False,False,False,False,False,False,False,False,14.5,30.5
578600,,,HYDROGEL_PACK,XIRECS,10014.0,3,1,10006.0,9998,10014,9995.0,10017.0,0.0,0.0,0.0,1,at_or_above_ask_touch,10006.0,9985.5,10018.0,9985.5,10030.5,9953.5,10030.5,10005.0,-1.0,10002.0,-4.0,10019.0,13.0,False,False,False,False,False,False,False,False,False,False,False,False,False,False,False,False,False,False,28.5,16.5
578800,,,HYDROGEL_PACK,XIRECS,9998.0,6,1,10006.0,9998,10014,9995.0,10016.0,0.0,0.0,0.0,-1,at_or_below_bid_touch,10006.0,9985.5,10018.0,9985.5,10030.5,9953.5,10030.5,10004.0,-2.0,10002.0,-4.0,10015.0,9.0,False,False,False,False,False,False,False,False,False,False,False,False,False,False,False,False,False,False,12.5,32.5
580600,,,HYDROGEL_PACK,XIRECS,10001.0,4,1,10009.0,10001,10017,9998.0,10019.0,0.0,0.0,0.0,-1,at_or_below_bid_touch,10009.0,9985.5,10018.0,9985.5,10030.0,9953.5,10030.5,10008.0,-1.0,9999.0,-10.0,10011.0,2.0,False,False,False,False,False,False,False,False,False,False,False,False,False,False,False,False,False,False,15.5,29.0
590100,,,HYDROGEL_PACK,XIRECS,9989.0,2,1,9997.0,9989,10005,9987.0,10008.0,0.0,0.0,0.0,-1,at_or_below_bid_touch,9997.0,9996.0,10018.0,9985.5,10025.0,9957.0,10030.5,10016.0,19.0,10024.0,27.0,10029.0,32.0,True,False,True,False,True,False,False,False,False,False,False,False,False,False,False,False,False,False,3.5,36.0
596300,,,HYDROGEL_PACK,XIRECS,10027.0,2,1,10019.0,10011,10027,10008.0,10029.0,0.0,0.0,0.0,1,at_or_above_ask_touch,10019.0,9994.0,10021.0,9985.5,10025.0,9980.0,10030.5,10022.0,3.0,10030.0,11.0,9999.0,-20.0,False,True,False,True,False,True,False,True,False,True,False,True,False,False,False,False,False,False,41.5,-2.0
600400,,,HYDROGEL_PACK,XIRECS,10035.0,4,1,10027.0,10019,10035,10016.0,10037.0,0.0,0.0,0.0,1,at_or_above_ask_touch,10027.0,9994.0,10035.5,9985.5,10035.5,9985.5,10035.5,10028.0,1.0,10012.0,-15.0,9999.0,-28.0,False,False,False,True,False,True,False,False,False,True,False,True,False,False,False,True,False,True,49.5,0.5
601700,,,HYDROGEL_PACK,XIRECS,10013.0,2,1,10021.0,10013,10029,10011.0,10032.0,0.0,0.0,0.0,-1,at_or_below_bid_touch,10021.0,9994.0,10035.5,9985.5,10035.5,9985.5,10035.5,10030.0,9.0,10013.0,-8.0,9996.0,-25.0,False,False,False,False,False,False,False,False,False,False,False,False,False,False,False,False,False,False,27.5,22.5
604700,,,HYDROGEL_PACK,XIRECS,10017.0,5,1,10025.5,10017,10034,10015.0,10036.0,0.0,0.0,0.0,-1,at_or_below_bid_touch,10025.5,9994.0,10035.5,9985.5,10035.5,9985.5,10035.5,10011.0,-14.5,10003.0,-22.5,9982.0,-43.5,False,False,False,False,False,False,False,False,False,False,False,False,False,False,False,False,False,False,31.5,18.5
606400,,,HYDROGEL_PACK,XIRECS,10020.0,5,1,10028.0,10020,10036,10018.0,10039.0,0.0,0.0,0.0,-1,at_or_below_bid_touch,10028.0,9994.0,10035.5,9985.5,10035.5,9985.5,10035.5,10015.0,-13.0,9979.0,-49.0,9989.5,-38.5,False,False,False,False,False,False,False,False,False,False,False,False,False,False,False,False,False,False,34.5,15.5
614100,,,HYDROGEL_PACK,XIRECS,9998.0,4,1,10006.0,9998,10014,9996.0,10017.0,0.0,0.0,0.0,-1,at_or_below_bid_touch,10006.0,10002.0,10035.5,9994.0,10035.5,9985.5,10035.5,9990.0,-16.0,10008.0,2.0,10015.0,9.0,True,False,True,False,True,False,False,False,False,False,False,False,False,False,False,False,False,False,4.0,37.5
621800,,,HYDROGEL_PACK,XIRECS,9993.0,2,1,10001.0,9993,10009,9990.0,10011.0,0.0,0.0,0.0,-1,at_or_below_bid_touch,10001.0,9976.0,10032.0,9976.0,10035.5,9976.0,10035.5,10028.0,27.0,10019.0,18.0,10008.0,7.0,False,False,False,False,False,False,False,False,False,False,False,False,False,False,False,False,False,False,17.0,42.5
625100,,,HYDROGEL_PACK,XIRECS,10004.0,2,1,10012.0,10004,10020,10002.0,10023.0,0.0,0.0,0.0,-1,at_or_below_bid_touch,10012.0,9976.0,10032.0,9976.0,10035.5,9976.0,10035.5,10018.0,6.0,10021.0,9.0,10003.0,-9.0,False,False,False,False,False,False,False,False,False,False,False,False,False,False,False,False,False,False,28.0,31.5
630400,,,HYDROGEL_PACK,XIRECS,10019.0,5,1,10011.0,10003,10019,10000.0,10021.0,0.0,0.0,0.0,1,at_or_above_ask_touch,10011.0,9976.0,10030.0,9976.0,10035.5,9976.0,10035.5,10027.0,16.0,10031.0,20.0,9998.0,-13.0,False,False,False,False,False,False,False,False,False,False,False,False,False,False,False,False,False,False,43.0,16.5
634900,,,HYDROGEL_PACK,XIRECS,10010.0,2,1,10018.0,10010,10026,10008.0,10029.0,0.0,0.0,0.0,-1,at_or_below_bid_touch,10018.0,9976.0,10030.0,9976.0,10035.5,9976.0,10035.5,10031.0,13.0,10006.0,-12.0,10001.0,-17.0,False,False,False,False,False,False,False,False,False,False,False,False,False,False,False,False,False,False,34.0,25.5
635700,,,HYDROGEL_PACK,XIRECS,10034.0,3,1,10026.0,10018,10034,10015.0,10036.0,0.0,0.0,0.0,1,at_or_above_ask_touch,10026.0,9976.0,10030.0,9976.0,10035.5,9976.0,10035.5,10034.0,8.0,10001.0,-25.0,9993.0,-33.0,False,True,False,True,False,True,False,False,False,False,False,True,False,False,False,False,False,True,58.0,1.5
637500,,,HYDROGEL_PACK,XIRECS,10018.0,4,1,10026.0,10018,10034,10016.0,10037.0,0.0,0.0,0.0,-1,at_or_below_bid_touch,10026.0,9989.0,10030.0,9976.0,10035.5,9976.0,10035.5,10012.0,-14.0,9999.0,-27.0,9989.0,-37.0,False,False,False,False,False,False,False,False,False,False,False,False,False,False,False,False,False,False,42.0,17.5
640300,,,HYDROGEL_PACK,XIRECS,10029.0,3,1,10033.0,10029,10037,10019.0,10040.0,-0.29411764705882354,0.07692307692307693,0.0,-1,at_or_below_bid_touch,10033.0,9994.0,10035.0,9976.0,10035.5,9976.0,10035.5,10002.0,-31.0,10000.0,-33.0,10002.0,-31.0,False,False,False,False,False,False,False,False,False,False,False,False,False,False,False,False,False,False,53.0,6.5
640700,,,HYDROGEL_PACK,XIRECS,10042.0,4,1,10034.0,10026,10042,10023.0,10045.0,0.0,0.0,0.0,1,at_or_above_ask_touch,10034.0,9994.0,10035.0,9976.0,10035.5,9976.0,10035.5,10001.0,-33.0,9997.0,-37.0,10000.5,-33.5,False,True,False,True,False,True,False,True,False,True,False,True,False,True,False,True,False,True,66.0,-6.5
647000,,,HYDROGEL_PACK,XIRECS,10003.0,3,1,9995.0,9987,10003,9984.0,10005.0,0.0,0.0,0.0,1,at_or_above_ask_touch,9995.0,9993.0,10035.0,9976.0,10035.5,9976.0,10035.5,9993.0,-2.0,9989.0,-6.0,10033.0,38.0,False,False,False,False,False,False,False,False,False,False,False,False,False,False,False,False,False,False,27.0,32.5
647400,,,HYDROGEL_PACK,XIRECS,9993.0,2,1,10001.0,9993,10009,9990.0,10011.0,0.0,0.0,0.0,-1,at_or_below_bid_touch,10001.0,9993.0,10035.0,9976.0,10035.5,9976.0,10035.5,9989.0,-12.0,9993.0,-8.0,10035.0,34.0,True,False,True,False,True,False,False,False,False,False,False,False,False,False,False,False,False,False,17.0,42.5
647600,,,HYDROGEL_PACK,XIRECS,9991.0,4,1,9999.0,9991,10007,9989.0,10010.0,0.0,0.0,0.0,-1,at_or_below_bid_touch,9999.0,9993.0,10035.0,9976.0,10035.5,9976.0,10035.5,9990.0,-9.0,9991.0,-8.0,10034.0,35.0,True,False,True,False,True,False,False,False,False,False,False,False,False,False,False,False,False,False,15.0,44.5
647900,,,HYDROGEL_PACK,XIRECS,9989.0,6,1,9997.0,9989,10005,9987.0,10008.0,0.0,0.0,0.0,-1,at_or_below_bid_touch,9997.0,9993.0,10035.0,9976.0,10035.5,9976.0,10035.5,9986.0,-11.0,9994.0,-3.0,10036.0,39.0,True,False,True,False,True,False,False,False,False,False,False,False,False,False,False,False,False,False,13.0,46.5
648400,,,HYDROGEL_PACK,XIRECS,10001.0,2,1,9993.0,9985,10001,9982.0,10003.0,0.0,0.0,0.0,1,at_or_above_ask_touch,9993.0,9991.0,10035.0,9976.0,10035.5,9976.0,10035.5,9982.0,-11.0,9995.0,2.0,10034.0,41.0,False,False,False,False,False,False,False,False,False,False,False,False,False,False,False,False,False,False,25.0,34.5
652800,,,HYDROGEL_PACK,XIRECS,9979.0,2,1,9987.0,9979,9995,9976.0,9997.0,0.0,0.0,0.0,-1,at_or_below_bid_touch,9987.0,9987.0,10035.0,9976.0,10035.0,9976.0,10035.5,9991.0,4.0,10006.0,19.0,10034.0,47.0,True,False,True,False,True,False,False,False,False,False,False,False,False,False,False,False,False,False,3.0,56.0
653200,,,HYDROGEL_PACK,XIRECS,9975.0,6,1,9983.0,9975,9991,9972.0,9993.0,0.0,0.0,0.0,-1,at_or_below_bid_touch,9983.0,9983.0,10035.0,9976.0,10035.0,9976.0,10035.5,9996.0,13.0,10006.0,23.0,10043.0,60.0,True,False,True,False,True,False,True,False,True,False,True,False,True,False,True,False,True,False,-1.0,60.0
653300,,,HYDROGEL_PACK,XIRECS,9974.0,5,1,9982.0,9974,9990,9971.0,9992.0,0.0,0.0,0.0,-1,at_or_below_bid_touch,9982.0,9982.0,10035.0,9976.0,10035.0,9976.0,10035.5,9995.0,13.0,10004.0,22.0,10040.0,58.0,True,False,True,False,True,False,True,False,True,False,True,False,True,False,True,False,True,False,-2.0,61.0
661300,,,HYDROGEL_PACK,XIRECS,10011.0,6,1,10003.0,9995,10011,9992.0,10013.0,0.0,0.0,0.0,1,at_or_above_ask_touch,10003.0,9978.0,10027.0,9976.0,10035.0,9976.0,10035.5,10019.0,16.0,10006.0,3.0,10041.0,38.0,False,False,False,False,False,False,False,False,False,False,False,False,False,False,False,False,False,False,35.0,24.0
666100,,,HYDROGEL_PACK,XIRECS,10028.0,3,1,10020.0,10012,10028,10009.0,10030.0,0.0,0.0,0.0,1,at_or_above_ask_touch,10020.0,9978.0,10027.0,9976.0,10035.0,9976.0,10035.5,10012.0,-8.0,10009.0,-11.0,10051.0,31.0,False,True,False,True,False,True,False,False,False,False,False,False,False,False,False,False,False,False,52.0,7.0
669200,,,HYDROGEL_PACK,XIRECS,10027.0,4,1,10019.0,10011,10027,10008.0,10029.0,0.0,0.0,0.0,1,at_or_above_ask_touch,10019.0,9978.0,10027.0,9978.0,10035.0,9976.0,10035.5,10005.0,-14.0,9995.0,-24.0,10057.0,38.0,False,True,False,True,False,True,False,False,False,False,False,False,False,False,False,False,False,False,49.0,8.0
673800,,,HYDROGEL_PACK,XIRECS,10000.0,4,1,10008.0,10000,10016,9997.0,10018.0,0.0,0.0,0.0,-1,at_or_below_bid_touch,10008.0,9978.0,10027.0,9978.0,10035.0,9976.0,10035.5,9994.0,-14.0,9995.0,-13.0,10073.0,65.0,False,False,False,False,False,False,False,False,False,False,False,False,False,False,False,False,False,False,22.0,35.0
680800,,,HYDROGEL_PACK,XIRECS,9994.0,2,1,10002.0,9994,10010,9992.0,10013.0,0.0,0.0,0.0,-1,at_or_below_bid_touch,10002.0,9994.0,10027.0,9978.0,10035.0,9976.0,10035.5,9991.0,-11.0,10006.0,4.0,10065.0,63.0,True,False,True,False,True,False,False,False,False,False,False,False,False,False,False,False,False,False,16.0,41.0
681500,,,HYDROGEL_PACK,XIRECS,10005.0,5,1,9997.0,9989,10005,9987.0,10008.0,0.0,0.0,0.0,1,at_or_above_ask_touch,9997.0,9993.0,10027.0,9978.0,10035.0,9976.0,10035.5,9994.0,-3.0,10011.0,14.0,10055.0,58.0,False,False,False,False,False,False,False,False,False,False,False,False,False,False,False,False,False,False,27.0,30.0
684500,,,HYDROGEL_PACK,XIRECS,9989.0,2,1,9997.0,9989,10005,9986.0,10007.0,0.0,0.0,0.0,-1,at_or_below_bid_touch,9997.0,9993.0,10027.0,9978.0,10035.0,9976.0,10035.5,10000.0,3.0,10020.0,23.0,10033.0,36.0,True,False,True,False,True,False,False,False,False,False,False,False,False,False,False,False,False,False,11.0,46.0
690500,,,HYDROGEL_PACK,XIRECS,10013.0,5,1,10005.0,9997,10013,9995.0,10016.0,0.0,0.0,0.0,1,at_or_above_ask_touch,10005.0,9985.0,10016.0,9978.0,10034.0,9976.0,10035.5,10020.0,15.0,10044.0,39.0,10042.0,37.0,False,False,False,False,False,False,False,False,False,False,False,False,False,False,False,False,False,False,35.0,21.0
694900,,,HYDROGEL_PACK,XIRECS,10011.0,3,1,10019.0,10011,10027,10008.0,10030.0,0.0,0.0,0.0,-1,at_or_below_bid_touch,10019.0,9985.0,10021.0,9978.0,10027.0,9976.0,10035.5,10047.0,28.0,10044.5,25.5,10047.0,28.0,False,False,False,False,False,False,False,False,False,False,False,False,False,False,False,False,False,False,33.0,16.0
695200,,,HYDROGEL_PACK,XIRECS,10010.0,6,1,10018.0,10010,10026,10008.0,10029.0,0.0,0.0,0.0,-1,at_or_below_bid_touch,10018.0,9985.0,10021.0,9978.0,10027.0,9976.0,10035.5,10044.0,26.0,10056.0,38.0,10046.0,28.0,False,False,False,False,False,False,False,False,False,False,False,False,False,False,False,False,False,False,32.0,17.0
695900,,,HYDROGEL_PACK,XIRECS,10034.0,6,1,10026.0,10018,10034,10015.0,10036.0,0.0,0.0,0.0,1,at_or_above_ask_touch,10026.0,9985.0,10026.0,9978.0,10027.0,9976.0,10035.5,10040.0,14.0,10052.0,26.0,10051.0,25.0,False,True,False,True,False,True,False,True,False,True,False,True,False,False,False,False,False,True,56.0,-7.0
698300,,,HYDROGEL_PACK,XIRECS,10048.0,5,1,10040.0,10032,10048,10030.0,10051.0,0.0,0.0,0.0,1,at_or_above_ask_touch,10040.0,9985.0,10040.0,9978.0,10040.0,9976.0,10040.0,10040.0,0.0,10056.0,16.0,10050.0,10.0,False,True,False,True,False,True,False,True,False,True,False,True,False,True,False,True,False,True,70.0,-8.0
699100,,,HYDROGEL_PACK,XIRECS,10035.0,5,1,10043.0,10035,10051,10033.0,10054.0,0.0,0.0,0.0,-1,at_or_below_bid_touch,10043.0,9985.0,10043.0,9978.0,10043.0,9976.0,10043.0,10046.0,3.0,10049.0,6.0,10055.0,12.0,False,False,False,False,False,False,False,False,False,False,False,False,False,False,False,False,False,False,57.0,8.0
700400,,,HYDROGEL_PACK,XIRECS,10052.0,5,1,10044.0,10036,10052,10033.0,10054.0,0.0,0.0,0.0,1,at_or_above_ask_touch,10044.0,9985.0,10050.5,9978.0,10050.5,9976.0,10050.5,10054.0,10.0,10041.0,-3.0,10051.0,7.0,False,True,False,True,False,True,False,True,False,True,False,True,False,True,False,True,False,True,74.0,-1.5
701200,,,HYDROGEL_PACK,XIRECS,10052.0,5,1,10044.0,10036,10052,10034.0,10055.0,0.0,0.0,0.0,1,at_or_above_ask_touch,10044.0,9985.0,10050.5,9978.0,10050.5,9976.0,10050.5,10052.0,8.0,10041.0,-3.0,10052.0,8.0,False,True,False,True,False,True,False,True,False,True,False,True,False,True,False,True,False,True,74.0,-1.5
701500,,,HYDROGEL_PACK,XIRECS,10054.0,3,1,10046.0,10038,10054,10035.0,10056.0,0.0,0.0,0.0,1,at_or_above_ask_touch,10046.0,9985.0,10050.5,9978.0,10050.5,9976.0,10050.5,10045.0,-1.0,10039.0,-7.0,10051.0,5.0,False,True,False,True,False,True,False,True,False,True,False,True,False,True,False,True,False,True,76.0,-3.5
703000,,,HYDROGEL_PACK,XIRECS,10027.0,3,1,10035.0,10027,10043,10024.0,10045.0,0.0,0.0,0.0,-1,at_or_below_bid_touch,10035.0,9985.0,10050.5,9978.0,10050.5,9976.0,10050.5,10054.0,19.0,10044.0,9.0,10060.0,25.0,False,False,False,False,False,False,False,False,False,False,False,False,False,False,False,False,False,False,49.0,23.5
707100,,,HYDROGEL_PACK,XIRECS,10056.0,3,1,10048.0,10040,10056,10037.0,10058.0,0.0,0.0,0.0,1,at_or_above_ask_touch,10048.0,9985.0,10056.0,9985.0,10056.0,9976.0,10056.0,10044.0,-4.0,10054.0,6.0,10073.0,25.0,False,True,False,True,False,True,False,True,False,True,False,True,False,True,False,True,False,True,71.0,0.0
716700,,,HYDROGEL_PACK,XIRECS,10059.0,3,1,10051.0,10043,10059,10040.0,10061.0,0.0,0.0,0.0,1,at_or_above_ask_touch,10051.0,10029.0,10058.0,9985.0,10058.0,9978.0,10058.0,10071.5,20.5,10067.0,16.0,10058.0,7.0,False,True,False,True,False,True,False,True,False,True,False,True,False,True,False,True,False,True,74.0,-1.0
724400,,,HYDROGEL_PACK,XIRECS,10065.0,5,1,10073.0,10065,10081,10063.0,10084.0,0.0,0.0,0.0,-1,at_or_below_bid_touch,10073.0,10037.0,10079.0,9985.0,10079.0,9978.0,10079.0,10061.0,-12.0,10033.0,-40.0,10065.0,-8.0,False,False,False,False,False,False,False,False,False,False,False,False,False,False,False,False,False,False,80.0,14.0
725800,,,HYDROGEL_PACK,XIRECS,10068.0,6,1,10076.5,10068,10085,10066.0,10087.0,0.0,0.0,0.0,-1,at_or_below_bid_touch,10076.5,10037.0,10079.0,9985.0,10079.0,9978.0,10079.0,10065.0,-11.5,10050.5,-26.0,10064.0,-12.5,False,False,False,False,False,False,False,False,False,False,False,False,False,False,False,False,False,False,83.0,11.0
726700,,,HYDROGEL_PACK,XIRECS,10075.0,3,1,10067.0,10059,10075,10056.0,10077.0,0.0,0.0,0.0,1,at_or_above_ask_touch,10067.0,10037.0,10079.0,9985.0,10079.0,9978.0,10079.0,10056.0,-11.0,10042.0,-25.0,10065.0,-2.0,False,False,False,False,False,False,False,False,False,False,False,False,False,False,False,False,False,False,90.0,4.0
727900,,,HYDROGEL_PACK,XIRECS,10075.0,4,1,10066.5,10058,10075,10056.0,10077.0,0.0,0.0,0.0,1,at_or_above_ask_touch,10066.5,10037.0,10079.0,9985.0,10079.0,9978.0,10079.0,10041.5,-25.0,10045.0,-21.5,10064.5,-2.0,False,False,False,False,False,False,False,False,False,False,False,False,False,False,False,False,False,False,90.0,4.0
729700,,,HYDROGEL_PACK,XIRECS,10072.0,3,1,10064.0,10056,10072,10054.0,10075.0,0.0,0.0,0.0,1,at_or_above_ask_touch,10064.0,10037.0,10079.0,9985.0,10079.0,9978.0,10079.0,10039.0,-25.0,10044.0,-20.0,10067.5,3.5,False,False,False,False,False,False,False,False,False,False,False,False,False,False,False,False,False,False,87.0,7.0
730800,,,HYDROGEL_PACK,XIRECS,10057.0,6,1,10065.0,10057,10073,10054.0,10075.0,0.0,0.0,0.0,-1,at_or_below_bid_touch,10065.0,10037.0,10079.0,9985.0,10079.0,9978.0,10079.0,10050.5,-14.5,10041.5,-23.5,10074.0,9.0,False,False,False,False,False,False,False,False,False,False,False,False,False,False,False,False,False,False,72.0,22.0
731000,,,HYDROGEL_PACK,XIRECS,10074.0,4,1,10066.0,10058,10074,10055.0,10076.0,0.0,0.0,0.0,1,at_or_above_ask_touch,10066.0,10037.0,10079.0,9985.0,10079.0,9978.0,10079.0,10048.0,-18.0,10041.0,-25.0,10076.0,10.0,False,False,False,False,False,False,False,False,False,False,False,False,False,False,False,False,False,False,89.0,5.0
732700,,,HYDROGEL_PACK,XIRECS,10035.0,2,1,10043.0,10035,10051,10032.0,10053.0,0.0,0.0,0.0,-1,at_or_below_bid_touch,10043.0,10037.0,10079.0,9985.0,10079.0,9978.0,10079.0,10040.0,-3.0,10044.0,1.0,10066.5,23.5,True,False,True,False,True,False,False,False,False,False,False,False,False,False,False,False,False,False,50.0,44.0
741200,,,HYDROGEL_PACK,XIRECS,10052.0,2,1,10044.0,10036,10052,10033.0,10054.0,0.0,0.0,0.0,1,at_or_above_ask_touch,10044.0,10029.0,10079.0,10007.0,10079.0,9978.0,10079.0,10054.0,10.0,10052.0,8.0,10059.0,15.0,False,False,False,False,False,False,False,False,False,False,False,False,False,False,False,False,False,False,45.0,27.0
742700,,,HYDROGEL_PACK,XIRECS,10052.0,2,1,10044.0,10036,10052,10034.0,10055.0,0.0,0.0,0.0,1,at_or_above_ask_touch,10044.0,10029.0,10078.0,10010.0,10079.0,9978.0,10079.0,10052.0,8.0,10060.0,16.0,10042.0,-2.0,False,False,False,False,False,False,False,False,False,False,False,False,False,False,False,False,False,False,42.0,27.0
745000,,,HYDROGEL_PACK,XIRECS,10036.0,6,1,10044.0,10036,10052,10033.0,10054.0,0.0,0.0,0.0,-1,at_or_below_bid_touch,10044.0,10029.0,10077.0,10018.0,10079.0,9978.0,10079.0,10053.5,9.5,10066.0,22.0,10037.0,-7.0,False,False,False,False,False,False,False,False,False,False,False,False,False,False,False,False,False,False,18.0,43.0
749800,,,HYDROGEL_PACK,XIRECS,10044.0,2,1,10052.0,10044,10060,10042.0,10063.0,0.0,0.0,0.0,-1,at_or_below_bid_touch,10052.0,10029.0,10068.0,10029.0,10079.0,9978.0,10079.0,10063.0,11.0,10060.0,8.0,10019.0,-33.0,False,False,False,False,False,False,False,False,False,False,False,False,False,False,False,False,False,False,15.0,35.0
756600,,,HYDROGEL_PACK,XIRECS,10062.0,6,1,10070.0,10062,10078,10059.0,10080.0,0.0,0.0,0.0,-1,at_or_below_bid_touch,10070.0,10038.0,10070.0,10029.0,10079.0,9983.0,10079.0,10052.0,-18.0,10056.0,-14.0,10010.0,-60.0,False,False,False,False,False,False,False,False,False,False,False,False,False,False,False,False,False,False,33.0,17.0
759100,,,HYDROGEL_PACK,XIRECS,10073.0,5,1,10065.0,10057,10073,10054.0,10075.0,0.0,0.0,0.0,1,at_or_above_ask_touch,10065.0,10041.0,10074.0,10029.0,10079.0,9985.0,10079.0,10059.5,-5.5,10065.0,0.0,10021.0,-44.0,False,False,False,True,False,True,False,False,False,False,False,False,False,False,False,False,False,False,44.0,6.0
760900,,,HYDROGEL_PACK,XIRECS,10055.0,2,1,10047.0,10039,10055,10036.0,10057.0,0.0,0.0,0.0,1,at_or_above_ask_touch,10047.0,10041.0,10074.0,10029.0,10079.0,9985.0,10079.0,10058.0,11.0,10070.0,23.0,10007.0,-40.0,False,False,False,False,False,False,False,False,False,False,False,False,False,False,False,False,False,False,26.0,24.0
765800,,,HYDROGEL_PACK,XIRECS,10048.0,3,1,10056.0,10048,10064,10046.0,10067.0,0.0,0.0,0.0,-1,at_or_below_bid_touch,10056.0,10045.0,10074.0,10029.0,10079.0,9985.0,10079.0,10069.0,13.0,10064.0,8.0,10001.0,-55.0,False,False,False,False,False,False,False,False,False,False,False,False,False,False,False,False,False,False,19.0,31.0
767100,,,HYDROGEL_PACK,XIRECS,10063.0,4,1,10055.0,10047,10063,10044.0,10066.0,0.0,0.0,0.0,1,at_or_above_ask_touch,10055.0,10045.0,10074.0,10029.0,10079.0,9985.0,10079.0,10071.0,16.0,10066.0,11.0,10005.0,-50.0,False,False,False,False,False,False,False,False,False,False,False,False,False,False,False,False,False,False,34.0,16.0
768100,,,HYDROGEL_PACK,XIRECS,10056.0,4,1,10064.0,10056,10072,10053.0,10074.0,0.0,0.0,0.0,-1,at_or_below_bid_touch,10064.0,10045.0,10074.0,10029.0,10079.0,9985.0,10079.0,10078.0,14.0,10060.0,-4.0,10005.0,-59.0,False,False,False,False,False,False,False,False,False,False,False,False,False,False,False,False,False,False,27.0,23.0
768200,,,HYDROGEL_PACK,XIRECS,10056.0,3,1,10064.0,10056,10072,10053.0,10074.0,0.0,0.0,0.0,-1,at_or_below_bid_touch,10064.0,10045.0,10074.0,10029.0,10079.0,9985.0,10079.0,10075.0,11.0,10063.0,-1.0,10007.0,-57.0,False,False,False,False,False,False,False,False,False,False,False,False,False,False,False,False,False,False,27.0,23.0
768800,,,HYDROGEL_PACK,XIRECS,10071.0,5,1,10063.0,10055,10071,10053.0,10074.0,0.0,0.0,0.0,1,at_or_above_ask_touch,10063.0,10045.0,10074.0,10029.0,10079.0,9985.0,10079.0,10067.0,4.0,10069.0,6.0,10006.0,-57.0,False,False,False,False,False,False,False,False,False,False,False,False,False,False,False,False,False,False,42.0,8.0
772000,,,HYDROGEL_PACK,XIRECS,10082.0,6,1,10074.0,10066,10082,10064.0,10085.0,0.0,0.0,0.0,1,at_or_above_ask_touch,10074.0,10045.0,10074.0,10029.0,10079.0,9985.0,10079.0,10068.0,-6.0,10067.0,-7.0,9997.0,-77.0,False,True,False,True,False,True,False,True,False,True,False,True,False,True,False,True,False,True,53.0,-3.0
775100,,,HYDROGEL_PACK,XIRECS,10056.0,5,1,10064.0,10056,10072,10054.0,10075.0,0.0,0.0,0.0,-1,at_or_below_bid_touch,10064.0,10045.0,10078.0,10029.0,10078.0,9985.0,10079.0,10071.0,7.0,10065.0,1.0,10018.0,-46.0,False,False,False,False,False,False,False,False,False,False,False,False,False,False,False,False,False,False,27.0,22.0
782100,,,HYDROGEL_PACK,XIRECS,10078.0,6,1,10070.0,10062,10078,10060.0,10081.0,0.0,0.0,0.0,1,at_or_above_ask_touch,10070.0,10045.0,10078.0,10029.0,10078.0,9985.0,10079.0,10059.0,-11.0,10045.0,-25.0,10019.0,-51.0,False,True,False,True,False,True,False,True,False,True,False,True,False,False,False,True,False,True,49.0,0.0
782500,,,HYDROGEL_PACK,XIRECS,10072.0,6,1,10064.0,10056,10072,10053.0,10074.0,0.0,0.0,0.0,1,at_or_above_ask_touch,10064.0,10046.0,10078.0,10029.0,10078.0,9985.0,10079.0,10055.0,-9.0,10043.0,-21.0,10016.0,-48.0,False,False,False,False,False,False,False,False,False,False,False,False,False,False,False,False,False,False,43.0,6.0
782700,,,HYDROGEL_PACK,XIRECS,10075.0,6,1,10066.5,10058,10075,10056.0,10077.0,0.0,0.0,0.0,1,at_or_above_ask_touch,10066.5,10049.0,10078.0,10029.0,10078.0,9985.0,10079.0,10053.0,-13.5,10042.0,-24.5,10018.0,-48.5,False,False,False,False,False,False,False,False,False,False,False,False,False,False,False,False,False,False,46.0,3.0
784400,,,HYDROGEL_PACK,XIRECS,10072.0,6,1,10064.0,10056,10072,10053.0,10075.0,0.0,0.0,0.0,1,at_or_above_ask_touch,10064.0,10049.0,10078.0,10033.0,10078.0,9985.0,10079.0,10056.0,-8.0,10037.0,-27.0,10038.0,-26.0,False,False,False,False,False,False,False,False,False,False,False,False,False,False,False,False,False,False,39.0,6.0
785200,,,HYDROGEL_PACK,XIRECS,10056.0,3,1,10064.0,10056,10072,10053.0,10075.0,0.0,0.0,0.0,-1,at_or_below_bid_touch,10064.0,10054.5,10078.0,10038.0,10078.0,9985.0,10079.0,10047.0,-17.0,10038.0,-26.0,10038.0,-26.0,False,False,False,False,True,False,False,False,False,False,False,False,False,False,False,False,False,False,18.0,22.0
785800,,,HYDROGEL_PACK,XIRECS,10056.0,3,1,10064.0,10056,10072,10054.0,10075.0,0.0,0.0,0.0,-1,at_or_below_bid_touch,10064.0,10054.5,10078.0,10038.0,10078.0,9985.0,10079.0,10059.0,-5.0,10042.0,-22.0,10042.0,-22.0,False,False,False,False,True,False,False,False,False,False,False,False,False,False,False,False,False,False,18.0,22.0
786700,,,HYDROGEL_PACK,XIRECS,10054.0,4,1,10062.0,10054,10070,10051.0,10072.0,0.0,0.0,0.0,-1,at_or_below_bid_touch,10062.0,10054.5,10078.0,10038.0,10078.0,9985.0,10079.0,10049.0,-13.0,10035.5,-26.5,10043.0,-19.0,True,False,True,False,True,False,False,False,False,False,False,False,False,False,False,False,False,False,16.0,24.0
790700,,,HYDROGEL_PACK,XIRECS,10063.0,2,1,10055.0,10047,10063,10045.0,10066.0,0.0,0.0,0.0,1,at_or_above_ask_touch,10055.0,10047.0,10078.0,10041.0,10078.0,10005.0,10079.0,10043.0,-12.0,10013.0,-42.0,10024.0,-31.0,False,False,False,False,False,False,False,False,False,False,False,False,False,False,False,False,False,False,22.0,15.0
792200,,,HYDROGEL_PACK,XIRECS,10052.0,4,1,10044.0,10036,10052,10033.0,10054.0,0.0,0.0,0.0,1,at_or_above_ask_touch,10044.0,10044.0,10078.0,10043.0,10078.0,10010.0,10079.0,10034.0,-10.0,10012.0,-32.0,10027.0,-17.0,False,False,False,False,False,False,False,False,False,False,False,False,False,False,False,False,False,False,9.0,26.0
797600,,,HYDROGEL_PACK,XIRECS,10024.0,4,1,10032.0,10024,10040,10022.0,10043.0,0.0,0.0,0.0,-1,at_or_below_bid_touch,10032.0,10032.0,10076.0,10032.0,10078.0,10029.0,10079.0,10013.0,-19.0,10010.0,-22.0,10038.5,6.5,True,False,True,False,True,False,True,False,True,False,True,False,True,False,True,False,True,False,-8.0,54.0
799500,,,HYDROGEL_PACK,XIRECS,10029.0,3,1,10021.0,10013,10029,10011.0,10032.0,0.0,0.0,0.0,1,at_or_above_ask_touch,10021.0,10021.0,10076.0,10021.0,10078.0,10021.0,10079.0,10013.0,-8.0,10011.0,-10.0,10037.0,16.0,False,False,False,False,False,False,False,False,False,False,False,False,False,False,False,False,False,False,8.0,49.0
800100,,,HYDROGEL_PACK,XIRECS,10012.0,5,1,10020.0,10012,10028,10009.0,10030.0,0.0,0.0,0.0,-1,at_or_below_bid_touch,10020.0,10015.5,10076.0,10015.5,10078.0,10015.5,10079.0,10008.0,-12.0,10009.0,-11.0,10039.0,19.0,True,False,True,False,True,False,True,False,True,False,True,False,True,False,True,False,True,False,-3.5,66.0
800600,,,HYDROGEL_PACK,XIRECS,10024.0,5,1,10016.0,10008,10024,10005.0,10026.0,0.0,0.0,0.0,1,at_or_above_ask_touch,10016.0,10013.0,10076.0,10013.0,10078.0,10013.0,10079.0,10002.0,-14.0,10007.0,-9.0,10041.0,25.0,False,False,False,False,False,False,False,False,False,False,False,False,False,False,False,False,False,False,11.0,54.0
803000,,,HYDROGEL_PACK,XIRECS,10019.0,2,1,10011.0,10003,10019,10000.0,10021.0,0.0,0.0,0.0,1,at_or_above_ask_touch,10011.0,10006.0,10074.0,10006.0,10078.0,10006.0,10079.0,10009.0,-2.0,10007.0,-4.0,10042.5,31.5,False,False,False,False,False,False,False,False,False,False,False,False,False,False,False,False,False,False,13.0,59.0
805300,,,HYDROGEL_PACK,XIRECS,9998.0,4,1,10006.0,9998,10014,9996.0,10017.0,0.0,0.0,0.0,-1,at_or_below_bid_touch,10006.0,10006.0,10068.0,10006.0,10078.0,10006.0,10079.0,10008.0,2.0,10000.0,-6.0,10045.0,39.0,True,False,True,False,True,False,True,False,True,False,True,False,True,False,True,False,True,False,-8.0,80.0
809700,,,HYDROGEL_PACK,XIRECS,10018.0,2,1,10010.0,10002,10018,10000.0,10021.0,0.0,0.0,0.0,1,at_or_above_ask_touch,10010.0,10002.0,10059.0,10002.0,10078.0,10002.0,10079.0,9993.0,-17.0,10008.0,-2.0,10078.0,68.0,False,False,False,False,False,False,False,False,False,False,False,False,False,False,False,False,False,False,16.0,60.0
810600,,,HYDROGEL_PACK,XIRECS,10015.0,2,1,10007.0,9999,10015,9997.0,10018.0,0.0,0.0,0.0,1,at_or_above_ask_touch,10007.0,10002.0,10059.0,10002.0,10078.0,10002.0,10079.0,10002.0,-5.0,10003.0,-4.0,10079.0,72.0,False,False,False,False,False,False,False,False,False,False,False,False,False,False,False,False,False,False,13.0,63.0
814500,,,HYDROGEL_PACK,XIRECS,9989.0,3,1,9997.0,9989,10005,9986.0,10007.0,0.0,0.0,0.0,-1,at_or_below_bid_touch,9997.0,9991.0,10045.5,9991.0,10078.0,9991.0,10079.0,10010.0,13.0,10017.0,20.0,10055.0,58.0,True,False,True,False,True,False,True,False,True,False,True,False,True,False,True,False,True,False,-2.0,89.0
815000,,,HYDROGEL_PACK,XIRECS,10004.0,3,1,9996.0,9988,10004,9986.0,10007.0,0.0,0.0,0.0,1,at_or_above_ask_touch,9996.0,9991.0,10045.5,9991.0,10078.0,9991.0,10079.0,10007.0,11.0,10019.0,23.0,10058.0,62.0,False,False,False,False,False,False,False,False,False,False,False,False,False,False,False,False,False,False,13.0,74.0
816800,,,HYDROGEL_PACK,XIRECS,9999.0,4,1,10007.0,9999,10015,9996.0,10017.0,0.0,0.0,0.0,-1,at_or_below_bid_touch,10007.0,9991.0,10036.0,9991.0,10078.0,9991.0,10079.0,9995.0,-12.0,10005.0,-2.0,10045.0,38.0,False,False,False,False,False,False,False,False,False,False,False,False,False,False,False,False,False,False,8.0,79.0
820600,,,HYDROGEL_PACK,XIRECS,10011.0,2,1,10003.0,9995,10011,9992.0,10013.0,0.0,0.0,0.0,1,at_or_above_ask_touch,10003.0,9991.0,10021.0,9991.0,10078.0,9991.0,10079.0,10011.0,8.0,10011.0,8.0,10044.0,41.0,False,False,False,False,False,False,False,False,False,False,False,False,False,False,False,False,False,False,20.0,67.0
821100,,,HYDROGEL_PACK,XIRECS,9993.0,4,1,10001.0,9993,10009,9991.0,10012.0,0.0,0.0,0.0,-1,at_or_below_bid_touch,10001.0,9991.0,10021.0,9991.0,10078.0,9991.0,10079.0,10004.0,3.0,10013.0,12.0,10037.0,36.0,False,False,False,False,True,False,False,False,False,False,True,False,False,False,False,False,True,False,2.0,85.0
833600,,,HYDROGEL_PACK,XIRECS,10025.0,2,1,10033.0,10025,10041,10023.0,10044.0,0.0,0.0,0.0,-1,at_or_below_bid_touch,10033.0,9991.0,10033.0,9991.0,10070.0,9991.0,10078.0,10024.0,-9.0,10029.0,-4.0,9988.5,-44.5,False,False,False,False,False,False,False,False,False,False,False,False,False,False,False,False,False,False,34.0,45.0
837000,,,HYDROGEL_PACK,XIRECS,10047.0,6,1,10039.0,10031,10047,10028.0,10049.0,0.0,0.0,0.0,1,at_or_above_ask_touch,10039.0,9995.0,10046.0,9991.0,10063.0,9991.0,10078.0,10025.0,-14.0,10027.0,-12.0,9996.0,-43.0,False,True,False,True,False,True,False,False,False,False,False,False,False,False,False,False,False,False,56.0,16.0
844200,,,HYDROGEL_PACK,XIRECS,10033.0,6,1,10025.0,10017,10033,10015.0,10036.0,0.0,0.0,0.0,1,at_or_above_ask_touch,10025.0,10003.0,10046.0,9991.0,10046.0,9991.0,10078.0,10032.0,7.0,10041.0,16.0,9989.0,-36.0,False,False,False,False,False,False,False,False,False,False,False,False,False,False,False,False,False,False,42.0,13.0
844800,,,HYDROGEL_PACK,XIRECS,10034.0,3,1,10026.0,10018,10034,10016.0,10037.0,0.0,0.0,0.0,1,at_or_above_ask_touch,10026.0,10003.0,10046.0,9991.0,10046.0,9991.0,10078.0,10037.0,11.0,10045.0,19.0,9982.0,-44.0,False,False,False,False,False,False,False,False,False,False,False,False,False,False,False,False,False,False,43.0,12.0
845500,,,HYDROGEL_PACK,XIRECS,10013.0,6,1,10021.0,10013,10029,10010.0,10031.0,0.0,0.0,0.0,-1,at_or_below_bid_touch,10021.0,10003.0,10046.0,9991.0,10046.0,9991.0,10078.0,10038.0,17.0,10050.0,29.0,9979.0,-42.0,False,False,False,False,False,False,False,False,False,False,False,False,False,False,False,False,False,False,22.0,33.0
847200,,,HYDROGEL_PACK,XIRECS,10022.0,5,1,10030.0,10022,10038,10020.0,10041.0,0.0,0.0,0.0,-1,at_or_below_bid_touch,10030.0,10004.0,10046.0,9991.0,10046.0,9991.0,10078.0,10044.0,14.0,10059.0,29.0,9991.0,-39.0,False,False,False,False,False,False,False,False,False,False,False,False,False,False,False,False,False,False,31.0,24.0
848400,,,HYDROGEL_PACK,XIRECS,10040.0,3,1,10032.0,10024,10040,10021.0,10042.0,0.0,0.0,0.0,1,at_or_above_ask_touch,10032.0,10005.5,10046.0,9991.0,10046.0,9991.0,10078.0,10040.0,8.0,10068.0,36.0,9995.0,-37.0,False,False,False,False,False,False,False,False,False,False,False,False,False,False,False,False,False,False,49.0,6.0
853500,,,HYDROGEL_PACK,XIRECS,10032.0,4,1,10040.0,10032,10048,10029.0,10050.0,0.0,0.0,0.0,-1,at_or_below_bid_touch,10040.0,10017.0,10046.0,9991.0,10046.0,9991.0,10078.0,10069.0,29.0,10046.0,6.0,10008.0,-32.0,False,False,False,False,False,False,False,False,False,False,False,False,False,False,False,False,False,False,41.0,14.0
853900,,,HYDROGEL_PACK,XIRECS,10047.0,6,1,10039.0,10031,10047,10028.0,10049.0,0.0,0.0,0.0,1,at_or_above_ask_touch,10039.0,10017.0,10046.0,9991.0,10046.0,9991.0,10078.0,10073.0,34.0,10049.0,10.0,10011.0,-28.0,False,True,False,True,False,True,False,True,False,True,False,True,False,False,False,False,False,False,56.0,-1.0
854900,,,HYDROGEL_PACK,XIRECS,10052.0,2,1,10043.5,10035,10052,10033.0,10054.0,0.0,0.0,0.0,1,at_or_above_ask_touch,10043.5,10017.0,10046.0,9991.0,10046.0,9991.0,10078.0,10076.0,32.5,10058.0,14.5,10013.0,-30.5,False,True,False,True,False,True,False,True,False,True,False,True,False,False,False,False,False,False,61.0,-6.0
860100,,,HYDROGEL_PACK,XIRECS,10086.0,2,1,10078.0,10070,10086,10067.0,10088.0,0.0,0.0,0.0,1,at_or_above_ask_touch,10078.0,10021.0,10079.0,9991.0,10079.0,9991.0,10079.0,10058.0,-20.0,10048.0,-30.0,10026.0,-52.0,False,True,False,True,False,True,False,True,False,True,False,True,False,True,False,True,False,True,95.0,-7.0
862900,,,HYDROGEL_PACK,XIRECS,10038.0,6,1,10041.5,10038,10045,10035.0,10056.0,0.0,-0.13513513513513514,0.0,-1,at_or_below_bid_touch,10041.5,10021.0,10079.0,9991.0,10079.0,9991.0,10079.0,10045.0,3.5,10021.0,-20.5,10034.0,-7.5,False,False,False,False,False,False,False,False,False,False,False,False,False,False,False,False,False,False,47.0,41.0
866300,,,HYDROGEL_PACK,XIRECS,10060.0,6,1,10052.0,10044,10060,10041.0,10062.0,0.0,0.0,0.0,1,at_or_above_ask_touch,10052.0,10024.0,10079.0,9995.0,10079.0,9991.0,10079.0,10036.0,-16.0,10012.0,-40.0,10032.0,-20.0,False,False,False,False,False,False,False,False,False,False,False,False,False,False,False,False,False,False,65.0,19.0
867100,,,HYDROGEL_PACK,XIRECS,10039.0,5,1,10047.0,10039,10055,10036.0,10057.0,0.0,0.0,0.0,-1,at_or_below_bid_touch,10047.0,10027.0,10079.0,9995.0,10079.0,9991.0,10079.0,10030.0,-17.0,10009.0,-38.0,10024.0,-23.0,False,False,False,False,False,False,False,False,False,False,False,False,False,False,False,False,False,False,44.0,40.0
870000,,,HYDROGEL_PACK,XIRECS,10058.0,3,1,10050.0,10042,10058,10039.0,10060.0,0.0,0.0,0.0,1,at_or_above_ask_touch,10050.0,10034.0,10079.0,9995.0,10079.0,9991.0,10079.0,10022.0,-28.0,9994.0,-56.0,10011.0,-39.0,False,False,False,False,False,False,False,False,False,False,False,False,False,False,False,False,False,False,63.0,21.0
871700,,,HYDROGEL_PACK,XIRECS,10027.0,5,1,10035.0,10027,10043,10024.0,10045.0,0.0,0.0,0.0,-1,at_or_below_bid_touch,10035.0,10035.0,10079.0,9995.0,10079.0,9991.0,10079.0,10012.0,-23.0,9994.0,-41.0,10016.0,-19.0,True,False,True,False,True,False,False,False,False,False,False,False,False,False,False,False,False,False,32.0,52.0
876000,,,HYDROGEL_PACK,XIRECS,10025.0,4,1,10017.0,10009,10025,10006.0,10027.0,0.0,0.0,0.0,1,at_or_above_ask_touch,10017.0,10017.0,10079.0,10003.0,10079.0,9991.0,10079.0,9992.0,-25.0,10000.0,-17.0,10003.0,-14.0,False,False,False,False,False,False,False,False,False,False,False,False,False,False,False,False,False,False,22.0,54.0
876400,,,HYDROGEL_PACK,XIRECS,10020.0,3,1,10012.0,10004,10020,10002.0,10023.0,0.0,0.0,0.0,1,at_or_above_ask_touch,10012.0,10012.0,10079.0,10003.0,10079.0,9991.0,10079.0,9993.5,-18.5,9997.0,-15.0,9999.0,-13.0,False,False,False,False,False,False,False,False,False,False,False,False,False,False,False,False,False,False,17.0,59.0
887200,,,HYDROGEL_PACK,XIRECS,10007.0,2,1,9999.0,9991,10007,9989.0,10010.0,0.0,0.0,0.0,1,at_or_above_ask_touch,9999.0,9988.0,10053.0,9988.0,10079.0,9988.0,10079.0,9990.0,-9.0,9991.0,-8.0,10006.0,7.0,False,False,False,False,False,False,False,False,False,False,False,False,False,False,False,False,False,False,19.0,72.0
892000,,,HYDROGEL_PACK,XIRECS,10000.0,6,1,9992.0,9984,10000,9981.0,10002.0,0.0,0.0,0.0,1,at_or_above_ask_touch,9992.0,9988.0,10030.0,9988.0,10079.0,9988.0,10079.0,9994.0,2.0,9999.0,7.0,10020.0,28.0,False,False,False,False,False,False,False,False,False,False,False,False,False,False,False,False,False,False,12.0,79.0
894300,,,HYDROGEL_PACK,XIRECS,9981.0,6,1,9988.5,9981,9996,9978.0,9999.0,0.0,0.0,0.0,-1,at_or_below_bid_touch,9988.5,9987.0,10026.0,9987.0,10079.0,9987.0,10079.0,9995.0,6.5,10010.0,21.5,10013.0,24.5,True,False,True,False,True,False,True,False,True,False,True,False,True,False,True,False,True,False,-6.0,98.0
898200,,,HYDROGEL_PACK,XIRECS,9995.0,4,1,9999.0,9995,10003,9985.0,10006.0,-0.5294117647058824,0.05714285714285714,0.0,-1,at_or_below_bid_touch,9999.0,9977.0,10014.0,9977.0,10079.0,9977.0,10079.0,10009.0,10.0,10015.0,16.0,10017.0,18.0,False,False,False,False,False,False,False,False,False,False,False,False,False,False,False,False,False,False,18.0,84.0
899200,,,HYDROGEL_PACK,XIRECS,10003.0,4,1,9995.0,9987,10003,9984.0,10005.0,0.0,0.0,0.0,1,at_or_above_ask_touch,9995.0,9977.0,10014.0,9977.0,10079.0,9977.0,10079.0,10012.0,17.0,10013.0,18.0,10015.0,20.0,False,False,False,False,False,False,False,False,False,False,False,False,False,False,False,False,False,False,26.0,76.0
901400,,,HYDROGEL_PACK,XIRECS,9989.0,4,1,9997.0,9989,10005,9986.0,10007.0,0.0,0.0,0.0,-1,at_or_below_bid_touch,9997.0,9977.0,10014.0,9977.0,10079.0,9977.0,10079.0,10019.0,22.0,10036.0,39.0,10032.0,35.0,False,False,False,False,False,False,False,False,False,False,False,False,False,False,False,False,False,False,12.0,90.0
901800,,,HYDROGEL_PACK,XIRECS,10011.0,2,1,10003.0,9995,10011,9992.0,10013.0,0.0,0.0,0.0,1,at_or_above_ask_touch,10003.0,9977.0,10014.0,9977.0,10079.0,9977.0,10079.0,10020.0,17.0,10040.0,37.0,10033.0,30.0,False,False,False,False,False,False,False,False,False,False,False,False,False,False,False,False,False,False,34.0,68.0
908700,,,HYDROGEL_PACK,XIRECS,10022.0,4,1,10014.0,10006,10022,10004.0,10025.0,0.0,0.0,0.0,1,at_or_above_ask_touch,10014.0,9977.0,10023.0,9977.0,10079.0,9977.0,10079.0,10034.0,20.0,10016.0,2.0,10017.0,3.0,False,False,False,True,False,True,False,False,False,False,False,False,False,False,False,False,False,False,45.0,57.0
909300,,,HYDROGEL_PACK,XIRECS,10024.0,5,1,10016.0,10008,10024,10006.0,10027.0,0.0,0.0,0.0,1,at_or_above_ask_touch,10016.0,9977.0,10023.0,9977.0,10079.0,9977.0,10079.0,10030.0,14.0,10013.0,-3.0,10019.0,3.0,False,True,False,True,False,True,False,False,False,False,False,False,False,False,False,False,False,False,47.0,55.0
912000,,,HYDROGEL_PACK,XIRECS,10030.0,6,1,10038.0,10030,10046,10027.0,10048.0,0.0,0.0,0.0,-1,at_or_below_bid_touch,10038.0,9977.0,10041.0,9977.0,10059.0,9977.0,10079.0,10024.0,-14.0,10006.0,-32.0,10027.0,-11.0,False,False,False,False,False,False,False,False,False,False,False,False,False,False,False,False,False,False,53.0,29.0
912600,,,HYDROGEL_PACK,XIRECS,10027.0,2,1,10035.0,10027,10043,10024.0,10045.0,0.0,0.0,0.0,-1,at_or_below_bid_touch,10035.0,9977.0,10041.0,9977.0,10059.0,9977.0,10079.0,10026.0,-9.0,10006.5,-28.5,10027.0,-8.0,False,False,False,False,False,False,False,False,False,False,False,False,False,False,False,False,False,False,50.0,32.0
914400,,,HYDROGEL_PACK,XIRECS,10039.0,4,1,10031.0,10023,10039,10020.0,10041.0,0.0,0.0,0.0,1,at_or_above_ask_touch,10031.0,9977.0,10041.0,9977.0,10059.0,9977.0,10079.0,10011.0,-20.0,10009.0,-22.0,10022.0,-9.0,False,False,False,False,False,True,False,False,False,False,False,False,False,False,False,False,False,False,62.0,20.0
914800,,,HYDROGEL_PACK,XIRECS,10039.0,4,1,10031.0,10023,10039,10021.0,10042.0,0.0,0.0,0.0,1,at_or_above_ask_touch,10031.0,9977.0,10041.0,9977.0,10058.0,9977.0,10079.0,10011.0,-20.0,10008.0,-23.0,10015.0,-16.0,False,False,False,False,False,True,False,False,False,False,False,False,False,False,False,False,False,False,62.0,19.0
917900,,,HYDROGEL_PACK,XIRECS,10034.0,3,1,10026.0,10018,10034,10015.0,10036.0,0.0,0.0,0.0,1,at_or_above_ask_touch,10026.0,9992.0,10041.0,9977.0,10053.0,9977.0,10079.0,10005.0,-21.0,9997.0,-29.0,9999.0,-27.0,False,False,False,False,False,False,False,False,False,False,False,False,False,False,False,False,False,False,57.0,19.0
918500,,,HYDROGEL_PACK,XIRECS,10009.0,6,1,10017.0,10009,10025,10007.0,10028.0,0.0,0.0,0.0,-1,at_or_below_bid_touch,10017.0,9992.0,10041.0,9977.0,10053.0,9977.0,10079.0,10008.0,-9.0,9997.0,-20.0,9998.0,-19.0,False,False,False,False,False,False,False,False,False,False,False,False,False,False,False,False,False,False,32.0,44.0
924500,,,HYDROGEL_PACK,XIRECS,10004.0,5,1,10012.0,10004,10020,10001.0,10022.0,0.0,0.0,0.0,-1,at_or_below_bid_touch,10012.0,10002.0,10041.0,9977.0,10041.0,9977.0,10079.0,9998.0,-14.0,10009.0,-3.0,10001.0,-11.0,False,False,False,False,True,False,False,False,False,False,False,False,False,False,False,False,False,False,27.0,37.0
925900,,,HYDROGEL_PACK,XIRECS,10014.0,6,1,10006.0,9998,10014,9995.0,10016.0,0.0,0.0,0.0,1,at_or_above_ask_touch,10006.0,10002.0,10041.0,9977.0,10041.0,9977.0,10079.0,10010.0,4.0,10007.0,1.0,9997.0,-9.0,False,False,False,False,False,False,False,False,False,False,False,False,False,False,False,False,False,False,37.0,27.0
928000,,,HYDROGEL_PACK,XIRECS,9992.0,2,1,10000.0,9992,10008,9990.0,10011.0,0.0,0.0,0.0,-1,at_or_below_bid_touch,10000.0,9995.0,10041.0,9977.0,10041.0,9977.0,10079.0,9992.0,-8.0,10010.0,10.0,9999.0,-1.0,True,False,True,False,True,False,False,False,False,False,False,False,False,False,False,False,False,False,15.0,49.0
928500,,,HYDROGEL_PACK,XIRECS,10005.0,6,1,9997.0,9989,10005,9986.0,10007.0,0.0,0.0,0.0,1,at_or_above_ask_touch,9997.0,9993.0,10041.0,9977.0,10041.0,9977.0,10079.0,10001.0,4.0,10004.0,7.0,10004.0,7.0,False,False,False,False,False,False,False,False,False,False,False,False,False,False,False,False,False,False,28.0,36.0
929300,,,HYDROGEL_PACK,XIRECS,10004.0,3,1,9996.0,9988,10004,9985.0,10006.0,0.0,0.0,0.0,1,at_or_above_ask_touch,9996.0,9993.0,10041.0,9977.0,10041.0,9977.0,10079.0,10005.0,9.0,9998.0,2.0,10008.0,12.0,False,False,False,False,False,False,False,False,False,False,False,False,False,False,False,False,False,False,27.0,37.0
929500,,,HYDROGEL_PACK,XIRECS,10006.0,6,1,9998.0,9990,10006,9987.0,10008.0,0.0,0.0,0.0,1,at_or_above_ask_touch,9998.0,9993.0,10041.0,9977.0,10041.0,9977.0,10079.0,10009.0,11.0,9997.0,-1.0,10009.0,11.0,False,False,False,False,False,False,False,False,False,False,False,False,False,False,False,False,False,False,29.0,35.0
929800,,,HYDROGEL_PACK,XIRECS,9993.0,3,1,10001.0,9993,10009,9990.0,10011.0,0.0,0.0,0.0,-1,at_or_below_bid_touch,10001.0,9993.0,10041.0,9977.0,10041.0,9977.0,10079.0,10010.0,9.0,9998.5,-2.5,10013.0,12.0,True,False,True,False,True,False,False,False,False,False,False,False,False,False,False,False,False,False,16.0,48.0
930800,,,HYDROGEL_PACK,XIRECS,10016.0,6,1,10008.0,10000,10016,9997.0,10018.0,0.0,0.0,0.0,1,at_or_above_ask_touch,10008.0,9993.0,10041.0,9977.0,10041.0,9977.0,10079.0,10005.0,-3.0,10014.0,6.0,10010.0,2.0,False,False,False,False,False,False,False,False,False,False,False,False,False,False,False,False,False,False,39.0,25.0
932100,,,HYDROGEL_PACK,XIRECS,9991.0,3,1,9999.0,9991,10007,9989.0,10010.0,0.0,0.0,0.0,-1,at_or_below_bid_touch,9999.0,9993.0,10038.0,9977.0,10041.0,9977.0,10079.0,10007.0,8.0,10016.0,17.0,10007.0,8.0,True,False,True,False,True,False,False,False,False,False,False,False,False,False,False,False,False,False,14.0,50.0
934300,,,HYDROGEL_PACK,XIRECS,9997.0,3,1,10005.0,9997,10013,9995.0,10016.0,0.0,0.0,0.0,-1,at_or_below_bid_touch,10005.0,9989.0,10034.0,9977.0,10041.0,9977.0,10079.0,9998.0,-7.0,10013.0,8.0,10015.0,10.0,False,False,False,False,False,False,False,False,False,False,False,False,False,False,False,False,False,False,20.0,44.0
936400,,,HYDROGEL_PACK,XIRECS,10006.0,3,1,10002.5,9999,10006,9996.0,10017.0,0.5294117647058824,-0.05714285714285714,0.0,1,at_or_above_ask_touch,10002.5,9989.0,10033.5,9977.0,10041.0,9977.0,10079.0,10019.0,16.5,10014.0,11.5,10031.0,28.5,False,False,False,False,False,False,False,False,False,False,False,False,False,False,False,False,False,False,29.0,35.0
936500,,,HYDROGEL_PACK,XIRECS,9997.0,6,1,10005.0,9997,10013,9995.0,10016.0,0.0,0.0,0.0,-1,at_or_below_bid_touch,10005.0,9989.0,10032.0,9977.0,10041.0,9977.0,10079.0,10018.0,13.0,10015.0,10.0,10031.0,26.0,False,False,False,False,False,False,False,False,False,False,False,False,False,False,False,False,False,False,20.0,44.0
936700,,,HYDROGEL_PACK,XIRECS,9998.0,3,1,10006.0,9998,10014,9995.0,10016.0,0.0,0.0,0.0,-1,at_or_below_bid_touch,10006.0,9989.0,10029.0,9977.0,10041.0,9977.0,10079.0,10021.0,15.0,10009.0,3.0,10031.0,25.0,False,False,False,False,False,False,False,False,False,False,False,False,False,False,False,False,False,False,21.0,43.0
938900,,,HYDROGEL_PACK,XIRECS,10006.0,6,1,9998.0,9990,10006,9987.0,10008.0,0.0,0.0,0.0,1,at_or_above_ask_touch,9998.0,9989.0,10019.0,9977.0,10041.0,9977.0,10079.0,10008.0,10.0,10018.0,20.0,10027.0,29.0,False,False,False,False,False,False,False,False,False,False,False,False,False,False,False,False,False,False,29.0,35.0
946400,,,HYDROGEL_PACK,XIRECS,10022.0,3,1,10014.0,10006,10022,10004.0,10025.0,0.0,0.0,0.0,1,at_or_above_ask_touch,10014.0,9989.0,10022.0,9986.0,10041.0,9977.0,10079.0,10032.0,18.0,10012.0,-2.0,10017.0,3.0,False,True,False,True,False,True,False,False,False,False,False,False,False,False,False,False,False,False,36.0,19.0
950000,,,HYDROGEL_PACK,XIRECS,10041.0,2,1,10033.0,10025,10041,10023.0,10044.0,0.0,0.0,0.0,1,at_or_above_ask_touch,10033.0,9989.0,10033.0,9989.0,10041.0,9977.0,10079.0,10012.0,-21.0,10022.0,-11.0,,,False,True,False,True,False,True,False,True,False,True,False,True,False,False,False,False,False,False,52.0,0.0
950300,,,HYDROGEL_PACK,XIRECS,10021.0,5,1,10029.0,10021,10037,10019.0,10040.0,0.0,0.0,0.0,-1,at_or_below_bid_touch,10029.0,9989.0,10033.0,9989.0,10041.0,9977.0,10079.0,10006.0,-23.0,10027.0,-2.0,,,False,False,False,False,False,False,False,False,False,False,False,False,False,False,False,False,False,False,32.0,20.0
950700,,,HYDROGEL_PACK,XIRECS,10036.0,5,1,10028.0,10020,10036,10018.0,10039.0,0.0,0.0,0.0,1,at_or_above_ask_touch,10028.0,9989.0,10033.0,9989.0,10041.0,9977.0,10079.0,10008.0,-20.0,10032.0,4.0,,,False,True,False,True,False,True,False,False,False,False,False,False,False,False,False,False,False,False,47.0,5.0
953700,,,HYDROGEL_PACK,XIRECS,10035.0,5,1,10027.0,10019,10035,10017.0,10038.0,0.0,0.0,0.0,1,at_or_above_ask_touch,10027.0,9997.0,10037.0,9989.0,10041.0,9977.0,10079.0,10017.0,-10.0,10028.0,1.0,,,False,False,False,False,False,True,False,False,False,False,False,False,False,False,False,False,False,False,46.0,6.0
953800,,,HYDROGEL_PACK,XIRECS,10033.0,6,1,10025.0,10017,10033,10014.0,10036.0,0.0,0.0,0.0,1,at_or_above_ask_touch,10025.0,9997.0,10037.0,9989.0,10041.0,9977.0,10079.0,10018.0,-7.0,10029.0,4.0,,,False,False,False,False,False,False,False,False,False,False,False,False,False,False,False,False,False,False,44.0,8.0
957800,,,HYDROGEL_PACK,XIRECS,9997.0,6,1,10005.0,9997,10013,9995.0,10016.0,0.0,0.0,0.0,-1,at_or_below_bid_touch,10005.0,9997.0,10037.0,9989.0,10041.0,9977.0,10079.0,10032.5,27.5,10002.0,-3.0,,,True,False,True,False,True,False,False,False,False,False,False,False,False,False,False,False,False,False,8.0,44.0
960800,,,HYDROGEL_PACK,XIRECS,10041.0,2,1,10033.0,10025,10041,10022.0,10043.0,0.0,0.0,0.0,1,at_or_above_ask_touch,10033.0,10003.0,10037.0,9989.0,10041.0,9977.0,10074.5,10013.0,-20.0,9984.0,-49.0,,,False,True,False,True,False,True,False,True,False,True,False,True,False,False,False,False,False,False,52.0,0.0
963900,,,HYDROGEL_PACK,XIRECS,10040.0,6,1,10032.0,10024,10040,10021.0,10042.0,0.0,0.0,0.0,1,at_or_above_ask_touch,10032.0,10003.0,10037.0,9989.0,10037.0,9977.0,10059.0,9996.0,-36.0,10002.0,-30.0,,,False,True,False,True,False,True,False,True,False,True,False,True,False,False,False,False,False,False,51.0,-3.0
964000,,,HYDROGEL_PACK,XIRECS,10020.0,3,1,10028.0,10020,10036,10018.0,10039.0,0.0,0.0,0.0,-1,at_or_below_bid_touch,10028.0,10003.0,10037.0,9989.0,10037.0,9977.0,10059.0,9996.0,-32.0,10003.0,-25.0,,,False,False,False,False,False,False,False,False,False,False,False,False,False,False,False,False,False,False,31.0,17.0
964700,,,HYDROGEL_PACK,XIRECS,10008.0,4,1,10016.0,10008,10024,10005.0,10026.0,0.0,0.0,0.0,-1,at_or_below_bid_touch,10016.0,10003.0,10037.0,9989.0,10037.0,9977.0,10058.0,9988.0,-28.0,10002.0,-14.0,,,False,False,False,False,False,False,False,False,False,False,False,False,False,False,False,False,False,False,19.0,29.0
966900,,,HYDROGEL_PACK,XIRECS,10019.0,2,1,10011.0,10003,10019,10000.0,10021.0,0.0,0.0,0.0,1,at_or_above_ask_touch,10011.0,10003.0,10037.0,9989.0,10037.0,9977.0,10053.0,9990.0,-21.0,9993.0,-18.0,,,False,False,False,False,False,False,False,False,False,False,False,False,False,False,False,False,False,False,30.0,18.0
970500,,,HYDROGEL_PACK,XIRECS,9981.0,3,1,9989.0,9981,9997,9978.0,9999.0,0.0,0.0,0.0,-1,at_or_below_bid_touch,9989.0,9986.0,10037.0,9986.0,10037.0,9977.0,10044.0,9993.0,4.0,10014.0,25.0,,,True,False,True,False,True,False,True,False,True,False,True,False,False,False,False,False,False,False,-5.0,56.0
971900,,,HYDROGEL_PACK,XIRECS,9998.0,3,1,9990.0,9982,9998,9979.0,10000.0,0.0,0.0,0.0,1,at_or_above_ask_touch,9990.0,9984.0,10037.0,9984.0,10037.0,9977.0,10041.0,9993.0,3.0,10009.0,19.0,,,False,False,False,False,False,False,False,False,False,False,False,False,False,False,False,False,False,False,14.0,39.0
977600,,,HYDROGEL_PACK,XIRECS,9986.0,2,1,9994.0,9986,10002,9984.0,10005.0,0.0,0.0,0.0,-1,at_or_below_bid_touch,9994.0,9984.0,10033.0,9984.0,10037.0,9977.0,10041.0,10005.0,11.0,10028.0,34.0,,,False,False,False,False,True,False,False,False,False,False,True,False,False,False,False,False,False,False,2.0,51.0
979200,,,HYDROGEL_PACK,XIRECS,9999.0,2,1,10007.0,9999,10015,9997.0,10018.0,0.0,0.0,0.0,-1,at_or_below_bid_touch,10007.0,9984.0,10033.0,9984.0,10037.0,9977.0,10041.0,10014.0,7.0,10026.0,19.0,,,False,False,False,False,False,False,False,False,False,False,False,False,False,False,False,False,False,False,15.0,38.0
982900,,,HYDROGEL_PACK,XIRECS,9998.0,6,1,10006.5,9998,10015,9996.0,10017.0,0.0,0.0,0.0,-1,at_or_below_bid_touch,10006.5,9984.0,10032.0,9984.0,10037.0,9977.0,10041.0,10024.0,17.5,10025.0,18.5,,,False,False,False,False,False,False,False,False,False,False,False,False,False,False,False,False,False,False,14.0,39.0
985400,,,HYDROGEL_PACK,XIRECS,10024.0,4,1,10016.0,10008,10024,10006.0,10027.0,0.0,0.0,0.0,1,at_or_above_ask_touch,10016.0,9984.0,10018.0,9984.0,10037.0,9977.0,10041.0,10027.0,11.0,10018.0,2.0,,,False,True,False,True,False,True,False,False,False,False,False,False,False,False,False,False,False,False,40.0,13.0
985800,,,HYDROGEL_PACK,XIRECS,10029.0,4,1,10021.0,10013,10029,10011.0,10032.0,0.0,0.0,0.0,1,at_or_above_ask_touch,10021.0,9984.0,10021.0,9984.0,10037.0,9977.0,10041.0,10028.0,7.0,10021.5,0.5,,,False,True,False,True,False,True,False,False,False,False,False,False,False,False,False,False,False,False,45.0,8.0
988000,,,HYDROGEL_PACK,XIRECS,10016.0,4,1,10024.0,10016,10032,10013.0,10034.0,0.0,0.0,0.0,-1,at_or_below_bid_touch,10024.0,9984.0,10032.0,9984.0,10037.0,9977.0,10041.0,10026.5,2.5,10015.0,-9.0,,,False,False,False,False,False,False,False,False,False,False,False,False,False,False,False,False,False,False,32.0,21.0
988400,,,HYDROGEL_PACK,XIRECS,10016.0,6,1,10024.0,10016,10032,10014.0,10035.0,0.0,0.0,0.0,-1,at_or_below_bid_touch,10024.0,9984.0,10032.0,9984.0,10037.0,9977.0,10041.0,10034.0,10.0,10018.0,-6.0,,,False,False,False,False,False,False,False,False,False,False,False,False,False,False,False,False,False,False,32.0,21.0
989000,,,HYDROGEL_PACK,XIRECS,10017.0,4,1,10025.0,10017,10033,10014.0,10035.0,0.0,0.0,0.0,-1,at_or_below_bid_touch,10025.0,9984.0,10032.0,9984.0,10037.0,9977.0,10041.0,10026.0,1.0,10013.0,-12.0,,,False,False,False,False,False,False,False,False,False,False,False,False,False,False,False,False,False,False,33.0,20.0
10200,,,HYDROGEL_PACK,XIRECS,10017.0,6,2,10025.0,10017,10033,10015.0,10036.0,0.0,0.0,0.0,-1,at_or_below_bid_touch,10025.0,10010.0,10031.0,10010.0,10031.0,10010.0,10031.0,10025.0,0.0,10013.0,-12.0,9964.0,-61.0,False,False,False,False,False,False,False,False,False,False,False,False,False,False,False,False,False,False,7.0,14.0
11200,,,HYDROGEL_PACK,XIRECS,10030.0,4,2,10022.0,10014,10030,10011.0,10032.0,0.0,0.0,0.0,1,at_or_above_ask_touch,10022.0,10010.0,10031.0,10010.0,10031.0,10010.0,10031.0,10028.0,6.0,10007.0,-15.0,9964.0,-58.0,False,False,False,True,False,True,False,False,False,True,False,True,False,False,False,True,False,True,20.0,1.0
15700,,,HYDROGEL_PACK,XIRECS,10035.0,2,2,10027.0,10019,10035,10016.0,10037.0,0.0,0.0,0.0,1,at_or_above_ask_touch,10027.0,10009.0,10031.0,10009.0,10031.0,10009.0,10031.0,10007.0,-20.0,9984.0,-43.0,9985.0,-42.0,False,True,False,True,False,True,False,True,False,True,False,True,False,True,False,True,False,True,26.0,-4.0
19100,,,HYDROGEL_PACK,XIRECS,10020.0,6,2,10012.0,10004,10020,10002.0,10023.0,0.0,0.0,0.0,1,at_or_above_ask_touch,10012.0,10009.0,10031.0,10009.0,10031.0,10009.0,10031.0,9999.0,-13.0,10000.0,-12.0,9993.0,-19.0,False,False,False,False,False,False,False,False,False,False,False,False,False,False,False,False,False,False,11.0,11.0
29200,,,HYDROGEL_PACK,XIRECS,9993.0,4,2,10001.0,9993,10009,9991.0,10012.0,0.0,0.0,0.0,-1,at_or_below_bid_touch,10001.0,9983.5,10029.0,9983.5,10031.0,9983.5,10031.0,10008.0,7.0,9987.0,-14.0,9951.0,-50.0,False,False,False,False,False,False,False,False,False,False,False,False,False,False,False,False,False,False,9.5,38.0
41100,,,HYDROGEL_PACK,XIRECS,9998.0,6,2,9990.0,9982,9998,9979.0,10000.0,0.0,0.0,0.0,1,at_or_above_ask_touch,9990.0,9983.0,10012.0,9983.0,10031.0,9983.0,10031.0,9980.0,-10.0,9946.0,-44.0,9915.0,-75.0,False,False,False,False,False,False,False,False,False,False,False,False,False,False,False,False,False,False,15.0,33.0
44000,,,HYDROGEL_PACK,XIRECS,9978.0,4,2,9986.0,9978,9994,9976.0,9997.0,0.0,0.0,0.0,-1,at_or_below_bid_touch,9986.0,9983.0,10011.0,9983.0,10031.0,9983.0,10031.0,9957.0,-29.0,9942.0,-44.0,9927.0,-59.0,True,False,True,False,True,False,True,False,True,False,True,False,True,False,True,False,True,False,-5.0,53.0
45100,,,HYDROGEL_PACK,XIRECS,9991.0,3,2,9983.0,9975,9991,9972.0,9993.0,0.0,0.0,0.0,1,at_or_above_ask_touch,9983.0,9979.0,10011.0,9979.0,10031.0,9979.0,10031.0,9955.0,-28.0,9942.0,-41.0,9938.5,-44.5,False,False,False,False,False,False,False,False,False,False,False,False,False,False,False,False,False,False,12.0,40.0
49400,,,HYDROGEL_PACK,XIRECS,9958.0,4,2,9962.0,9958,9966,9948.0,9969.0,-0.25,0.1111111111111111,0.0,-1,at_or_below_bid_touch,9962.0,9957.0,10011.0,9957.0,10031.0,9957.0,10031.0,9938.0,-24.0,9953.0,-9.0,9953.0,-9.0,False,False,True,False,True,False,False,False,True,False,True,False,False,False,True,False,True,False,1.0,73.0
49800,,,HYDROGEL_PACK,XIRECS,9960.0,3,2,9952.0,9944,9960,9942.0,9963.0,0.0,0.0,0.0,1,at_or_above_ask_touch,9952.0,9952.0,10011.0,9952.0,10031.0,9952.0,10031.0,9941.5,-10.5,9956.0,4.0,9959.0,7.0,False,False,False,False,False,False,False,False,False,False,False,False,False,False,False,False,False,False,8.0,71.0
58300,,,HYDROGEL_PACK,XIRECS,9963.0,6,2,9955.0,9947,9963,9945.0,9966.0,0.0,0.0,0.0,1,at_or_above_ask_touch,9955.0,9935.5,9998.0,9935.5,10029.0,9935.5,10031.0,9976.0,21.0,9986.0,31.0,9978.0,23.0,False,False,False,False,False,False,False,False,False,False,False,False,False,False,False,False,False,False,27.5,66.0
60700,,,HYDROGEL_PACK,XIRECS,9973.0,5,2,9965.0,9957,9973,9955.0,9976.0,0.0,0.0,0.0,1,at_or_above_ask_touch,9965.0,9935.5,9998.0,9935.5,10029.0,9935.5,10031.0,9985.0,20.0,9990.0,25.0,9977.0,12.0,False,False,False,False,False,False,False,False,False,False,False,False,False,False,False,False,False,False,37.5,56.0
70900,,,HYDROGEL_PACK,XIRECS,9994.0,2,2,9986.0,9978,9994,9975.0,9996.0,0.0,0.0,0.0,1,at_or_above_ask_touch,9986.0,9935.5,9997.0,9935.5,10012.0,9935.5,10031.0,9971.0,-15.0,9957.0,-29.0,10002.0,16.0,False,False,False,False,False,False,False,False,False,False,False,False,False,False,False,False,False,False,58.5,18.0
71800,,,HYDROGEL_PACK,XIRECS,9975.0,5,2,9983.0,9975,9991,9973.0,9994.0,0.0,0.0,0.0,-1,at_or_below_bid_touch,9983.0,9935.5,9997.0,9935.5,10012.0,9935.5,10031.0,9958.0,-25.0,9960.0,-23.0,10008.0,25.0,False,False,False,False,False,False,False,False,False,False,False,False,False,False,False,False,False,False,39.5,37.0
72700,,,HYDROGEL_PACK,XIRECS,9988.0,3,2,9980.0,9972,9988,9969.0,9990.0,0.0,0.0,0.0,1,at_or_above_ask_touch,9980.0,9935.5,9997.0,9935.5,10011.0,9935.5,10031.0,9955.5,-24.5,9956.0,-24.0,10004.0,24.0,False,False,False,False,False,False,False,False,False,False,False,False,False,False,False,False,False,False,52.5,23.0
78700,,,HYDROGEL_PACK,XIRECS,9939.0,3,2,9947.0,9939,9955,9937.0,9958.0,0.0,0.0,0.0,-1,at_or_below_bid_touch,9947.0,9947.0,9997.0,9935.5,10011.0,9935.5,10031.0,9951.0,4.0,9934.0,-13.0,10003.0,56.0,True,False,True,False,True,False,False,False,False,False,False,False,False,False,False,False,False,False,3.5,72.0
85500,,,HYDROGEL_PACK,XIRECS,9954.0,2,2,9946.0,9938,9954,9936.0,9956.0,0.0,0.0,0.0,1,at_or_above_ask_touch,9946.0,9945.0,9997.0,9935.5,9998.0,9935.5,10031.0,9928.0,-18.0,9942.0,-4.0,10004.0,58.0,False,False,False,False,False,False,False,False,False,False,False,False,False,False,False,False,False,False,18.5,44.0
90100,,,HYDROGEL_PACK,XIRECS,9931.0,3,2,9923.0,9915,9931,9913.0,9934.0,0.0,0.0,0.0,1,at_or_above_ask_touch,9923.0,9923.0,9993.0,9923.0,9998.0,9923.0,10031.0,9938.5,15.5,9958.0,35.0,10015.0,92.0,False,False,False,False,False,False,False,False,False,False,False,False,False,False,False,False,False,False,8.0,67.0
91700,,,HYDROGEL_PACK,XIRECS,9929.0,2,2,9921.0,9913,9929,9911.0,9931.0,0.0,0.0,0.0,1,at_or_above_ask_touch,9921.0,9915.0,9984.0,9915.0,9998.0,9915.0,10031.0,9939.0,18.0,9973.0,52.0,10029.0,108.0,False,False,False,False,False,False,False,False,False,False,False,False,False,False,False,False,False,False,14.0,69.0
97600,,,HYDROGEL_PACK,XIRECS,9937.0,2,2,9945.0,9937,9953,9934.0,9955.0,0.0,0.0,0.0,-1,at_or_below_bid_touch,9945.0,9915.0,9965.0,9915.0,9997.0,9915.0,10031.0,9976.5,31.5,9976.0,31.0,10014.0,69.0,False,False,False,False,False,False,False,False,False,False,False,False,False,False,False,False,False,False,22.0,60.0
101800,,,HYDROGEL_PACK,XIRECS,9984.0,3,2,9976.0,9968,9984,9966.0,9987.0,0.0,0.0,0.0,1,at_or_above_ask_touch,9976.0,9915.0,9976.0,9915.0,9997.0,9915.0,10031.0,9980.0,4.0,9973.0,-3.0,10019.0,43.0,False,True,False,True,False,True,False,False,False,False,False,False,False,False,False,False,False,False,69.0,13.0
102400,,,HYDROGEL_PACK,XIRECS,9984.0,3,2,9976.0,9968,9984,9965.0,9986.0,0.0,0.0,0.0,1,at_or_above_ask_touch,9976.0,9915.0,9978.0,9915.0,9997.0,9915.0,10031.0,9979.0,3.0,9970.0,-6.0,10015.0,39.0,False,True,False,True,False,True,False,False,False,False,False,False,False,False,False,False,False,False,69.0,13.0
104500,,,HYDROGEL_PACK,XIRECS,9984.0,2,2,9976.0,9968,9984,9965.0,9986.0,0.0,0.0,0.0,1,at_or_above_ask_touch,9976.0,9915.0,9980.0,9915.0,9997.0,9915.0,10029.0,9982.0,6.0,9986.0,10.0,10010.0,34.0,False,True,False,True,False,True,False,False,False,False,False,False,False,False,False,False,False,False,69.0,13.0
109600,,,HYDROGEL_PACK,XIRECS,9990.0,6,2,9982.0,9974,9990,9971.0,9992.0,0.0,0.0,0.0,1,at_or_above_ask_touch,9982.0,9915.0,9983.0,9915.0,9997.0,9915.0,10029.0,9988.0,6.0,9999.0,17.0,10018.0,36.0,False,True,False,True,False,True,False,False,False,False,False,False,False,False,False,False,False,False,75.0,7.0
114500,,,HYDROGEL_PACK,XIRECS,9994.0,5,2,9986.0,9978,9994,9975.0,9996.0,0.0,0.0,0.0,1,at_or_above_ask_touch,9986.0,9934.0,9986.0,9915.0,9997.0,9915.0,10029.0,9997.0,11.0,10017.0,31.0,10031.0,45.0,False,True,False,True,False,True,False,False,False,False,False,False,False,False,False,False,False,False,79.0,3.0
124900,,,HYDROGEL_PACK,XIRECS,10022.0,3,2,10014.0,10006,10022,10003.0,10024.0,0.0,0.0,0.0,1,at_or_above_ask_touch,10014.0,9968.0,10020.0,9915.0,10020.0,9915.0,10020.0,10009.5,-4.5,10008.0,-6.0,10021.0,7.0,False,True,False,True,False,True,False,True,False,True,False,True,False,True,False,True,False,True,107.0,-2.0
126800,,,HYDROGEL_PACK,XIRECS,10015.0,2,2,10011.5,10008,10015,10005.0,10026.0,0.3333333333333333,-0.058823529411764705,0.0,1,at_or_above_ask_touch,10011.5,9968.0,10020.0,9915.0,10020.0,9915.0,10020.0,9998.0,-13.5,10016.0,4.5,10020.0,8.5,False,False,False,False,False,False,False,False,False,False,False,False,False,False,False,False,False,False,100.0,5.0
129400,,,HYDROGEL_PACK,XIRECS,10009.0,4,2,10001.0,9993,10009,9991.0,10012.0,0.0,0.0,0.0,1,at_or_above_ask_touch,10001.0,9968.0,10020.0,9915.0,10020.0,9915.0,10020.0,10007.0,6.0,10017.0,16.0,10009.0,8.0,False,False,False,False,False,False,False,False,False,False,False,False,False,False,False,False,False,False,94.0,11.0
137000,,,HYDROGEL_PACK,XIRECS,10007.0,3,2,10015.0,10007,10023,10005.0,10026.0,0.0,0.0,0.0,-1,at_or_below_bid_touch,10015.0,9986.0,10020.0,9915.0,10020.0,9915.0,10020.0,10022.0,7.0,10010.0,-5.0,9997.0,-18.0,False,False,False,False,False,False,False,False,False,False,False,False,False,False,False,False,False,False,92.0,13.0
143800,,,HYDROGEL_PACK,XIRECS,9996.0,5,2,10004.0,9996,10012,9994.0,10015.0,0.0,0.0,0.0,-1,at_or_below_bid_touch,10004.0,9996.5,10029.0,9927.0,10029.0,9915.0,10029.0,10020.0,16.0,10012.0,8.0,9988.0,-16.0,True,False,True,False,True,False,False,False,False,False,False,False,False,False,False,False,False,False,69.0,33.0
145100,,,HYDROGEL_PACK,XIRECS,10012.0,5,2,10004.0,9996,10012,9994.0,10015.0,0.0,0.0,0.0,1,at_or_above_ask_touch,10004.0,9996.5,10029.0,9934.0,10029.0,9915.0,10029.0,10016.0,12.0,10009.0,5.0,9984.0,-20.0,False,False,False,False,False,False,False,False,False,False,False,False,False,False,False,False,False,False,78.0,17.0
145400,,,HYDROGEL_PACK,XIRECS,9995.0,2,2,10003.0,9995,10011,9992.0,10013.0,0.0,0.0,0.0,-1,at_or_below_bid_touch,10003.0,9996.5,10029.0,9934.0,10029.0,9915.0,10029.0,10024.0,21.0,10008.0,5.0,9984.0,-19.0,True,False,True,False,True,False,False,False,False,False,False,False,False,False,False,False,False,False,61.0,34.0
149900,,,HYDROGEL_PACK,XIRECS,10007.0,3,2,10015.0,10007,10023,10004.0,10025.0,0.0,0.0,0.0,-1,at_or_below_bid_touch,10015.0,9996.5,10029.0,9958.0,10029.0,9915.0,10029.0,10012.0,-3.0,10023.0,8.0,9970.0,-45.0,False,False,False,False,False,False,False,False,False,False,False,False,False,False,False,False,False,False,49.0,22.0
150600,,,HYDROGEL_PACK,XIRECS,10028.0,4,2,10020.0,10012,10028,10010.0,10031.0,0.0,0.0,0.0,1,at_or_above_ask_touch,10020.0,9996.5,10029.0,9968.0,10029.0,9915.0,10029.0,10011.0,-9.0,10028.0,8.0,9972.0,-48.0,False,False,False,True,False,True,False,False,False,True,False,True,False,False,False,True,False,True,60.0,1.0
151400,,,HYDROGEL_PACK,XIRECS,10014.0,3,2,10022.0,10014,10030,10011.0,10032.0,0.0,0.0,0.0,-1,at_or_below_bid_touch,10022.0,9996.5,10029.0,9968.0,10029.0,9915.0,10029.0,10022.0,0.0,10020.0,-2.0,9977.0,-45.0,False,False,False,False,False,False,False,False,False,False,False,False,False,False,False,False,False,False,46.0,15.0
151600,,,HYDROGEL_PACK,XIRECS,10014.0,6,2,10022.0,10014,10030,10012.0,10033.0,0.0,0.0,0.0,-1,at_or_below_bid_touch,10022.0,9996.5,10029.0,9968.0,10029.0,9915.0,10029.0,10021.0,-1.0,10021.0,-1.0,9976.0,-46.0,False,False,False,False,False,False,False,False,False,False,False,False,False,False,False,False,False,False,46.0,15.0
153200,,,HYDROGEL_PACK,XIRECS,10008.0,5,2,10016.0,10008,10024,10005.0,10026.0,0.0,0.0,0.0,-1,at_or_below_bid_touch,10016.0,9998.0,10029.0,9968.0,10029.0,9915.0,10029.0,10010.0,-6.0,10022.0,6.0,9968.0,-48.0,False,False,False,False,False,False,False,False,False,False,False,False,False,False,False,False,False,False,40.0,21.0
157000,,,HYDROGEL_PACK,XIRECS,10024.0,4,2,10016.0,10008,10024,10006.0,10027.0,0.0,0.0,0.0,1,at_or_above_ask_touch,10016.0,9998.0,10029.0,9968.0,10029.0,9915.0,10029.0,10020.0,4.0,10021.0,5.0,9983.0,-33.0,False,False,False,False,False,False,False,False,False,False,False,False,False,False,False,False,False,False,56.0,5.0
161100,,,HYDROGEL_PACK,XIRECS,10028.0,4,2,10020.0,10012,10028,10010.0,10031.0,0.0,0.0,0.0,1,at_or_above_ask_touch,10020.0,9998.0,10030.0,9968.0,10030.0,9915.0,10030.0,10024.0,4.0,10005.0,-15.0,9970.0,-50.0,False,False,False,False,False,True,False,False,False,False,False,True,False,False,False,False,False,True,60.0,2.0
164600,,,HYDROGEL_PACK,XIRECS,10023.0,6,2,10031.0,10023,10039,10021.0,10042.0,0.0,0.0,0.0,-1,at_or_below_bid_touch,10031.0,10000.0,10031.0,9986.0,10031.0,9915.0,10031.0,10013.0,-18.0,10017.0,-14.0,9973.0,-58.0,False,False,False,False,False,False,False,False,False,False,False,False,False,False,False,False,False,False,37.0,8.0
169000,,,HYDROGEL_PACK,XIRECS,10028.0,2,2,10020.0,10012,10028,10010.0,10031.0,0.0,0.0,0.0,1,at_or_above_ask_touch,10020.0,10005.0,10033.0,9992.0,10033.0,9915.0,10033.0,10020.0,0.0,10011.0,-9.0,9963.0,-57.0,False,False,False,False,False,False,False,False,False,False,False,False,False,False,False,False,False,False,36.0,5.0
169200,,,HYDROGEL_PACK,XIRECS,10025.0,5,2,10017.0,10009,10025,10006.0,10027.0,0.0,0.0,0.0,1,at_or_above_ask_touch,10017.0,10005.0,10033.0,9992.0,10033.0,9915.0,10033.0,10019.0,2.0,10008.0,-9.0,9962.0,-55.0,False,False,False,False,False,False,False,False,False,False,False,False,False,False,False,False,False,False,33.0,8.0
170100,,,HYDROGEL_PACK,XIRECS,10020.0,4,2,10012.0,10004,10020,10001.0,10022.0,0.0,0.0,0.0,1,at_or_above_ask_touch,10012.0,10005.0,10033.0,9996.5,10033.0,9915.0,10033.0,10019.0,7.0,10012.0,0.0,9957.0,-55.0,False,False,False,False,False,False,False,False,False,False,False,False,False,False,False,False,False,False,23.5,13.0
177100,,,HYDROGEL_PACK,XIRECS,10011.0,3,2,10019.0,10011,10027,10009.0,10030.0,0.0,0.0,0.0,-1,at_or_below_bid_touch,10019.0,10004.0,10033.0,9996.5,10033.0,9915.0,10033.0,10005.0,-14.0,9998.0,-21.0,9909.5,-109.5,False,False,False,False,False,False,False,False,False,False,False,False,False,False,False,False,False,False,14.5,22.0
178100,,,HYDROGEL_PACK,XIRECS,10007.0,3,2,10015.0,10007,10023,10004.0,10025.0,0.0,0.0,0.0,-1,at_or_below_bid_touch,10015.0,10004.0,10033.0,9996.5,10033.0,9915.0,10033.0,10005.0,-10.0,9997.0,-18.0,9907.0,-108.0,False,False,False,False,False,False,False,False,False,False,False,False,False,False,False,False,False,False,10.5,26.0
181600,,,HYDROGEL_PACK,XIRECS,9996.0,5,2,10004.0,9996,10012,9994.0,10015.0,0.0,0.0,0.0,-1,at_or_below_bid_touch,10004.0,10004.0,10033.0,9996.5,10033.0,9915.0,10033.0,10002.0,-2.0,9980.0,-24.0,9911.0,-93.0,True,False,True,False,True,False,True,False,True,False,True,False,False,False,False,False,False,False,-0.5,37.0
193400,,,HYDROGEL_PACK,XIRECS,9993.0,4,2,9985.0,9977,9993,9975.0,9996.0,0.0,0.0,0.0,1,at_or_above_ask_touch,9985.0,9971.0,10026.0,9971.0,10033.0,9922.0,10033.0,9978.0,-7.0,9967.0,-18.0,9924.0,-61.0,False,False,False,False,False,False,False,False,False,False,False,False,False,False,False,False,False,False,22.0,40.0
195600,,,HYDROGEL_PACK,XIRECS,9972.0,5,2,9980.0,9972,9988,9970.0,9991.0,0.0,0.0,0.0,-1,at_or_below_bid_touch,9980.0,9971.0,10026.0,9971.0,10033.0,9934.0,10033.0,9972.0,-8.0,9980.0,0.0,9945.0,-35.0,False,False,True,False,True,False,False,False,True,False,True,False,False,False,False,False,False,False,1.0,61.0
206200,,,HYDROGEL_PACK,XIRECS,9992.0,3,2,9984.0,9976,9992,9974.0,9995.0,0.0,0.0,0.0,1,at_or_above_ask_touch,9984.0,9965.0,10003.0,9965.0,10033.0,9965.0,10033.0,9970.0,-14.0,9976.0,-8.0,9935.0,-49.0,False,False,False,False,False,False,False,False,False,False,False,False,False,False,False,False,False,False,27.0,41.0
206600,,,HYDROGEL_PACK,XIRECS,9976.0,3,2,9984.0,9976,9992,9974.0,9995.0,0.0,0.0,0.0,-1,at_or_below_bid_touch,9984.0,9965.0,10003.0,9965.0,10033.0,9965.0,10033.0,9966.0,-18.0,9978.0,-6.0,9933.0,-51.0,False,False,False,False,False,False,False,False,False,False,False,False,False,False,False,False,False,False,11.0,57.0
206700,,,HYDROGEL_PACK,XIRECS,9981.0,5,2,9985.0,9981,9989,9971.0,9992.0,-0.47368421052631576,0.05747126436781609,0.0,-1,at_or_below_bid_touch,9985.0,9965.0,10003.0,9965.0,10033.0,9965.0,10033.0,9968.0,-17.0,9978.0,-7.0,9935.0,-50.0,False,False,False,False,False,False,False,False,False,False,False,False,False,False,False,False,False,False,16.0,52.0
219200,,,HYDROGEL_PACK,XIRECS,9954.0,4,2,9962.0,9954,9970,9952.0,9973.0,0.0,0.0,0.0,-1,at_or_below_bid_touch,9962.0,9962.0,9991.0,9962.0,10026.0,9962.0,10033.0,9935.0,-27.0,9908.5,-53.5,9923.0,-39.0,True,False,True,False,True,False,True,False,True,False,True,False,True,False,True,False,True,False,-8.0,72.0
221200,,,HYDROGEL_PACK,XIRECS,9963.0,6,2,9955.0,9947,9963,9945.0,9966.0,0.0,0.0,0.0,1,at_or_above_ask_touch,9955.0,9955.0,9991.0,9955.0,10026.0,9955.0,10033.0,9919.0,-36.0,9907.0,-48.0,9933.0,-22.0,False,False,False,False,False,False,False,False,False,False,False,False,False,False,False,False,False,False,8.0,63.0
224300,,,HYDROGEL_PACK,XIRECS,9942.0,4,2,9934.0,9926,9942,9923.0,9944.0,0.0,0.0,0.0,1,at_or_above_ask_touch,9934.0,9934.0,9991.0,9934.0,10026.0,9934.0,10033.0,9908.5,-25.5,9916.0,-18.0,9915.0,-19.0,False,False,False,False,False,False,False,False,False,False,False,False,False,False,False,False,False,False,8.0,84.0
233000,,,HYDROGEL_PACK,XIRECS,9927.0,3,2,9919.0,9911,9927,9909.0,9930.0,0.0,0.0,0.0,1,at_or_above_ask_touch,9919.0,9906.0,9980.5,9906.0,10012.0,9906.0,10033.0,9921.0,2.0,9925.0,6.0,9911.0,-8.0,False,False,False,False,False,False,False,False,False,False,False,False,False,False,False,False,False,False,21.0,85.0
235700,,,HYDROGEL_PACK,XIRECS,9906.0,6,2,9914.0,9906,9922,9904.0,9925.0,0.0,0.0,0.0,-1,at_or_below_bid_touch,9914.0,9906.0,9980.5,9906.0,10011.0,9906.0,10033.0,9918.0,4.0,9943.0,29.0,9917.0,3.0,True,False,True,False,True,False,True,False,True,False,True,False,True,False,True,False,True,False,0.0,105.0
238900,,,HYDROGEL_PACK,XIRECS,9910.0,4,2,9918.0,9910,9926,9908.0,9928.0,0.0,0.0,0.0,-1,at_or_below_bid_touch,9918.0,9904.0,9963.0,9904.0,9992.0,9904.0,10033.0,9927.0,9.0,9938.0,20.0,9930.0,12.0,False,False,False,False,False,False,False,False,False,False,False,False,False,False,False,False,False,False,6.0,82.0
239300,,,HYDROGEL_PACK,XIRECS,9909.0,2,2,9917.0,9909,9925,9906.0,9927.0,0.0,0.0,0.0,-1,at_or_below_bid_touch,9917.0,9904.0,9960.0,9904.0,9992.0,9904.0,10033.0,9928.5,11.5,9931.0,14.0,9925.5,8.5,False,False,False,False,False,False,False,False,False,False,False,False,False,False,False,False,False,False,5.0,83.0
239400,,,HYDROGEL_PACK,XIRECS,9910.0,4,2,9918.0,9910,9926,9907.0,9928.0,0.0,0.0,0.0,-1,at_or_below_bid_touch,9918.0,9904.0,9960.0,9904.0,9992.0,9904.0,10033.0,9930.0,12.0,9931.5,13.5,9920.0,2.0,False,False,False,False,False,False,False,False,False,False,False,False,False,False,False,False,False,False,6.0,82.0
239800,,,HYDROGEL_PACK,XIRECS,9925.0,5,2,9917.0,9909,9925,9907.0,9927.0,0.0,0.0,0.0,1,at_or_above_ask_touch,9917.0,9904.0,9960.0,9904.0,9992.0,9904.0,10033.0,9930.0,13.0,9935.0,18.0,9920.0,3.0,False,False,False,False,False,False,False,False,False,False,False,False,False,False,False,False,False,False,21.0,67.0
243800,,,HYDROGEL_PACK,XIRECS,9919.0,4,2,9927.0,9919,9935,9916.0,9937.0,0.0,0.0,0.0,-1,at_or_below_bid_touch,9927.0,9904.0,9944.0,9904.0,9992.0,9904.0,10033.0,9940.0,13.0,9937.0,10.0,9925.0,-2.0,False,False,False,False,False,False,False,False,False,False,False,False,False,False,False,False,False,False,15.0,73.0
254300,,,HYDROGEL_PACK,XIRECS,9951.0,2,2,9943.0,9935,9951,9933.0,9954.0,0.0,0.0,0.0,1,at_or_above_ask_touch,9943.0,9904.0,9951.0,9904.0,9991.0,9904.0,10033.0,9927.0,-16.0,9915.0,-28.0,9943.0,0.0,False,True,False,True,False,True,False,False,False,False,False,False,False,False,False,False,False,False,47.0,40.0
256200,,,HYDROGEL_PACK,XIRECS,9927.0,5,2,9935.0,9927,9943,9925.0,9946.0,0.0,0.0,0.0,-1,at_or_below_bid_touch,9935.0,9904.0,9951.0,9904.0,9991.0,9904.0,10033.0,9933.0,-2.0,9923.0,-12.0,9946.0,11.0,False,False,False,False,False,False,False,False,False,False,False,False,False,False,False,False,False,False,23.0,64.0
258900,,,HYDROGEL_PACK,XIRECS,9928.0,2,2,9920.0,9912,9928,9910.0,9931.0,0.0,0.0,0.0,1,at_or_above_ask_touch,9920.0,9915.0,9951.0,9904.0,9988.0,9904.0,10033.0,9924.5,4.5,9919.0,-1.0,9943.0,23.0,False,False,False,False,False,False,False,False,False,False,False,False,False,False,False,False,False,False,24.0,60.0
264200,,,HYDROGEL_PACK,XIRECS,9927.0,6,2,9919.5,9912,9927,9909.0,9930.0,0.0,0.0,0.0,1,at_or_above_ask_touch,9919.5,9915.0,9951.0,9904.0,9980.5,9904.0,10033.0,9923.0,3.5,9910.0,-9.5,9942.0,22.5,False,False,False,False,False,False,False,False,False,False,False,False,False,False,False,False,False,False,23.0,53.5
264700,,,HYDROGEL_PACK,XIRECS,9907.0,2,2,9915.0,9907,9923,9905.0,9925.0,0.0,0.0,0.0,-1,at_or_below_bid_touch,9915.0,9914.0,9951.0,9904.0,9980.5,9904.0,10033.0,9926.0,11.0,9913.0,-2.0,9944.0,29.0,True,False,True,False,True,False,False,False,False,False,False,False,False,False,False,False,False,False,3.0,73.5
265200,,,HYDROGEL_PACK,XIRECS,9909.0,5,2,9917.0,9909,9925,9907.0,9927.0,0.0,0.0,0.0,-1,at_or_below_bid_touch,9917.0,9914.0,9951.0,9904.0,9980.5,9904.0,10033.0,9926.0,9.0,9907.5,-9.5,9948.0,31.0,True,False,True,False,True,False,False,False,False,False,False,False,False,False,False,False,False,False,5.0,71.5
267900,,,HYDROGEL_PACK,XIRECS,9926.0,6,2,9922.5,9919,9926,9916.0,9937.0,0.09090909090909091,-0.1282051282051282,0.0,1,at_or_above_ask_touch,9922.5,9914.0,9951.0,9904.0,9974.0,9904.0,10026.0,9916.5,-6.0,9901.0,-21.5,9953.5,31.0,False,False,False,False,False,False,False,False,False,False,False,False,False,False,False,False,False,False,22.0,48.0
272900,,,HYDROGEL_PACK,XIRECS,9924.0,5,2,9916.5,9909,9924,9906.0,9927.0,0.0,0.0,0.0,1,at_or_above_ask_touch,9916.5,9914.0,9946.0,9904.0,9951.0,9904.0,10026.0,9901.0,-15.5,9909.0,-7.5,9952.0,35.5,False,False,False,False,False,False,False,False,False,False,False,False,False,False,False,False,False,False,20.0,27.0
273400,,,HYDROGEL_PACK,XIRECS,9922.0,3,2,9914.0,9906,9922,9904.0,9925.0,0.0,0.0,0.0,1,at_or_above_ask_touch,9914.0,9912.0,9946.0,9904.0,9951.0,9904.0,10026.0,9903.0,-11.0,9911.0,-3.0,9956.0,42.0,False,False,False,False,False,False,False,False,False,False,False,False,False,False,False,False,False,False,18.0,29.0
273500,,,HYDROGEL_PACK,XIRECS,9921.0,6,2,9913.0,9905,9921,9903.0,9924.0,0.0,0.0,0.0,1,at_or_above_ask_touch,9913.0,9912.0,9946.0,9904.0,9951.0,9904.0,10026.0,9902.0,-11.0,9911.0,-2.0,9953.0,40.0,False,False,False,False,False,False,False,False,False,False,False,False,False,False,False,False,False,False,17.0,30.0
274400,,,HYDROGEL_PACK,XIRECS,9907.0,3,2,9915.0,9907,9923,9904.0,9925.0,0.0,0.0,0.0,-1,at_or_below_bid_touch,9915.0,9910.0,9946.0,9904.0,9951.0,9904.0,10026.0,9895.0,-20.0,9918.0,3.0,9950.0,35.0,True,False,True,False,True,False,False,False,False,False,False,False,False,False,False,False,False,False,3.0,44.0
275800,,,HYDROGEL_PACK,XIRECS,9912.0,6,2,9904.0,9896,9912,9894.0,9915.0,0.0,0.0,0.0,1,at_or_above_ask_touch,9904.0,9904.0,9935.0,9904.0,9951.0,9904.0,10026.0,9902.0,-2.0,9915.0,11.0,9948.0,44.0,False,False,False,False,False,False,False,False,False,False,False,False,False,False,False,False,False,False,8.0,39.0
277000,,,HYDROGEL_PACK,XIRECS,9911.0,6,2,9903.0,9895,9911,9892.0,9913.0,0.0,0.0,0.0,1,at_or_above_ask_touch,9903.0,9897.0,9935.0,9897.0,9951.0,9897.0,10019.0,9900.5,-2.5,9929.0,26.0,9950.0,47.0,False,False,False,False,False,False,False,False,False,False,False,False,False,False,False,False,False,False,14.0,40.0
277300,,,HYDROGEL_PACK,XIRECS,9910.0,3,2,9902.0,9894,9910,9892.0,9913.0,0.0,0.0,0.0,1,at_or_above_ask_touch,9902.0,9897.0,9935.0,9897.0,9951.0,9897.0,10015.0,9902.0,0.0,9928.5,26.5,9947.0,45.0,False,False,False,False,False,False,False,False,False,False,False,False,False,False,False,False,False,False,13.0,41.0
278800,,,HYDROGEL_PACK,XIRECS,9890.0,2,2,9897.5,9890,9905,9887.0,9908.0,0.0,0.0,0.0,-1,at_or_below_bid_touch,9897.5,9897.0,9935.0,9897.0,9951.0,9897.0,10012.0,9913.5,16.0,9932.0,34.5,9951.0,53.5,True,False,True,False,True,False,True,False,True,False,True,False,True,False,True,False,True,False,-7.0,61.0
279900,,,HYDROGEL_PACK,XIRECS,9890.0,6,2,9898.0,9890,9906,9888.0,9909.0,0.0,0.0,0.0,-1,at_or_below_bid_touch,9898.0,9891.0,9935.0,9891.0,9951.0,9891.0,10012.0,9916.5,18.5,9919.5,21.5,9950.0,52.0,True,False,True,False,True,False,True,False,True,False,True,False,True,False,True,False,True,False,-1.0,61.0
282200,,,HYDROGEL_PACK,XIRECS,9891.0,4,2,9899.0,9891,9907,9889.0,9910.0,0.0,0.0,0.0,-1,at_or_below_bid_touch,9899.0,9891.0,9935.0,9891.0,9951.0,9891.0,10012.0,9932.0,33.0,9917.0,18.0,9949.0,50.0,True,False,True,False,True,False,True,False,True,False,True,False,True,False,True,False,True,False,0.0,60.0
283700,,,HYDROGEL_PACK,XIRECS,9922.0,5,2,9914.0,9906,9922,9904.0,9924.0,0.0,0.0,0.0,1,at_or_above_ask_touch,9914.0,9891.0,9935.0,9891.0,9951.0,9891.0,10012.0,9929.0,15.0,9923.0,9.0,9955.0,41.0,False,False,False,False,False,False,False,False,False,False,False,False,False,False,False,False,False,False,31.0,29.0
284300,,,HYDROGEL_PACK,XIRECS,9923.0,6,2,9915.0,9907,9923,9904.0,9925.0,0.0,0.0,0.0,1,at_or_above_ask_touch,9915.0,9891.0,9935.0,9891.0,9951.0,9891.0,10012.0,9925.5,10.5,9924.0,9.0,9947.0,32.0,False,False,False,False,False,False,False,False,False,False,False,False,False,False,False,False,False,False,32.0,28.0
288000,,,HYDROGEL_PACK,XIRECS,9936.0,5,2,9928.0,9920,9936,9917.0,9938.0,0.0,0.0,0.0,1,at_or_above_ask_touch,9928.0,9891.0,9935.0,9891.0,9951.0,9891.0,9997.0,9912.0,-16.0,9955.0,27.0,9960.0,32.0,False,True,False,True,False,True,False,False,False,False,False,False,False,False,False,False,False,False,45.0,15.0
291000,,,HYDROGEL_PACK,XIRECS,9905.0,3,2,9913.0,9905,9921,9902.0,9923.0,0.0,0.0,0.0,-1,at_or_below_bid_touch,9913.0,9891.0,9933.0,9891.0,9951.0,9891.0,9992.0,9943.0,30.0,9955.5,42.5,9957.0,44.0,False,False,False,False,False,False,False,False,False,False,False,False,False,False,False,False,False,False,14.0,46.0
292800,,,HYDROGEL_PACK,XIRECS,9921.0,6,2,9913.0,9905,9921,9903.0,9923.0,0.0,0.0,0.0,1,at_or_above_ask_touch,9913.0,9891.0,9932.0,9891.0,9951.0,9891.0,9992.0,9955.0,42.0,9941.5,28.5,9958.0,45.0,False,False,False,False,False,False,False,False,False,False,False,False,False,False,False,False,False,False,30.0,30.0
299100,,,HYDROGEL_PACK,XIRECS,9963.0,3,2,9955.0,9947,9963,9944.0,9965.0,0.0,0.0,0.0,1,at_or_above_ask_touch,9955.0,9892.0,9957.0,9891.0,9957.0,9891.0,9991.0,9944.0,-11.0,9937.0,-18.0,9955.0,0.0,False,True,False,True,False,True,False,True,False,True,False,True,False,False,False,False,False,False,72.0,-6.0
300800,,,HYDROGEL_PACK,XIRECS,9946.0,4,2,9954.0,9946,9962,9943.0,9964.0,0.0,0.0,0.0,-1,at_or_below_bid_touch,9954.0,9894.0,9957.0,9891.0,9957.0,9891.0,9991.0,9944.0,-10.0,9938.0,-16.0,9949.0,-5.0,False,False,False,False,False,False,False,False,False,False,False,False,False,False,False,False,False,False,55.0,11.0
303800,,,HYDROGEL_PACK,XIRECS,9935.0,2,2,9943.0,9935,9951,9933.0,9954.0,0.0,0.0,0.0,-1,at_or_below_bid_touch,9943.0,9911.0,9957.0,9891.0,9957.0,9891.0,9991.0,9942.0,-1.0,9944.0,1.0,9969.0,26.0,False,False,False,False,False,False,False,False,False,False,False,False,False,False,False,False,False,False,44.0,22.0
305700,,,HYDROGEL_PACK,XIRECS,9951.0,6,2,9943.5,9936,9951,9933.0,9954.0,0.0,0.0,0.0,1,at_or_above_ask_touch,9943.5,9911.0,9957.0,9891.0,9957.0,9891.0,9991.0,9939.0,-4.5,9946.0,2.5,9974.0,30.5,False,False,False,False,False,False,False,False,False,False,False,False,False,False,False,False,False,False,60.0,6.0
306100,,,HYDROGEL_PACK,XIRECS,9952.0,5,2,9944.0,9936,9952,9934.0,9955.0,0.0,0.0,0.0,1,at_or_above_ask_touch,9944.0,9911.0,9957.0,9891.0,9957.0,9891.0,9991.0,9933.0,-11.0,9947.0,3.0,9976.0,32.0,False,False,False,False,False,False,False,False,False,False,False,False,False,False,False,False,False,False,61.0,5.0
310100,,,HYDROGEL_PACK,XIRECS,9942.0,4,2,9934.0,9926,9942,9924.0,9945.0,0.0,0.0,0.0,1,at_or_above_ask_touch,9934.0,9911.0,9957.0,9891.0,9957.0,9891.0,9980.5,9950.0,16.0,9958.5,24.5,9983.0,49.0,False,False,False,False,False,False,False,False,False,False,False,False,False,False,False,False,False,False,51.0,15.0
311800,,,HYDROGEL_PACK,XIRECS,9945.0,2,2,9937.0,9929,9945,9926.0,9947.0,0.0,0.0,0.0,1,at_or_above_ask_touch,9937.0,9911.0,9957.0,9891.0,9957.0,9891.0,9980.5,9947.0,10.0,9947.0,10.0,9985.0,48.0,False,False,False,False,False,False,False,False,False,False,False,False,False,False,False,False,False,False,54.0,12.0
314800,,,HYDROGEL_PACK,XIRECS,9953.0,3,2,9945.0,9937,9953,9934.0,9955.0,0.0,0.0,0.0,1,at_or_above_ask_touch,9945.0,9931.0,9957.0,9891.0,9957.0,9891.0,9980.5,9960.0,15.0,9944.0,-1.0,9986.0,41.0,False,False,False,False,False,False,False,False,False,False,False,False,False,False,False,False,False,False,62.0,4.0
315400,,,HYDROGEL_PACK,XIRECS,9956.0,4,2,9948.0,9940,9956,9938.0,9959.0,0.0,0.0,0.0,1,at_or_above_ask_touch,9948.0,9931.0,9957.0,9891.0,9957.0,9891.0,9980.5,9957.0,9.0,9948.0,0.0,9991.0,43.0,False,False,False,True,False,True,False,False,False,True,False,True,False,False,False,False,False,False,65.0,1.0
316900,,,HYDROGEL_PACK,XIRECS,9954.0,2,2,9946.5,9939,9954,9936.0,9957.0,0.0,0.0,0.0,1,at_or_above_ask_touch,9946.5,9931.0,9957.0,9891.0,9957.0,9891.0,9979.0,9949.0,2.5,9953.0,6.5,9997.0,50.5,False,False,False,False,False,False,False,False,False,False,False,False,False,False,False,False,False,False,63.0,3.0
328900,,,HYDROGEL_PACK,XIRECS,9958.0,2,2,9950.0,9942,9958,9940.0,9961.0,0.0,0.0,0.0,1,at_or_above_ask_touch,9950.0,9933.0,9963.0,9891.0,9963.0,9891.0,9963.0,9955.0,5.0,9955.0,5.0,9980.0,30.0,False,False,False,False,False,False,False,False,False,False,False,False,False,False,False,False,False,False,67.0,5.0
332800,,,HYDROGEL_PACK,XIRECS,9947.0,3,2,9955.0,9947,9963,9944.0,9965.0,0.0,0.0,0.0,-1,at_or_below_bid_touch,9955.0,9933.5,9963.0,9909.0,9963.0,9891.0,9963.0,9957.0,2.0,9958.0,3.0,9968.0,13.0,False,False,False,False,False,False,False,False,False,False,False,False,False,False,False,False,False,False,38.0,16.0
338400,,,HYDROGEL_PACK,XIRECS,9948.0,4,2,9956.0,9948,9964,9946.0,9967.0,0.0,0.0,0.0,-1,at_or_below_bid_touch,9956.0,9936.0,9963.0,9911.0,9963.0,9891.0,9963.0,9958.0,2.0,9951.0,-5.0,9982.0,26.0,False,False,False,False,False,False,False,False,False,False,False,False,False,False,False,False,False,False,37.0,15.0
340200,,,HYDROGEL_PACK,XIRECS,9951.0,2,2,9959.0,9951,9967,9948.0,9969.0,0.0,0.0,0.0,-1,at_or_below_bid_touch,9959.0,9936.0,9961.0,9911.0,9963.0,9891.0,9963.0,9949.0,-10.0,9958.0,-1.0,9981.0,22.0,False,False,False,False,False,False,False,False,False,False,False,False,False,False,False,False,False,False,40.0,12.0
342300,,,HYDROGEL_PACK,XIRECS,9966.0,2,2,9958.0,9950,9966,9948.0,9969.0,0.0,0.0,0.0,1,at_or_above_ask_touch,9958.0,9936.0,9963.0,9911.0,9963.0,9891.0,9963.0,9933.5,-24.5,9959.0,1.0,9982.0,24.0,False,True,False,True,False,True,False,True,False,True,False,True,False,True,False,True,False,True,55.0,-3.0
344100,,,HYDROGEL_PACK,XIRECS,9942.0,3,2,9950.0,9942,9958,9940.0,9960.0,0.0,0.0,0.0,-1,at_or_below_bid_touch,9950.0,9936.0,9963.0,9924.0,9963.0,9891.0,9963.0,9955.0,5.0,9965.0,15.0,9967.0,17.0,False,False,False,False,False,False,False,False,False,False,False,False,False,False,False,False,False,False,18.0,21.0
344500,,,HYDROGEL_PACK,XIRECS,9942.0,3,2,9950.0,9942,9958,9939.0,9960.0,0.0,0.0,0.0,-1,at_or_below_bid_touch,9950.0,9936.0,9963.0,9930.5,9963.0,9891.0,9963.0,9950.0,0.0,9966.0,16.0,9967.5,17.5,False,False,False,False,False,False,False,False,False,False,False,False,False,False,False,False,False,False,11.5,21.0
344600,,,HYDROGEL_PACK,XIRECS,9958.0,6,2,9950.0,9942,9958,9939.0,9960.0,0.0,0.0,0.0,1,at_or_above_ask_touch,9950.0,9936.0,9963.0,9931.0,9963.0,9891.0,9963.0,9951.0,1.0,9968.0,18.0,9967.0,17.0,False,False,False,False,False,False,False,False,False,False,False,False,False,False,False,False,False,False,27.0,5.0
346100,,,HYDROGEL_PACK,XIRECS,9947.0,2,2,9939.0,9931,9947,9928.0,9949.0,0.0,0.0,0.0,1,at_or_above_ask_touch,9939.0,9936.0,9963.0,9931.0,9963.0,9891.0,9963.0,9946.0,7.0,9976.0,37.0,9979.0,40.0,False,False,False,False,False,False,False,False,False,False,False,False,False,False,False,False,False,False,16.0,16.0
347400,,,HYDROGEL_PACK,XIRECS,9947.0,4,2,9939.0,9931,9947,9928.0,9949.0,0.0,0.0,0.0,1,at_or_above_ask_touch,9939.0,9933.5,9963.0,9931.0,9963.0,9891.0,9963.0,9960.0,21.0,9976.0,37.0,9963.0,24.0,False,False,False,False,False,False,False,False,False,False,False,False,False,False,False,False,False,False,16.0,16.0
351400,,,HYDROGEL_PACK,XIRECS,9937.0,6,2,9945.0,9937,9953,9935.0,9956.0,0.0,0.0,0.0,-1,at_or_below_bid_touch,9945.0,9930.0,9963.0,9930.0,9963.0,9891.0,9963.0,9973.0,28.0,9988.0,43.0,9978.0,33.0,False,False,False,False,False,False,False,False,False,False,False,False,False,False,False,False,False,False,7.0,26.0
359500,,,HYDROGEL_PACK,XIRECS,9972.0,5,2,9980.0,9972,9988,9969.0,9990.0,0.0,0.0,0.0,-1,at_or_below_bid_touch,9980.0,9930.0,9980.0,9930.0,9980.0,9891.0,9980.0,9980.0,0.0,9979.0,-1.0,9975.0,-5.0,False,False,False,False,False,False,False,False,False,False,False,False,False,False,False,False,False,False,42.0,8.0
365300,,,HYDROGEL_PACK,XIRECS,9984.0,2,2,9992.0,9984,10000,9981.0,10002.0,0.0,0.0,0.0,-1,at_or_below_bid_touch,9992.0,9930.0,9992.0,9930.0,9992.0,9891.0,9992.0,9984.0,-8.0,9977.0,-15.0,9971.0,-21.0,False,False,False,False,False,False,False,False,False,False,False,False,False,False,False,False,False,False,54.0,8.0
366500,,,HYDROGEL_PACK,XIRECS,10001.0,2,2,9993.0,9985,10001,9983.0,10004.0,0.0,0.0,0.0,1,at_or_above_ask_touch,9993.0,9930.0,9997.0,9930.0,9997.0,9891.0,9997.0,9985.0,-8.0,9982.0,-11.0,9971.0,-22.0,False,True,False,True,False,True,False,True,False,True,False,True,False,True,False,True,False,True,71.0,-4.0
384800,,,HYDROGEL_PACK,XIRECS,9978.0,4,2,9982.0,9978,9986,9968.0,9989.0,-0.3,0.07692307692307693,0.0,-1,at_or_below_bid_touch,9982.0,9963.0,9999.0,9930.0,9999.0,9911.0,9999.0,9976.0,-6.0,9968.0,-14.0,9970.0,-12.0,False,False,False,False,False,False,False,False,False,False,False,False,False,False,False,False,False,False,48.0,21.0
385500,,,HYDROGEL_PACK,XIRECS,9972.0,5,2,9980.0,9972,9988,9970.0,9991.0,0.0,0.0,0.0,-1,at_or_below_bid_touch,9980.0,9963.0,9999.0,9930.0,9999.0,9911.0,9999.0,9977.0,-3.0,9976.0,-4.0,9968.0,-12.0,False,False,False,False,False,False,False,False,False,False,False,False,False,False,False,False,False,False,42.0,27.0
387500,,,HYDROGEL_PACK,XIRECS,9991.0,3,2,9983.0,9975,9991,9973.0,9994.0,0.0,0.0,0.0,1,at_or_above_ask_touch,9983.0,9963.0,9998.0,9930.0,9999.0,9911.0,9999.0,9983.0,0.0,9960.0,-23.0,9969.0,-14.0,False,False,False,False,False,False,False,False,False,False,False,False,False,False,False,False,False,False,61.0,8.0
391600,,,HYDROGEL_PACK,XIRECS,9970.0,2,2,9978.0,9970,9986,9968.0,9989.0,0.0,0.0,0.0,-1,at_or_below_bid_touch,9978.0,9963.0,9993.0,9930.0,9999.0,9911.0,9999.0,9970.0,-8.0,9976.0,-2.0,9967.0,-11.0,False,False,False,False,False,False,False,False,False,False,False,False,False,False,False,False,False,False,40.0,29.0
391700,,,HYDROGEL_PACK,XIRECS,9988.0,2,2,9980.0,9972,9988,9970.0,9991.0,0.0,0.0,0.0,1,at_or_above_ask_touch,9980.0,9963.0,9993.0,9930.0,9999.0,9911.0,9999.0,9968.0,-12.0,9975.0,-5.0,9968.0,-12.0,False,False,False,False,False,False,False,False,False,False,False,False,False,False,False,False,False,False,58.0,11.0
392400,,,HYDROGEL_PACK,XIRECS,9990.0,5,2,9982.0,9974,9990,9972.0,9993.0,0.0,0.0,0.0,1,at_or_above_ask_touch,9982.0,9963.0,9992.0,9930.0,9999.0,9911.0,9999.0,9963.0,-19.0,9979.0,-3.0,9959.0,-23.0,False,False,False,False,False,True,False,False,False,False,False,False,False,False,False,False,False,False,60.0,9.0
394100,,,HYDROGEL_PACK,XIRECS,9975.0,6,2,9967.0,9959,9975,9956.0,9977.0,0.0,0.0,0.0,1,at_or_above_ask_touch,9967.0,9963.0,9986.5,9930.0,9999.0,9924.0,9999.0,9966.0,-1.0,9981.0,14.0,9963.0,-4.0,False,False,False,False,False,False,False,False,False,False,False,False,False,False,False,False,False,False,45.0,24.0
394300,,,HYDROGEL_PACK,XIRECS,9970.0,5,2,9962.0,9954,9970,9952.0,9973.0,0.0,0.0,0.0,1,at_or_above_ask_touch,9962.0,9962.0,9986.5,9930.0,9999.0,9925.0,9999.0,9967.0,5.0,9985.0,23.0,9964.0,2.0,False,False,False,False,False,False,False,False,False,False,False,False,False,False,False,False,False,False,40.0,29.0
401200,,,HYDROGEL_PACK,XIRECS,9966.0,5,2,9974.0,9966,9982,9964.0,9985.0,0.0,0.0,0.0,-1,at_or_below_bid_touch,9974.0,9954.0,9986.5,9944.0,9999.0,9930.0,9999.0,9985.0,11.0,9979.0,5.0,9980.0,6.0,False,False,False,False,False,False,False,False,False,False,False,False,False,False,False,False,False,False,22.0,33.0
408000,,,HYDROGEL_PACK,XIRECS,9991.0,3,2,9983.0,9975,9991,9972.0,9993.0,0.0,0.0,0.0,1,at_or_above_ask_touch,9983.0,9954.0,9988.0,9954.0,9999.0,9930.0,9999.0,9972.0,-11.0,9974.0,-9.0,9956.0,-27.0,False,True,False,True,False,True,False,False,False,False,False,False,False,False,False,False,False,False,37.0,8.0
409400,,,HYDROGEL_PACK,XIRECS,9988.0,3,2,9980.0,9972,9988,9969.0,9990.0,0.0,0.0,0.0,1,at_or_above_ask_touch,9980.0,9954.0,9988.0,9954.0,9999.0,9930.0,9999.0,9966.0,-14.0,9963.0,-17.0,9959.0,-21.0,False,True,False,True,False,True,False,False,False,False,False,False,False,False,False,False,False,False,34.0,11.0
410100,,,HYDROGEL_PACK,XIRECS,9988.0,6,2,9980.0,9972,9988,9970.0,9991.0,0.0,0.0,0.0,1,at_or_above_ask_touch,9980.0,9954.0,9988.0,9954.0,9999.0,9930.0,9999.0,9966.0,-14.0,9966.0,-14.0,9967.0,-13.0,False,True,False,True,False,True,False,False,False,False,False,False,False,False,False,False,False,False,34.0,11.0
413100,,,HYDROGEL_PACK,XIRECS,9977.0,2,2,9969.0,9961,9977,9959.0,9980.0,0.0,0.0,0.0,1,at_or_above_ask_touch,9969.0,9954.0,9988.0,9954.0,9999.0,9930.0,9999.0,9973.0,4.0,9966.0,-3.0,9987.0,18.0,False,False,False,False,False,False,False,False,False,False,False,False,False,False,False,False,False,False,23.0,22.0
413500,,,HYDROGEL_PACK,XIRECS,9974.0,5,2,9966.5,9959,9974,9956.0,9977.0,0.0,0.0,0.0,1,at_or_above_ask_touch,9966.5,9954.0,9988.0,9954.0,9999.0,9930.0,9999.0,9970.0,3.5,9961.0,-5.5,9993.0,26.5,False,False,False,False,False,False,False,False,False,False,False,False,False,False,False,False,False,False,20.0,25.0
415400,,,HYDROGEL_PACK,XIRECS,9976.0,6,2,9968.0,9960,9976,9957.0,9978.0,0.0,0.0,0.0,1,at_or_above_ask_touch,9968.0,9954.0,9988.0,9954.0,9999.0,9930.0,9999.0,9968.0,0.0,9961.5,-6.5,9985.0,17.0,False,False,False,False,False,False,False,False,False,False,False,False,False,False,False,False,False,False,22.0,23.0
416600,,,HYDROGEL_PACK,XIRECS,9981.0,4,2,9973.0,9965,9981,9963.0,9984.0,0.0,0.0,0.0,1,at_or_above_ask_touch,9973.0,9954.0,9988.0,9954.0,9999.0,9930.0,9999.0,9970.0,-3.0,9962.0,-11.0,9989.0,16.0,False,False,False,False,False,False,False,False,False,False,False,False,False,False,False,False,False,False,27.0,18.0
420200,,,HYDROGEL_PACK,XIRECS,9975.0,4,2,9967.0,9959,9975,9956.0,9977.0,0.0,0.0,0.0,1,at_or_above_ask_touch,9967.0,9962.0,9988.0,9954.0,9993.0,9930.0,9999.0,9960.0,-7.0,9966.0,-1.0,9985.0,18.0,False,False,False,False,False,False,False,False,False,False,False,False,False,False,False,False,False,False,21.0,18.0
421100,,,HYDROGEL_PACK,XIRECS,9961.0,5,2,9969.0,9961,9977,9958.0,9979.0,0.0,0.0,0.0,-1,at_or_below_bid_touch,9969.0,9962.0,9988.0,9954.0,9993.0,9930.0,9999.0,9956.0,-13.0,9966.0,-3.0,9986.0,17.0,True,False,True,False,True,False,False,False,False,False,False,False,False,False,False,False,False,False,7.0,32.0
422200,,,HYDROGEL_PACK,XIRECS,9963.0,2,2,9971.0,9963,9979,9960.0,9981.0,0.0,0.0,0.0,-1,at_or_below_bid_touch,9971.0,9962.0,9988.0,9954.0,9992.0,9930.0,9999.0,9963.0,-8.0,9959.0,-12.0,9977.0,6.0,False,False,True,False,True,False,False,False,False,False,False,False,False,False,False,False,False,False,9.0,29.0
423800,,,HYDROGEL_PACK,XIRECS,9969.0,3,2,9961.0,9953,9969,9950.0,9971.0,0.0,0.0,0.0,1,at_or_above_ask_touch,9961.0,9961.0,9988.0,9954.0,9988.0,9930.0,9999.0,9963.0,2.0,9960.0,-1.0,9975.0,14.0,False,False,False,False,False,False,False,False,False,False,False,False,False,False,False,False,False,False,15.0,19.0
429500,,,HYDROGEL_PACK,XIRECS,9968.0,3,2,9960.0,9952,9968,9950.0,9971.0,0.0,0.0,0.0,1,at_or_above_ask_touch,9960.0,9951.0,9984.0,9951.0,9988.0,9930.0,9999.0,9962.0,2.0,9973.0,13.0,9991.0,31.0,False,False,False,False,False,False,False,False,False,False,False,False,False,False,False,False,False,False,17.0,20.0
430200,,,HYDROGEL_PACK,XIRECS,9974.0,4,2,9966.0,9958,9974,9955.0,9976.0,0.0,0.0,0.0,1,at_or_above_ask_touch,9966.0,9951.0,9981.0,9951.0,9988.0,9930.0,9999.0,9971.0,5.0,9964.0,-2.0,9999.0,33.0,False,False,False,False,False,False,False,False,False,False,False,False,False,False,False,False,False,False,23.0,14.0
430700,,,HYDROGEL_PACK,XIRECS,9976.0,4,2,9968.0,9960,9976,9957.0,9978.0,0.0,0.0,0.0,1,at_or_above_ask_touch,9968.0,9951.0,9981.0,9951.0,9988.0,9930.0,9999.0,9968.0,0.0,9968.0,0.0,10002.0,34.0,False,False,False,False,False,False,False,False,False,False,False,False,False,False,False,False,False,False,25.0,12.0
433900,,,HYDROGEL_PACK,XIRECS,9970.0,4,2,9962.0,9954,9970,9952.0,9973.0,0.0,0.0,0.0,1,at_or_above_ask_touch,9962.0,9951.0,9978.0,9951.0,9988.0,9930.0,9999.0,9975.0,13.0,9964.0,2.0,10002.0,40.0,False,False,False,False,False,False,False,False,False,False,False,False,False,False,False,False,False,False,19.0,18.0
436200,,,HYDROGEL_PACK,XIRECS,9968.0,2,2,9976.0,9968,9984,9965.0,9986.0,0.0,0.0,0.0,-1,at_or_below_bid_touch,9976.0,9951.0,9978.0,9951.0,9988.0,9930.0,9999.0,9967.0,-9.0,9965.0,-11.0,10003.0,27.0,False,False,False,False,False,False,False,False,False,False,False,False,False,False,False,False,False,False,17.0,20.0
443400,,,HYDROGEL_PACK,XIRECS,9969.0,4,2,9961.0,9953,9969,9951.0,9972.0,0.0,0.0,0.0,1,at_or_above_ask_touch,9961.0,9951.0,9981.0,9951.0,9988.0,9930.0,9999.0,9976.0,15.0,9965.0,4.0,10007.0,46.0,False,False,False,False,False,False,False,False,False,False,False,False,False,False,False,False,False,False,18.0,19.0
445300,,,HYDROGEL_PACK,XIRECS,9974.0,2,2,9966.0,9958,9974,9956.0,9977.0,0.0,0.0,0.0,1,at_or_above_ask_touch,9966.0,9953.5,9981.0,9951.0,9988.0,9930.0,9999.0,9982.0,16.0,9952.0,-14.0,10000.0,34.0,False,False,False,False,False,False,False,False,False,False,False,False,False,False,False,False,False,False,23.0,14.0
449000,,,HYDROGEL_PACK,XIRECS,9979.0,6,2,9987.0,9979,9995,9977.0,9998.0,0.0,0.0,0.0,-1,at_or_below_bid_touch,9987.0,9953.5,9987.0,9951.0,9988.0,9944.0,9999.0,9963.0,-24.0,9957.0,-30.0,9982.0,-5.0,False,False,False,False,False,False,False,False,False,False,False,False,False,False,False,False,False,False,28.0,9.0
450900,,,HYDROGEL_PACK,XIRECS,9988.0,6,2,9980.0,9972,9988,9970.0,9991.0,0.0,0.0,0.0,1,at_or_above_ask_touch,9980.0,9954.0,9995.0,9951.0,9995.0,9944.0,9999.0,9950.0,-30.0,9975.0,-5.0,9983.0,3.0,False,False,False,False,False,False,False,False,False,False,False,False,False,False,False,False,False,False,37.0,7.0
452000,,,HYDROGEL_PACK,XIRECS,9965.0,3,2,9973.0,9965,9981,9962.0,9983.0,0.0,0.0,0.0,-1,at_or_below_bid_touch,9973.0,9954.0,9995.0,9951.0,9995.0,9951.0,9999.0,9955.0,-18.0,9980.0,7.0,9981.0,8.0,False,False,False,False,False,False,False,False,False,False,False,False,False,False,False,False,False,False,14.0,30.0
452800,,,HYDROGEL_PACK,XIRECS,9974.0,4,2,9966.0,9958,9974,9956.0,9977.0,0.0,0.0,0.0,1,at_or_above_ask_touch,9966.0,9954.0,9995.0,9951.0,9995.0,9951.0,9999.0,9957.0,-9.0,9983.0,17.0,9976.5,10.5,False,False,False,False,False,False,False,False,False,False,False,False,False,False,False,False,False,False,23.0,21.0
478900,,,HYDROGEL_PACK,XIRECS,9997.0,3,2,9989.0,9981,9997,9978.0,9999.0,0.0,0.0,0.0,1,at_or_above_ask_touch,9989.0,9957.0,9997.0,9950.0,9997.0,9950.0,9997.0,10002.0,13.0,9992.0,3.0,9995.0,6.0,False,True,False,True,False,True,False,True,False,True,False,True,False,True,False,True,False,True,47.0,0.0
480900,,,HYDROGEL_PACK,XIRECS,9994.0,2,2,10002.0,9994,10010,9992.0,10013.0,0.0,0.0,0.0,-1,at_or_below_bid_touch,10002.0,9974.0,10003.0,9950.0,10003.0,9950.0,10003.0,10005.0,3.0,9999.0,-3.0,9996.0,-6.0,False,False,False,False,False,False,False,False,False,False,False,False,False,False,False,False,False,False,44.0,9.0
481400,,,HYDROGEL_PACK,XIRECS,9996.0,2,2,10004.0,9996,10012,9993.0,10014.0,0.0,0.0,0.0,-1,at_or_below_bid_touch,10004.0,9974.0,10004.0,9950.0,10004.0,9950.0,10004.0,9999.0,-5.0,9989.0,-15.0,9986.0,-18.0,False,False,False,False,False,False,False,False,False,False,False,False,False,False,False,False,False,False,46.0,8.0
482400,,,HYDROGEL_PACK,XIRECS,10013.0,3,2,10005.0,9997,10013,9995.0,10016.0,0.0,0.0,0.0,1,at_or_above_ask_touch,10005.0,9974.0,10009.0,9950.0,10009.0,9950.0,10009.0,10003.0,-2.0,10004.0,-1.0,9977.0,-28.0,False,True,False,True,False,True,False,True,False,True,False,True,False,True,False,True,False,True,63.0,-4.0
488200,,,HYDROGEL_PACK,XIRECS,9994.0,2,2,10002.0,9994,10010,9992.0,10013.0,0.0,0.0,0.0,-1,at_or_below_bid_touch,10002.0,9974.0,10009.0,9950.0,10009.0,9950.0,10009.0,10006.0,4.0,9986.0,-16.0,9977.5,-24.5,False,False,False,False,False,False,False,False,False,False,False,False,False,False,False,False,False,False,44.0,15.0
488700,,,HYDROGEL_PACK,XIRECS,9985.0,5,2,9993.0,9985,10001,9983.0,10004.0,0.0,0.0,0.0,-1,at_or_below_bid_touch,9993.0,9974.0,10009.0,9950.0,10009.0,9950.0,10009.0,10008.0,15.0,9983.0,-10.0,9968.0,-25.0,False,False,False,False,False,False,False,False,False,False,False,False,False,False,False,False,False,False,35.0,24.0
493800,,,HYDROGEL_PACK,XIRECS,10020.0,6,2,10012.0,10004,10020,10002.0,10023.0,0.0,0.0,0.0,1,at_or_above_ask_touch,10012.0,9979.0,10012.0,9950.0,10012.0,9950.0,10012.0,9987.0,-25.0,9981.0,-31.0,9967.0,-45.0,False,True,False,True,False,True,False,True,False,True,False,True,False,True,False,True,False,True,70.0,-8.0
495700,,,HYDROGEL_PACK,XIRECS,9985.0,3,2,9993.0,9985,10001,9983.0,10004.0,0.0,0.0,0.0,-1,at_or_below_bid_touch,9993.0,9979.0,10014.0,9950.0,10014.0,9950.0,10014.0,9981.0,-12.0,9980.5,-12.5,9972.0,-21.0,False,False,False,False,False,False,False,False,False,False,False,False,False,False,False,False,False,False,35.0,29.0
498500,,,HYDROGEL_PACK,XIRECS,9977.0,4,2,9985.0,9977,9993,9974.0,9995.0,0.0,0.0,0.0,-1,at_or_below_bid_touch,9985.0,9981.0,10014.0,9950.0,10014.0,9950.0,10014.0,9983.0,-2.0,9992.0,7.0,9971.0,-14.0,True,False,True,False,True,False,False,False,False,False,False,False,False,False,False,False,False,False,27.0,37.0
500600,,,HYDROGEL_PACK,XIRECS,9976.0,5,2,9984.0,9976,9992,9973.0,9994.0,0.0,0.0,0.0,-1,at_or_below_bid_touch,9984.0,9976.0,10014.0,9950.0,10014.0,9950.0,10014.0,9980.0,-4.0,9997.0,13.0,9964.0,-20.0,True,False,True,False,True,False,False,False,False,False,False,False,False,False,False,False,False,False,26.0,38.0
501600,,,HYDROGEL_PACK,XIRECS,9976.0,4,2,9984.0,9976,9992,9974.0,9995.0,0.0,0.0,0.0,-1,at_or_below_bid_touch,9984.0,9976.0,10014.0,9950.0,10014.0,9950.0,10014.0,9984.0,0.0,9988.0,4.0,9957.5,-26.5,True,False,True,False,True,False,False,False,False,False,False,False,False,False,False,False,False,False,26.0,38.0
503600,,,HYDROGEL_PACK,XIRECS,9975.0,2,2,9983.0,9975,9991,9972.0,9993.0,0.0,0.0,0.0,-1,at_or_below_bid_touch,9983.0,9974.0,10014.0,9950.0,10014.0,9950.0,10014.0,9992.0,9.0,9995.0,12.0,9961.0,-22.0,False,False,True,False,True,False,False,False,False,False,False,False,False,False,False,False,False,False,25.0,39.0
511000,,,HYDROGEL_PACK,XIRECS,9989.0,6,2,9997.0,9989,10005,9986.0,10007.0,0.0,0.0,0.0,-1,at_or_below_bid_touch,9997.0,9974.0,10014.0,9974.0,10014.0,9950.0,10014.0,9994.0,-3.0,9973.0,-24.0,9988.0,-9.0,False,False,False,False,False,False,False,False,False,False,False,False,False,False,False,False,False,False,15.0,25.0
512800,,,HYDROGEL_PACK,XIRECS,9982.0,4,2,9989.5,9982,9997,9979.0,10000.0,0.0,0.0,0.0,-1,at_or_below_bid_touch,9989.5,9974.0,10014.0,9974.0,10014.0,9950.0,10014.0,9978.0,-11.5,9977.0,-12.5,9990.0,0.5,False,False,False,False,False,False,False,False,False,False,False,False,False,False,False,False,False,False,8.0,32.0
516500,,,HYDROGEL_PACK,XIRECS,9977.0,5,2,9985.0,9977,9993,9975.0,9996.0,0.0,0.0,0.0,-1,at_or_below_bid_touch,9985.0,9974.0,10000.0,9974.0,10014.0,9950.0,10014.0,9973.0,-12.0,9981.0,-4.0,9968.0,-17.0,False,False,False,False,False,False,False,False,False,False,False,False,False,False,False,False,False,False,3.0,37.0
519800,,,HYDROGEL_PACK,XIRECS,9982.0,6,2,9974.0,9966,9982,9964.0,9985.0,0.0,0.0,0.0,1,at_or_above_ask_touch,9974.0,9974.0,10000.0,9974.0,10014.0,9950.0,10014.0,9979.0,5.0,9993.0,19.0,9988.0,14.0,False,False,False,False,False,False,False,False,False,False,False,False,False,False,False,False,False,False,8.0,32.0
524600,,,HYDROGEL_PACK,XIRECS,9969.0,5,2,9977.0,9969,9985,9967.0,9988.0,0.0,0.0,0.0,-1,at_or_below_bid_touch,9977.0,9969.0,10000.0,9969.0,10014.0,9950.0,10014.0,9993.0,16.0,9964.0,-13.0,9987.0,10.0,True,False,True,False,True,False,True,False,True,False,True,False,False,False,False,False,False,False,0.0,45.0
526300,,,HYDROGEL_PACK,XIRECS,9966.0,3,2,9974.0,9966,9982,9963.0,9984.0,0.0,0.0,0.0,-1,at_or_below_bid_touch,9974.0,9969.0,10000.0,9969.0,10014.0,9950.0,10014.0,9991.0,17.0,9966.0,-8.0,9996.0,22.0,True,False,True,False,True,False,True,False,True,False,True,False,False,False,False,False,False,False,-3.0,48.0
530900,,,HYDROGEL_PACK,XIRECS,9988.0,3,2,9996.0,9988,10004,9985.0,10006.0,0.0,0.0,0.0,-1,at_or_below_bid_touch,9996.0,9969.0,9999.0,9969.0,10014.0,9950.0,10014.0,9966.0,-30.0,9970.0,-26.0,9990.0,-6.0,False,False,False,False,False,False,False,False,False,False,False,False,False,False,False,False,False,False,19.0,26.0
534700,,,HYDROGEL_PACK,XIRECS,9958.0,3,2,9965.5,9958,9973,9955.0,9976.0,0.0,0.0,0.0,-1,at_or_below_bid_touch,9965.5,9964.0,9997.0,9964.0,10014.0,9950.0,10014.0,9968.5,3.0,9966.0,0.5,10009.0,43.5,True,False,True,False,True,False,True,False,True,False,True,False,False,False,False,False,False,False,-6.0,56.0
534900,,,HYDROGEL_PACK,XIRECS,9976.0,3,2,9968.0,9960,9976,9957.0,9978.0,0.0,0.0,0.0,1,at_or_above_ask_touch,9968.0,9964.0,9997.0,9964.0,10014.0,9950.0,10014.0,9971.0,3.0,9970.0,2.0,10013.0,45.0,False,False,False,False,False,False,False,False,False,False,False,False,False,False,False,False,False,False,12.0,38.0
535100,,,HYDROGEL_PACK,XIRECS,9961.0,2,2,9969.0,9961,9977,9959.0,9980.0,0.0,0.0,0.0,-1,at_or_below_bid_touch,9969.0,9964.0,9997.0,9964.0,10014.0,9950.0,10014.0,9972.0,3.0,9972.0,3.0,10008.5,39.5,True,False,True,False,True,False,True,False,True,False,True,False,False,False,False,False,False,False,-3.0,53.0
540500,,,HYDROGEL_PACK,XIRECS,9982.0,2,2,9974.0,9966,9982,9963.0,9984.0,0.0,0.0,0.0,1,at_or_above_ask_touch,9974.0,9964.0,9997.0,9964.0,10014.0,9950.0,10014.0,9972.0,-2.0,9966.0,-8.0,10008.0,34.0,False,False,False,False,False,False,False,False,False,False,False,False,False,False,False,False,False,False,18.0,32.0
540600,,,HYDROGEL_PACK,XIRECS,9980.0,2,2,9972.0,9964,9980,9962.0,9983.0,0.0,0.0,0.0,1,at_or_above_ask_touch,9972.0,9964.0,9997.0,9964.0,10014.0,9950.0,10014.0,9970.0,-2.0,9964.0,-8.0,10011.0,39.0,False,False,False,False,False,False,False,False,False,False,False,False,False,False,False,False,False,False,16.0,34.0
543800,,,HYDROGEL_PACK,XIRECS,9975.0,6,2,9967.0,9959,9975,9957.0,9977.0,0.0,0.0,0.0,1,at_or_above_ask_touch,9967.0,9964.0,9997.0,9964.0,10014.0,9950.0,10014.0,9972.0,5.0,9960.0,-7.0,10020.0,53.0,False,False,False,False,False,False,False,False,False,False,False,False,False,False,False,False,False,False,11.0,39.0
544400,,,HYDROGEL_PACK,XIRECS,9976.0,6,2,9971.5,9967,9976,9957.0,9978.0,-0.2,0.09302325581395349,0.0,1,at_or_above_ask_touch,9971.5,9964.0,9997.0,9964.0,10010.0,9950.0,10014.0,9969.5,-2.0,9956.0,-15.5,10015.0,43.5,False,False,False,False,False,False,False,False,False,False,False,False,False,False,False,False,False,False,12.0,34.0
547000,,,HYDROGEL_PACK,XIRECS,9969.0,6,2,9977.0,9969,9985,9967.0,9988.0,0.0,0.0,0.0,-1,at_or_below_bid_touch,9977.0,9964.0,9997.0,9964.0,10000.0,9950.0,10014.0,9964.0,-13.0,9965.0,-12.0,10002.0,25.0,False,False,False,False,False,False,False,False,False,False,False,False,False,False,False,False,False,False,5.0,31.0
548500,,,HYDROGEL_PACK,XIRECS,9963.0,6,2,9971.0,9963,9979,9960.0,9981.0,0.0,0.0,0.0,-1,at_or_below_bid_touch,9971.0,9964.0,9997.0,9964.0,10000.0,9950.0,10014.0,9960.0,-11.0,9974.0,3.0,10009.0,38.0,True,False,True,False,True,False,True,False,True,False,True,False,False,False,False,False,False,False,-1.0,37.0
553400,,,HYDROGEL_PACK,XIRECS,9968.0,2,2,9960.0,9952,9968,9950.0,9971.0,0.0,0.0,0.0,1,at_or_above_ask_touch,9960.0,9957.0,9983.0,9957.0,10000.0,9950.0,10014.0,9972.0,12.0,9985.0,25.0,10029.0,69.0,False,False,False,False,False,False,False,False,False,False,False,False,False,False,False,False,False,False,11.0,32.0
556000,,,HYDROGEL_PACK,XIRECS,9976.0,5,2,9968.0,9960,9976,9957.0,9978.0,0.0,0.0,0.0,1,at_or_above_ask_touch,9968.0,9956.0,9979.0,9956.0,10000.0,9952.5,10014.0,9988.0,20.0,9975.0,7.0,10036.0,68.0,False,False,False,False,False,False,False,False,False,False,False,False,False,False,False,False,False,False,20.0,24.0
556100,,,HYDROGEL_PACK,XIRECS,9976.0,5,2,9968.0,9960,9976,9957.0,9978.0,0.0,0.0,0.0,1,at_or_above_ask_touch,9968.0,9956.0,9979.0,9956.0,10000.0,9952.5,10014.0,9990.0,22.0,9974.0,6.0,10035.0,67.0,False,False,False,False,False,False,False,False,False,False,False,False,False,False,False,False,False,False,20.0,24.0
561000,,,HYDROGEL_PACK,XIRECS,9996.0,4,2,9988.0,9980,9996,9978.0,9999.0,0.0,0.0,0.0,1,at_or_above_ask_touch,9988.0,9956.0,9992.0,9956.0,9999.0,9956.0,10014.0,9975.0,-13.0,9984.0,-4.0,10034.0,46.0,False,True,False,True,False,True,False,False,False,False,False,False,False,False,False,False,False,False,40.0,3.0
568500,,,HYDROGEL_PACK,XIRECS,9971.0,2,2,9979.0,9971,9987,9969.0,9990.0,0.0,0.0,0.0,-1,at_or_below_bid_touch,9979.0,9956.0,9992.0,9956.0,9997.0,9956.0,10014.0,9984.0,5.0,9982.5,3.5,10027.0,48.0,False,False,False,False,False,False,False,False,False,False,False,False,False,False,False,False,False,False,15.0,26.0
573800,,,HYDROGEL_PACK,XIRECS,9989.0,3,2,9981.0,9973,9989,9971.0,9991.0,0.0,0.0,0.0,1,at_or_above_ask_touch,9981.0,9956.0,9992.0,9956.0,9997.0,9956.0,10014.0,9978.0,-3.0,10001.0,20.0,10018.0,37.0,False,False,False,False,False,False,False,False,False,False,False,False,False,False,False,False,False,False,33.0,8.0
574200,,,HYDROGEL_PACK,XIRECS,9988.0,6,2,9980.0,9972,9988,9970.0,9991.0,0.0,0.0,0.0,1,at_or_above_ask_touch,9980.0,9956.0,9992.0,9956.0,9997.0,9956.0,10014.0,9986.0,6.0,10002.0,22.0,10020.0,40.0,False,False,False,False,False,False,False,False,False,False,False,False,False,False,False,False,False,False,32.0,9.0
576700,,,HYDROGEL_PACK,XIRECS,10000.0,5,2,9992.0,9984,10000,9981.0,10002.0,0.0,0.0,0.0,1,at_or_above_ask_touch,9992.0,9960.5,9996.0,9956.0,9997.0,9956.0,10014.0,9991.0,-1.0,10010.0,18.0,10016.0,24.0,False,True,False,True,False,True,False,True,False,True,False,True,False,False,False,False,False,False,44.0,-3.0
578300,,,HYDROGEL_PACK,XIRECS,9992.0,6,2,9984.5,9977,9992,9974.0,9995.0,0.0,0.0,0.0,1,at_or_above_ask_touch,9984.5,9966.0,9996.0,9956.0,9997.0,9956.0,10014.0,9990.0,5.5,10005.0,20.5,10026.0,41.5,False,False,False,False,False,False,False,False,False,False,False,False,False,False,False,False,False,False,36.0,5.0
581600,,,HYDROGEL_PACK,XIRECS,10000.0,2,2,9992.0,9984,10000,9982.0,10003.0,0.0,0.0,0.0,1,at_or_above_ask_touch,9992.0,9966.0,9996.0,9956.0,9996.0,9956.0,10014.0,10011.0,19.0,10008.0,16.0,10007.0,15.0,False,True,False,True,False,True,False,True,False,True,False,True,False,False,False,False,False,False,44.0,-4.0
582600,,,HYDROGEL_PACK,XIRECS,9980.0,4,2,9988.0,9980,9996,9978.0,9999.0,0.0,0.0,0.0,-1,at_or_below_bid_touch,9988.0,9966.0,9996.0,9956.0,9996.0,9956.0,10014.0,10005.0,17.0,10008.0,20.0,10007.0,19.0,False,False,False,False,False,False,False,False,False,False,False,False,False,False,False,False,False,False,24.0,16.0
585200,,,HYDROGEL_PACK,XIRECS,10005.0,6,2,10013.0,10005,10021,10003.0,10024.0,0.0,0.0,0.0,-1,at_or_below_bid_touch,10013.0,9966.0,10013.0,9956.0,10013.0,9956.0,10014.0,10003.0,-10.0,10012.0,-1.0,10008.0,-5.0,False,False,False,False,False,False,False,False,False,False,False,False,False,False,False,False,False,False,49.0,8.0
587700,,,HYDROGEL_PACK,XIRECS,10013.0,4,2,10005.0,9997,10013,9995.0,10016.0,0.0,0.0,0.0,1,at_or_above_ask_touch,10005.0,9975.0,10016.5,9956.0,10016.5,9956.0,10016.5,10011.0,6.0,10006.0,1.0,10009.0,4.0,False,False,False,False,False,False,False,False,False,False,False,False,False,False,False,False,False,False,57.0,3.5
588400,,,HYDROGEL_PACK,XIRECS,10015.0,6,2,10007.0,9999,10015,9997.0,10018.0,0.0,0.0,0.0,1,at_or_above_ask_touch,10007.0,9975.0,10016.5,9956.0,10016.5,9956.0,10016.5,10025.0,18.0,10012.0,5.0,10013.0,6.0,False,False,False,False,False,True,False,False,False,False,False,True,False,False,False,False,False,True,59.0,1.5
588800,,,HYDROGEL_PACK,XIRECS,10016.0,2,2,10008.0,10000,10016,9997.0,10018.0,0.0,0.0,0.0,1,at_or_above_ask_touch,10008.0,9975.0,10016.5,9956.0,10016.5,9956.0,10016.5,10020.0,12.0,10014.0,6.0,10010.0,2.0,False,False,False,True,False,True,False,False,False,True,False,True,False,False,False,True,False,True,60.0,0.5
589300,,,HYDROGEL_PACK,XIRECS,10001.0,3,2,10009.0,10001,10017,9998.0,10019.0,0.0,0.0,0.0,-1,at_or_below_bid_touch,10009.0,9975.0,10016.5,9956.0,10016.5,9956.0,10016.5,10016.0,7.0,10012.0,3.0,10013.0,4.0,False,False,False,False,False,False,False,False,False,False,False,False,False,False,False,False,False,False,45.0,15.5
592200,,,HYDROGEL_PACK,XIRECS,10020.0,4,2,10011.5,10003,10020,10001.0,10022.0,0.0,0.0,0.0,1,at_or_above_ask_touch,10011.5,9975.0,10016.5,9956.0,10016.5,9956.0,10016.5,10002.0,-9.5,10023.0,11.5,10012.0,0.5,False,True,False,True,False,True,False,True,False,True,False,True,False,True,False,True,False,True,64.0,-3.5
596100,,,HYDROGEL_PACK,XIRECS,10002.0,3,2,10010.0,10002,10018,9999.0,10020.0,0.0,0.0,0.0,-1,at_or_below_bid_touch,10010.0,9977.0,10025.0,9956.0,10025.0,9956.0,10025.0,10017.0,7.0,10035.0,25.0,10042.0,32.0,False,False,False,False,False,False,False,False,False,False,False,False,False,False,False,False,False,False,46.0,23.0
596600,,,HYDROGEL_PACK,XIRECS,10012.0,6,2,10004.0,9996,10012,9994.0,10015.0,0.0,0.0,0.0,1,at_or_above_ask_touch,10004.0,9977.0,10025.0,9956.0,10025.0,9956.0,10025.0,10021.0,17.0,10032.0,28.0,10034.0,30.0,False,False,False,False,False,False,False,False,False,False,False,False,False,False,False,False,False,False,56.0,13.0
597500,,,HYDROGEL_PACK,XIRECS,10015.0,4,2,10007.0,9999,10015,9996.0,10017.0,0.0,0.0,0.0,1,at_or_above_ask_touch,10007.0,9977.0,10025.0,9956.0,10025.0,9956.0,10025.0,10027.0,20.0,10038.0,31.0,10038.0,31.0,False,False,False,False,False,False,False,False,False,False,False,False,False,False,False,False,False,False,59.0,10.0
601600,,,HYDROGEL_PACK,XIRECS,10013.0,6,2,10021.0,10013,10029,10011.0,10032.0,0.0,0.0,0.0,-1,at_or_below_bid_touch,10021.0,9981.5,10025.0,9956.0,10025.0,9956.0,10025.0,10032.0,11.0,10035.0,14.0,10037.0,16.0,False,False,False,False,False,False,False,False,False,False,False,False,False,False,False,False,False,False,57.0,12.0
604400,,,HYDROGEL_PACK,XIRECS,10043.0,3,2,10035.0,10027,10043,10024.0,10045.0,0.0,0.0,0.0,1,at_or_above_ask_touch,10035.0,10001.5,10035.0,9957.0,10035.0,9956.0,10035.0,10043.0,8.0,10033.5,-1.5,10032.0,-3.0,False,True,False,True,False,True,False,True,False,True,False,True,False,True,False,True,False,True,86.0,-8.0
608900,,,HYDROGEL_PACK,XIRECS,10031.0,2,2,10039.0,10031,10047,10028.0,10049.0,0.0,0.0,0.0,-1,at_or_below_bid_touch,10039.0,10001.5,10041.0,9966.0,10041.0,9956.0,10041.0,10033.0,-6.0,10018.0,-21.0,10035.0,-4.0,False,False,False,False,False,False,False,False,False,False,False,False,False,False,False,False,False,False,65.0,10.0
610900,,,HYDROGEL_PACK,XIRECS,10029.0,5,2,10037.0,10029,10045,10026.0,10047.0,0.0,0.0,0.0,-1,at_or_below_bid_touch,10037.0,10002.0,10043.0,9966.0,10043.0,9956.0,10043.0,10034.0,-3.0,10023.0,-14.0,10037.0,0.0,False,False,False,False,False,False,False,False,False,False,False,False,False,False,False,False,False,False,63.0,14.0
620000,,,HYDROGEL_PACK,XIRECS,10010.0,5,2,10018.0,10010,10026,10007.0,10028.0,0.0,0.0,0.0,-1,at_or_below_bid_touch,10018.0,10004.0,10043.0,9975.0,10043.0,9956.0,10043.0,10028.0,10.0,10024.0,6.0,10029.0,11.0,False,False,False,False,False,False,False,False,False,False,False,False,False,False,False,False,False,False,35.0,33.0
630700,,,HYDROGEL_PACK,XIRECS,10010.0,3,2,10018.0,10010,10026,10008.0,10029.0,0.0,0.0,0.0,-1,at_or_below_bid_touch,10018.0,10011.0,10038.5,9981.5,10043.0,9956.0,10043.0,10009.0,-9.0,10006.0,-12.0,10001.0,-17.0,True,False,True,False,True,False,False,False,False,False,False,False,False,False,False,False,False,False,28.5,33.0
631400,,,HYDROGEL_PACK,XIRECS,10002.0,3,2,10010.0,10002,10018,9999.0,10020.0,0.0,0.0,0.0,-1,at_or_below_bid_touch,10010.0,10010.0,10038.5,9981.5,10043.0,9956.0,10043.0,10004.0,-6.0,10007.0,-3.0,10008.0,-2.0,True,False,True,False,True,False,False,False,False,False,False,False,False,False,False,False,False,False,20.5,41.0
633100,,,HYDROGEL_PACK,XIRECS,10017.0,6,2,10009.0,10001,10017,9998.0,10019.0,0.0,0.0,0.0,1,at_or_above_ask_touch,10009.0,10002.0,10036.0,9983.0,10043.0,9956.0,10043.0,10011.0,2.0,10023.0,14.0,10009.0,0.0,False,False,False,False,False,False,False,False,False,False,False,False,False,False,False,False,False,False,34.0,26.0
634300,,,HYDROGEL_PACK,XIRECS,10009.0,4,2,10001.0,9993,10009,9991.0,10012.0,0.0,0.0,0.0,1,at_or_above_ask_touch,10001.0,10001.0,10036.0,10001.0,10043.0,9956.0,10043.0,10013.0,12.0,10023.0,22.0,10002.0,1.0,False,False,False,False,False,False,False,False,False,False,False,False,False,False,False,False,False,False,8.0,34.0
640000,,,HYDROGEL_PACK,XIRECS,10001.0,2,2,10009.0,10001,10017,9998.0,10019.0,0.0,0.0,0.0,-1,at_or_below_bid_touch,10009.0,9998.0,10033.0,9998.0,10043.0,9956.0,10043.0,10024.0,15.0,10037.0,28.0,10007.0,-2.0,False,False,False,False,False,False,False,False,False,False,False,False,False,False,False,False,False,False,3.0,42.0
645000,,,HYDROGEL_PACK,XIRECS,10016.0,4,2,10024.0,10016,10032,10014.0,10035.0,0.0,0.0,0.0,-1,at_or_below_bid_touch,10024.0,9998.0,10033.0,9998.0,10043.0,9956.0,10043.0,10037.0,13.0,10031.0,7.0,10012.5,-11.5,False,False,False,False,False,False,False,False,False,False,False,False,False,False,False,False,False,False,18.0,27.0
650000,,,HYDROGEL_PACK,XIRECS,10029.0,4,2,10037.0,10029,10045,10026.0,10047.0,0.0,0.0,0.0,-1,at_or_below_bid_touch,10037.0,9998.0,10043.0,9998.0,10043.0,9956.0,10043.0,10031.0,-6.0,10040.0,3.0,10009.0,-28.0,False,False,False,False,False,False,False,False,False,False,False,False,False,False,False,False,False,False,31.0,14.0
655500,,,HYDROGEL_PACK,XIRECS,10024.0,3,2,10032.5,10024,10041,10022.0,10043.0,0.0,0.0,0.0,-1,at_or_below_bid_touch,10032.5,10003.0,10045.0,9998.0,10045.0,9960.5,10045.0,10040.0,7.5,10024.0,-8.5,10022.0,-10.5,False,False,False,False,False,False,False,False,False,False,False,False,False,False,False,False,False,False,26.0,21.0
659500,,,HYDROGEL_PACK,XIRECS,10046.0,5,2,10038.0,10030,10046,10028.0,10049.0,0.0,0.0,0.0,1,at_or_above_ask_touch,10038.0,10005.0,10045.0,9998.0,10045.0,9966.0,10045.0,10028.0,-10.0,10030.0,-8.0,10026.0,-12.0,False,True,False,True,False,True,False,True,False,True,False,True,False,True,False,True,False,True,48.0,-1.0
661900,,,HYDROGEL_PACK,XIRECS,10024.0,6,2,10032.0,10024,10040,10022.0,10043.0,0.0,0.0,0.0,-1,at_or_below_bid_touch,10032.0,10010.0,10045.0,9998.0,10045.0,9966.0,10045.0,10024.0,-8.0,10010.0,-22.0,10037.0,5.0,False,False,False,False,False,False,False,False,False,False,False,False,False,False,False,False,False,False,26.0,21.0
663000,,,HYDROGEL_PACK,XIRECS,10025.0,2,2,10033.0,10025,10041,10023.0,10044.0,0.0,0.0,0.0,-1,at_or_below_bid_touch,10033.0,10020.0,10045.0,9998.0,10045.0,9966.0,10045.0,10035.0,2.0,10008.0,-25.0,10042.0,9.0,False,False,False,False,False,False,False,False,False,False,False,False,False,False,False,False,False,False,27.0,20.0
674000,,,HYDROGEL_PACK,XIRECS,10015.0,2,2,10007.0,9999,10015,9996.0,10017.0,0.0,0.0,0.0,1,at_or_above_ask_touch,10007.0,10001.0,10040.0,9998.0,10045.0,9977.0,10045.0,9998.0,-9.0,10001.0,-6.0,10051.0,44.0,False,False,False,False,False,False,False,False,False,False,False,False,False,False,False,False,False,False,17.0,30.0
674400,,,HYDROGEL_PACK,XIRECS,10012.0,4,2,10004.0,9996,10012,9993.0,10014.0,0.0,0.0,0.0,1,at_or_above_ask_touch,10004.0,10001.0,10040.0,9998.0,10045.0,9977.0,10045.0,9997.0,-7.0,10002.0,-2.0,10048.0,44.0,False,False,False,False,False,False,False,False,False,False,False,False,False,False,False,False,False,False,14.0,33.0
675300,,,HYDROGEL_PACK,XIRECS,10017.0,2,2,10009.0,10001,10017,9999.0,10020.0,0.0,0.0,0.0,1,at_or_above_ask_touch,10009.0,10001.0,10040.0,9998.0,10045.0,9977.0,10045.0,10001.0,-8.0,10001.0,-8.0,10043.0,34.0,False,False,False,False,False,False,False,False,False,False,False,False,False,False,False,False,False,False,19.0,28.0
675600,,,HYDROGEL_PACK,XIRECS,10018.0,3,2,10010.0,10002,10018,9999.0,10020.0,0.0,0.0,0.0,1,at_or_above_ask_touch,10010.0,10001.0,10040.0,9998.0,10045.0,9977.0,10045.0,10001.0,-9.0,10001.0,-9.0,10043.0,33.0,False,False,False,False,False,False,False,False,False,False,False,False,False,False,False,False,False,False,20.0,27.0
678700,,,HYDROGEL_PACK,XIRECS,10013.0,6,2,10005.0,9997,10013,9995.0,10016.0,0.0,0.0,0.0,1,at_or_above_ask_touch,10005.0,10001.0,10040.0,9998.0,10045.0,9978.0,10045.0,10003.0,-2.0,10013.0,8.0,10043.0,38.0,False,False,False,False,False,False,False,False,False,False,False,False,False,False,False,False,False,False,15.0,32.0
681000,,,HYDROGEL_PACK,XIRECS,10010.0,5,2,10002.0,9994,10010,9992.0,10013.0,0.0,0.0,0.0,1,at_or_above_ask_touch,10002.0,9989.5,10037.0,9989.5,10045.0,9981.5,10045.0,10002.0,0.0,9999.0,-3.0,10031.5,29.5,False,False,False,False,False,False,False,False,False,False,False,False,False,False,False,False,False,False,20.5,35.0
686100,,,HYDROGEL_PACK,XIRECS,9996.0,6,2,10004.0,9996,10012,9993.0,10014.0,0.0,0.0,0.0,-1,at_or_below_bid_touch,10004.0,9989.5,10037.0,9989.5,10045.0,9989.5,10045.0,9998.0,-6.0,10006.0,2.0,10013.0,9.0,False,False,False,False,False,False,False,False,False,False,False,False,False,False,False,False,False,False,6.5,49.0
686700,,,HYDROGEL_PACK,XIRECS,10016.0,5,2,10008.0,10000,10016,9997.0,10018.0,0.0,0.0,0.0,1,at_or_above_ask_touch,10008.0,9989.5,10037.0,9989.5,10045.0,9989.5,10045.0,9998.0,-10.0,10013.0,5.0,10007.0,-1.0,False,False,False,False,False,False,False,False,False,False,False,False,False,False,False,False,False,False,26.5,29.0
689700,,,HYDROGEL_PACK,XIRECS,9997.0,5,2,10005.0,9997,10013,9994.0,10015.0,0.0,0.0,0.0,-1,at_or_below_bid_touch,10005.0,9989.5,10030.0,9989.5,10045.0,9989.5,10045.0,10012.0,7.0,10007.0,2.0,10011.0,6.0,False,False,False,False,False,False,False,False,False,False,False,False,False,False,False,False,False,False,7.5,48.0
690800,,,HYDROGEL_PACK,XIRECS,9990.0,5,2,9998.0,9990,10006,9988.0,10009.0,0.0,0.0,0.0,-1,at_or_below_bid_touch,9998.0,9989.5,10019.0,9989.5,10045.0,9989.5,10045.0,10012.0,14.0,10010.0,12.0,10010.0,12.0,False,False,True,False,True,False,False,False,True,False,True,False,False,False,True,False,True,False,0.5,55.0
691600,,,HYDROGEL_PACK,XIRECS,9990.0,5,2,9998.0,9990,10006,9988.0,10009.0,0.0,0.0,0.0,-1,at_or_below_bid_touch,9998.0,9989.5,10018.0,9989.5,10045.0,9989.5,10045.0,10013.0,15.0,10021.0,23.0,10014.0,16.0,False,False,True,False,True,False,False,False,True,False,True,False,False,False,True,False,True,False,0.5,55.0
694500,,,HYDROGEL_PACK,XIRECS,10016.0,4,2,10008.0,10000,10016,9998.0,10019.0,0.0,0.0,0.0,1,at_or_above_ask_touch,10008.0,9989.5,10018.0,9989.5,10045.0,9989.5,10045.0,10009.0,1.0,10016.0,8.0,10012.0,4.0,False,False,False,False,False,True,False,False,False,False,False,False,False,False,False,False,False,False,26.5,29.0
696000,,,HYDROGEL_PACK,XIRECS,10016.0,2,2,10008.0,10000,10016,9998.0,10019.0,0.0,0.0,0.0,1,at_or_above_ask_touch,10008.0,9989.5,10018.0,9989.5,10045.0,9989.5,10045.0,10011.0,3.0,10024.0,16.0,10010.0,2.0,False,False,False,False,False,True,False,False,False,False,False,False,False,False,False,False,False,False,26.5,29.0
697000,,,HYDROGEL_PACK,XIRECS,10017.0,4,2,10009.0,10001,10017,9998.0,10019.0,0.0,0.0,0.0,1,at_or_above_ask_touch,10009.0,9989.5,10018.0,9989.5,10045.0,9989.5,10045.0,10016.0,7.0,10023.0,14.0,10002.0,-7.0,False,False,False,True,False,True,False,False,False,False,False,False,False,False,False,False,False,False,27.5,28.0
697400,,,HYDROGEL_PACK,XIRECS,10018.0,2,2,10010.0,10002,10018,9999.0,10020.0,0.0,0.0,0.0,1,at_or_above_ask_touch,10010.0,9989.5,10018.0,9989.5,10045.0,9989.5,10045.0,10020.0,10.0,10025.0,15.0,9998.0,-12.0,False,True,False,True,False,True,False,False,False,False,False,False,False,False,False,False,False,False,28.5,27.0
698800,,,HYDROGEL_PACK,XIRECS,9999.0,2,2,10007.0,9999,10015,9996.0,10017.0,0.0,0.0,0.0,-1,at_or_below_bid_touch,10007.0,9989.5,10018.0,9989.5,10045.0,9989.5,10045.0,10021.0,14.0,10021.0,14.0,9993.0,-14.0,False,False,False,False,False,False,False,False,False,False,False,False,False,False,False,False,False,False,9.5,46.0
705900,,,HYDROGEL_PACK,XIRECS,10032.0,6,2,10024.0,10016,10032,10014.0,10035.0,0.0,0.0,0.0,1,at_or_above_ask_touch,10024.0,9994.0,10024.0,9989.5,10040.0,9989.5,10045.0,10034.0,10.0,10046.0,22.0,10008.0,-16.0,False,True,False,True,False,True,False,False,False,False,False,False,False,False,False,False,False,False,42.5,8.0
707900,,,HYDROGEL_PACK,XIRECS,10021.0,6,2,10029.0,10021,10037,10019.0,10040.0,0.0,0.0,0.0,-1,at_or_below_bid_touch,10029.0,9994.0,10029.0,9989.5,10040.0,9989.5,10045.0,10043.0,14.0,10038.0,9.0,10014.0,-15.0,False,False,False,False,False,False,False,False,False,False,False,False,False,False,False,False,False,False,31.5,19.0
715500,,,HYDROGEL_PACK,XIRECS,10036.0,6,2,10044.0,10036,10052,10034.0,10055.0,0.0,0.0,0.0,-1,at_or_below_bid_touch,10044.0,9998.0,10050.0,9989.5,10050.0,9989.5,10050.0,10040.0,-4.0,10044.0,0.0,10040.0,-4.0,False,False,False,False,False,False,False,False,False,False,False,False,False,False,False,False,False,False,46.5,14.0
716900,,,HYDROGEL_PACK,XIRECS,10028.0,3,2,10036.0,10028,10044,10025.0,10046.0,0.0,0.0,0.0,-1,at_or_below_bid_touch,10036.0,9998.0,10050.0,9989.5,10050.0,9989.5,10050.0,10049.0,13.0,10040.0,4.0,10042.0,6.0,False,False,False,False,False,False,False,False,False,False,False,False,False,False,False,False,False,False,38.5,22.0
719000,,,HYDROGEL_PACK,XIRECS,10033.0,5,2,10041.0,10033,10049,10030.0,10051.0,0.0,0.0,0.0,-1,at_or_below_bid_touch,10041.0,10005.0,10050.0,9989.5,10050.0,9989.5,10050.0,10051.0,10.0,10039.5,-1.5,10036.0,-5.0,False,False,False,False,False,False,False,False,False,False,False,False,False,False,False,False,False,False,43.5,17.0
727700,,,HYDROGEL_PACK,XIRECS,10040.0,6,2,10032.0,10024,10040,10021.0,10042.0,0.0,0.0,0.0,1,at_or_above_ask_touch,10032.0,10019.0,10051.0,9989.5,10051.0,9989.5,10051.0,10017.0,-15.0,9998.0,-34.0,10043.0,11.0,False,False,False,False,False,False,False,False,False,False,False,False,False,False,False,False,False,False,50.5,11.0
734200,,,HYDROGEL_PACK,XIRECS,10029.0,5,2,10021.0,10013,10029,10010.0,10031.0,0.0,0.0,0.0,1,at_or_above_ask_touch,10021.0,10017.0,10051.0,9994.0,10051.0,9989.5,10051.0,10006.0,-15.0,10014.0,-7.0,10019.0,-2.0,False,False,False,False,False,False,False,False,False,False,False,False,False,False,False,False,False,False,35.0,22.0
736200,,,HYDROGEL_PACK,XIRECS,10004.0,6,2,10012.0,10004,10020,10001.0,10022.0,0.0,0.0,0.0,-1,at_or_below_bid_touch,10012.0,10012.0,10051.0,9994.0,10051.0,9989.5,10051.0,10013.0,1.0,10006.0,-6.0,10021.0,9.0,True,False,True,False,True,False,False,False,False,False,False,False,False,False,False,False,False,False,10.0,47.0
737300,,,HYDROGEL_PACK,XIRECS,10014.0,6,2,10006.0,9998,10014,9995.0,10016.0,0.0,0.0,0.0,1,at_or_above_ask_touch,10006.0,10000.0,10051.0,9994.0,10051.0,9989.5,10051.0,10014.0,8.0,9998.0,-8.0,10017.0,11.0,False,False,False,False,False,False,False,False,False,False,False,False,False,False,False,False,False,False,20.0,37.0
739000,,,HYDROGEL_PACK,XIRECS,9996.0,4,2,10004.0,9996,10012,9994.0,10015.0,0.0,0.0,0.0,-1,at_or_below_bid_touch,10004.0,9997.0,10051.0,9994.0,10051.0,9989.5,10051.0,10011.0,7.0,9997.0,-7.0,10006.0,2.0,True,False,True,False,True,False,False,False,False,False,True,False,False,False,False,False,False,False,2.0,55.0
740000,,,HYDROGEL_PACK,XIRECS,10001.0,4,2,10009.0,10001,10017,9999.0,10020.0,0.0,0.0,0.0,-1,at_or_below_bid_touch,10009.0,9997.0,10051.0,9994.0,10051.0,9989.5,10051.0,10009.0,0.0,10005.0,-4.0,10003.0,-6.0,False,False,False,False,False,False,False,False,False,False,False,False,False,False,False,False,False,False,7.0,50.0
743500,,,HYDROGEL_PACK,XIRECS,10003.0,5,2,10011.0,10003,10019,10000.0,10021.0,0.0,0.0,0.0,-1,at_or_below_bid_touch,10011.0,9997.0,10051.0,9997.0,10051.0,9989.5,10051.0,9994.0,-17.0,10000.0,-11.0,9995.0,-16.0,False,False,False,False,False,False,False,False,False,False,False,False,False,False,False,False,False,False,6.0,48.0
747700,,,HYDROGEL_PACK,XIRECS,9988.0,3,2,9996.0,9988,10004,9986.0,10007.0,0.0,0.0,0.0,-1,at_or_below_bid_touch,9996.0,9996.0,10043.0,9996.0,10051.0,9989.5,10051.0,10003.0,7.0,10018.0,22.0,9987.0,-9.0,True,False,True,False,True,False,True,False,True,False,True,False,True,False,True,False,True,False,-8.0,63.0
749400,,,HYDROGEL_PACK,XIRECS,10016.0,5,2,10008.0,10000,10016,9997.0,10018.0,0.0,0.0,0.0,1,at_or_above_ask_touch,10008.0,9993.0,10035.5,9993.0,10051.0,9989.5,10051.0,10006.0,-2.0,10024.0,16.0,9988.0,-20.0,False,False,False,False,False,False,False,False,False,False,False,False,False,False,False,False,False,False,23.0,35.0
750200,,,HYDROGEL_PACK,XIRECS,10006.0,3,2,10002.5,9999,10006,9996.0,10017.0,0.5,-0.047619047619047616,0.0,1,at_or_above_ask_touch,10002.5,9993.0,10034.0,9993.0,10051.0,9989.5,10051.0,10012.0,9.5,10030.0,27.5,9988.0,-14.5,False,False,False,False,False,False,False,False,False,False,False,False,False,False,False,False,False,False,13.0,45.0
752100,,,HYDROGEL_PACK,XIRECS,10012.0,6,2,10004.0,9996,10012,9993.0,10014.0,0.0,0.0,0.0,1,at_or_above_ask_touch,10004.0,9993.0,10027.0,9993.0,10051.0,9989.5,10051.0,10013.0,9.0,10033.0,29.0,10003.0,-1.0,False,False,False,False,False,False,False,False,False,False,False,False,False,False,False,False,False,False,19.0,39.0
752500,,,HYDROGEL_PACK,XIRECS,9997.0,5,2,10005.0,9997,10013,9994.0,10015.0,0.0,0.0,0.0,-1,at_or_below_bid_touch,10005.0,9993.0,10027.0,9993.0,10051.0,9989.5,10051.0,10013.0,8.0,10043.0,38.0,10003.0,-2.0,False,False,False,False,False,False,False,False,False,False,False,False,False,False,False,False,False,False,4.0,54.0
753400,,,HYDROGEL_PACK,XIRECS,10008.0,4,2,10000.0,9992,10008,9990.0,10011.0,0.0,0.0,0.0,1,at_or_above_ask_touch,10000.0,9993.0,10027.0,9993.0,10051.0,9989.5,10051.0,10017.0,17.0,10036.0,36.0,10008.0,8.0,False,False,False,False,False,False,False,False,False,False,False,False,False,False,False,False,False,False,15.0,43.0
755000,,,HYDROGEL_PACK,XIRECS,10002.0,4,2,10010.0,10002,10018,9999.0,10020.0,0.0,0.0,0.0,-1,at_or_below_bid_touch,10010.0,9993.0,10027.0,9993.0,10051.0,9989.5,10051.0,10025.0,15.0,10040.0,30.0,10013.0,3.0,False,False,False,False,False,False,False,False,False,False,False,False,False,False,False,False,False,False,9.0,49.0
759500,,,HYDROGEL_PACK,XIRECS,10016.0,2,2,10024.0,10016,10032,10014.0,10035.0,0.0,0.0,0.0,-1,at_or_below_bid_touch,10024.0,9993.0,10026.0,9993.0,10051.0,9989.5,10051.0,10043.0,19.0,10036.0,12.0,9996.0,-28.0,False,False,False,False,False,False,False,False,False,False,False,False,False,False,False,False,False,False,23.0,35.0
766500,,,HYDROGEL_PACK,XIRECS,10039.0,4,2,10047.0,10039,10055,10036.0,10058.0,0.0,0.0,0.0,-1,at_or_below_bid_touch,10047.0,9993.0,10048.0,9993.0,10051.0,9989.5,10051.0,10041.0,-6.0,10042.0,-5.0,10034.0,-13.0,False,False,False,False,False,False,False,False,False,False,False,False,False,False,False,False,False,False,46.0,12.0
767700,,,HYDROGEL_PACK,XIRECS,10043.0,6,2,10035.0,10027,10043,10024.0,10046.0,0.0,0.0,0.0,1,at_or_above_ask_touch,10035.0,9993.0,10048.0,9993.0,10051.0,9989.5,10051.0,10042.0,7.0,10043.0,8.0,10033.0,-2.0,False,False,False,False,False,False,False,False,False,False,False,False,False,False,False,False,False,False,50.0,8.0
771300,,,HYDROGEL_PACK,XIRECS,10051.0,4,2,10043.0,10035,10051,10032.0,10053.0,0.0,0.0,0.0,1,at_or_above_ask_touch,10043.0,9995.0,10048.0,9993.0,10051.0,9989.5,10051.0,10045.0,2.0,10019.0,-24.0,10024.0,-19.0,False,True,False,True,False,True,False,True,False,True,False,True,False,True,False,True,False,True,58.0,0.0
775300,,,HYDROGEL_PACK,XIRECS,10028.0,4,2,10036.5,10028,10045,10026.0,10047.0,0.0,0.0,0.0,-1,at_or_below_bid_touch,10036.5,10004.0,10048.0,9993.0,10048.0,9989.5,10051.0,10028.0,-8.5,10023.0,-13.5,10031.0,-5.5,False,False,False,False,False,False,False,False,False,False,False,False,False,False,False,False,False,False,35.0,20.0
780000,,,HYDROGEL_PACK,XIRECS,10035.0,3,2,10027.0,10019,10035,10016.0,10037.0,0.0,0.0,0.0,1,at_or_above_ask_touch,10027.0,10026.5,10050.0,9993.0,10050.0,9993.0,10051.0,10026.0,-1.0,10003.0,-24.0,10034.0,7.0,False,False,False,False,False,False,False,False,False,False,False,False,False,False,False,False,False,False,42.0,15.0
784000,,,HYDROGEL_PACK,XIRECS,10014.0,6,2,10022.0,10014,10030,10011.0,10032.0,0.0,0.0,0.0,-1,at_or_below_bid_touch,10022.0,10014.0,10050.0,9993.0,10050.0,9993.0,10051.0,10006.0,-16.0,9990.5,-31.5,10025.0,3.0,True,False,True,False,True,False,False,False,False,False,False,False,False,False,False,False,False,False,21.0,36.0
787400,,,HYDROGEL_PACK,XIRECS,10012.0,5,2,10020.0,10012,10028,10010.0,10031.0,0.0,0.0,0.0,-1,at_or_below_bid_touch,10020.0,10014.0,10050.0,9993.0,10050.0,9993.0,10051.0,9994.0,-26.0,9984.0,-36.0,10025.0,5.0,True,False,True,False,True,False,False,False,False,False,False,False,False,False,False,False,False,False,19.0,38.0
795400,,,HYDROGEL_PACK,XIRECS,9978.0,6,2,9986.0,9978,9994,9975.0,9996.0,0.0,0.0,0.0,-1,at_or_below_bid_touch,9986.0,9984.0,10050.0,9984.0,10050.0,9984.0,10051.0,9991.0,5.0,10011.5,25.5,10018.0,32.0,True,False,True,False,True,False,True,False,True,False,True,False,True,False,True,False,True,False,-6.0,72.0
802700,,,HYDROGEL_PACK,XIRECS,10014.0,4,2,10006.0,9998,10014,9996.0,10017.0,0.0,0.0,0.0,1,at_or_above_ask_touch,10006.0,9981.0,10027.0,9981.0,10050.0,9981.0,10051.0,10006.0,0.0,10013.0,7.0,10013.0,7.0,False,False,False,False,False,False,False,False,False,False,False,False,False,False,False,False,False,False,33.0,36.0
804500,,,HYDROGEL_PACK,XIRECS,10020.0,5,2,10012.0,10004,10020,10001.0,10022.0,0.0,0.0,0.0,1,at_or_above_ask_touch,10012.0,9981.0,10027.0,9981.0,10050.0,9981.0,10051.0,9996.0,-16.0,10024.0,12.0,10011.0,-1.0,False,False,False,False,False,False,False,False,False,False,False,False,False,False,False,False,False,False,39.0,30.0
812700,,,HYDROGEL_PACK,XIRECS,10005.0,3,2,10013.0,10005,10021,10002.0,10023.0,0.0,0.0,0.0,-1,at_or_below_bid_touch,10013.0,9981.0,10021.0,9981.0,10050.0,9981.0,10051.0,10033.0,20.0,10034.0,21.0,9997.0,-16.0,False,False,False,False,False,False,False,False,False,False,False,False,False,False,False,False,False,False,24.0,45.0
818600,,,HYDROGEL_PACK,XIRECS,10039.0,3,2,10031.0,10023,10039,10020.0,10041.0,0.0,0.0,0.0,1,at_or_above_ask_touch,10031.0,9983.0,10035.0,9981.0,10050.0,9981.0,10051.0,10034.0,3.0,10027.0,-4.0,10007.0,-24.0,False,True,False,True,False,True,False,False,False,False,False,False,False,False,False,False,False,False,58.0,11.0
824000,,,HYDROGEL_PACK,XIRECS,10027.0,4,2,10035.0,10027,10043,10024.0,10045.0,0.0,0.0,0.0,-1,at_or_below_bid_touch,10035.0,9996.0,10038.5,9981.0,10050.0,9981.0,10050.0,10029.5,-5.5,10025.0,-10.0,9987.0,-48.0,False,False,False,False,False,False,False,False,False,False,False,False,False,False,False,False,False,False,46.0,23.0
827000,,,HYDROGEL_PACK,XIRECS,10024.0,5,2,10032.0,10024,10040,10021.0,10042.0,0.0,0.0,0.0,-1,at_or_below_bid_touch,10032.0,9996.0,10038.5,9981.0,10050.0,9981.0,10050.0,10029.0,-3.0,10021.0,-11.0,9986.0,-46.0,False,False,False,False,False,False,False,False,False,False,False,False,False,False,False,False,False,False,43.0,26.0
830600,,,HYDROGEL_PACK,XIRECS,10024.0,3,2,10032.0,10024,10040,10022.0,10043.0,0.0,0.0,0.0,-1,at_or_below_bid_touch,10032.0,10005.0,10038.5,9981.0,10038.5,9981.0,10050.0,10036.0,4.0,10014.0,-18.0,9986.0,-46.0,False,False,False,False,False,False,False,False,False,False,False,False,False,False,False,False,False,False,43.0,14.5
834000,,,HYDROGEL_PACK,XIRECS,10017.0,4,2,10025.0,10017,10033,10014.0,10035.0,0.0,0.0,0.0,-1,at_or_below_bid_touch,10025.0,10018.0,10038.5,9981.0,10038.5,9981.0,10050.0,10024.0,-1.0,10024.0,-1.0,9992.0,-33.0,True,False,True,False,True,False,False,False,False,False,False,False,False,False,False,False,False,False,36.0,21.5
842800,,,HYDROGEL_PACK,XIRECS,10008.0,6,2,10016.0,10008,10024,10005.0,10026.0,0.0,0.0,0.0,-1,at_or_below_bid_touch,10016.0,10011.0,10038.5,9981.0,10038.5,9981.0,10050.0,10008.0,-8.0,10014.0,-2.0,9984.0,-32.0,True,False,True,False,True,False,False,False,False,False,False,False,False,False,False,False,False,False,27.0,30.5
843300,,,HYDROGEL_PACK,XIRECS,10026.0,3,2,10018.0,10010,10026,10007.0,10029.0,0.0,0.0,0.0,1,at_or_above_ask_touch,10018.0,10011.0,10038.0,9981.0,10038.5,9981.0,10050.0,10005.0,-13.0,10019.0,1.0,9979.0,-39.0,False,False,False,False,False,False,False,False,False,False,False,False,False,False,False,False,False,False,45.0,12.5
849400,,,HYDROGEL_PACK,XIRECS,9996.0,6,2,10004.0,9996,10012,9994.0,10015.0,0.0,0.0,0.0,-1,at_or_below_bid_touch,10004.0,10001.0,10036.0,9987.0,10038.5,9981.0,10050.0,10011.5,7.5,10019.0,15.0,10005.0,1.0,True,False,True,False,True,False,False,False,False,False,False,False,False,False,False,False,False,False,9.0,42.5
855100,,,HYDROGEL_PACK,XIRECS,10018.0,4,2,10010.0,10002,10018,10000.0,10021.0,0.0,0.0,0.0,1,at_or_above_ask_touch,10010.0,9998.0,10036.0,9996.0,10038.5,9981.0,10050.0,10014.0,4.0,9994.0,-16.0,10011.0,1.0,False,False,False,False,False,False,False,False,False,False,False,False,False,False,False,False,False,False,22.0,20.5
856600,,,HYDROGEL_PACK,XIRECS,10001.0,2,2,10009.0,10001,10017,9999.0,10020.0,0.0,0.0,0.0,-1,at_or_below_bid_touch,10009.0,9998.0,10030.0,9996.0,10038.5,9981.0,10050.0,10003.0,-6.0,9995.0,-14.0,10001.0,-8.0,False,False,False,False,False,False,False,False,False,False,False,False,False,False,False,False,False,False,5.0,37.5
861200,,,HYDROGEL_PACK,XIRECS,10021.0,2,2,10013.0,10005,10021,10003.0,10024.0,0.0,0.0,0.0,1,at_or_above_ask_touch,10013.0,9998.0,10030.0,9998.0,10038.5,9981.0,10050.0,9991.0,-22.0,9990.0,-23.0,9995.0,-18.0,False,False,False,False,False,False,False,False,False,False,False,False,False,False,False,False,False,False,23.0,17.5
861800,,,HYDROGEL_PACK,XIRECS,9996.0,6,2,10004.0,9996,10012,9993.0,10014.0,0.0,0.0,0.0,-1,at_or_below_bid_touch,10004.0,9998.0,10030.0,9998.0,10038.5,9981.0,10050.0,9994.0,-10.0,9995.0,-9.0,9991.0,-13.0,True,False,True,False,True,False,True,False,True,False,True,False,False,False,False,False,False,False,-2.0,42.5
863300,,,HYDROGEL_PACK,XIRECS,9990.0,5,2,9998.0,9990,10006,9988.0,10009.0,0.0,0.0,0.0,-1,at_or_below_bid_touch,9998.0,9995.0,10030.0,9995.0,10038.5,9981.0,10050.0,10006.0,8.0,9988.0,-10.0,9999.0,1.0,True,False,True,False,True,False,True,False,True,False,True,False,False,False,False,False,False,False,-5.0,48.5
864200,,,HYDROGEL_PACK,XIRECS,9990.0,3,2,9998.0,9990,10006,9987.0,10008.0,0.0,0.0,0.0,-1,at_or_below_bid_touch,9998.0,9992.5,10021.0,9992.5,10038.5,9981.0,10050.0,10001.0,3.0,9985.0,-13.0,10002.0,4.0,True,False,True,False,True,False,True,False,True,False,True,False,False,False,False,False,False,False,-2.5,48.5
866200,,,HYDROGEL_PACK,XIRECS,9999.0,3,2,9991.0,9983,9999,9980.0,10001.0,0.0,0.0,0.0,1,at_or_above_ask_touch,9991.0,9991.0,10021.0,9991.0,10038.5,9981.0,10050.0,9990.0,-1.0,9985.0,-6.0,9996.0,5.0,False,False,False,False,False,False,False,False,False,False,False,False,False,False,False,False,False,False,8.0,39.5
866800,,,HYDROGEL_PACK,XIRECS,10002.0,6,2,9994.0,9986,10002,9984.0,10005.0,0.0,0.0,0.0,1,at_or_above_ask_touch,9994.0,9991.0,10021.0,9991.0,10038.5,9981.0,10050.0,9995.0,1.0,9985.0,-9.0,9999.0,5.0,False,False,False,False,False,False,False,False,False,False,False,False,False,False,False,False,False,False,11.0,36.5
866900,,,HYDROGEL_PACK,XIRECS,10001.0,2,2,9993.0,9985,10001,9983.0,10004.0,0.0,0.0,0.0,1,at_or_above_ask_touch,9993.0,9991.0,10021.0,9991.0,10038.5,9981.0,10050.0,9997.0,4.0,9985.0,-8.0,10001.0,8.0,False,False,False,False,False,False,False,False,False,False,False,False,False,False,False,False,False,False,10.0,37.5
867500,,,HYDROGEL_PACK,XIRECS,9992.0,6,2,10000.0,9992,10008,9989.0,10010.0,0.0,0.0,0.0,-1,at_or_below_bid_touch,10000.0,9988.5,10021.0,9988.5,10038.5,9981.0,10050.0,9997.0,-3.0,9990.5,-9.5,9996.0,-4.0,False,False,False,False,False,False,False,False,False,False,False,False,False,False,False,False,False,False,3.5,46.5
869900,,,HYDROGEL_PACK,XIRECS,9987.0,2,2,9995.0,9987,10003,9985.0,10006.0,0.0,0.0,0.0,-1,at_or_below_bid_touch,9995.0,9988.5,10021.0,9988.5,10038.5,9981.0,10050.0,9989.0,-6.0,9986.0,-9.0,10009.0,14.0,True,False,True,False,True,False,True,False,True,False,True,False,False,False,False,False,False,False,-1.5,51.5
870100,,,HYDROGEL_PACK,XIRECS,10001.0,2,2,9993.0,9985,10001,9983.0,10004.0,0.0,0.0,0.0,1,at_or_above_ask_touch,9993.0,9988.5,10021.0,9988.5,10038.5,9981.0,10050.0,9991.0,-2.0,9985.0,-8.0,10004.0,11.0,False,False,False,False,False,False,False,False,False,False,False,False,False,False,False,False,False,False,12.5,37.5
870400,,,HYDROGEL_PACK,XIRECS,9999.0,4,2,9991.0,9983,9999,9981.0,10002.0,0.0,0.0,0.0,1,at_or_above_ask_touch,9991.0,9988.5,10021.0,9988.5,10038.5,9981.0,10050.0,9985.0,-6.0,9988.0,-3.0,10000.0,9.0,False,False,False,False,False,False,False,False,False,False,False,False,False,False,False,False,False,False,10.5,39.5
876900,,,HYDROGEL_PACK,XIRECS,9977.0,5,2,9985.0,9977,9993,9975.0,9995.0,0.0,0.0,0.0,-1,at_or_below_bid_touch,9985.0,9985.0,10021.0,9985.0,10036.0,9981.0,10050.0,9978.0,-7.0,9989.0,4.0,9995.0,10.0,True,False,True,False,True,False,True,False,True,False,True,False,True,False,True,False,True,False,-8.0,59.0
880800,,,HYDROGEL_PACK,XIRECS,9993.0,5,2,9985.0,9977,9993,9975.0,9996.0,0.0,0.0,0.0,1,at_or_above_ask_touch,9985.0,9978.5,10018.0,9978.5,10036.0,9978.5,10038.5,9994.0,9.0,9985.0,0.0,10003.0,18.0,False,False,False,False,False,False,False,False,False,False,False,False,False,False,False,False,False,False,14.5,43.0
890200,,,HYDROGEL_PACK,XIRECS,9994.0,5,2,9986.0,9978,9994,9976.0,9997.0,0.0,0.0,0.0,1,at_or_above_ask_touch,9986.0,9978.0,10001.0,9978.0,10030.0,9978.0,10038.5,9986.0,0.0,10007.0,21.0,10017.0,31.0,False,False,False,False,False,False,False,False,False,False,False,False,False,False,False,False,False,False,16.0,36.0
891600,,,HYDROGEL_PACK,XIRECS,9976.0,6,2,9983.5,9976,9991,9973.0,9994.0,0.0,0.0,0.0,-1,at_or_below_bid_touch,9983.5,9978.0,10001.0,9978.0,10030.0,9978.0,10038.5,9992.0,8.5,10012.0,28.5,10007.0,23.5,True,False,True,False,True,False,True,False,True,False,True,False,True,False,True,False,True,False,-2.0,54.0
894900,,,HYDROGEL_PACK,XIRECS,9993.0,2,2,9989.0,9985,9993,9975.0,9996.0,-0.5,0.054945054945054944,0.0,1,at_or_above_ask_touch,9989.0,9978.0,9996.0,9978.0,10021.0,9978.0,10038.5,10009.0,20.0,10012.0,23.0,9991.0,2.0,False,False,False,False,False,False,False,False,False,False,False,False,False,False,False,False,False,False,15.0,28.0
899900,,,HYDROGEL_PACK,XIRECS,10001.0,3,2,10009.0,10001,10017,9999.0,10020.0,0.0,0.0,0.0,-1,at_or_below_bid_touch,10009.0,9978.0,10009.0,9978.0,10021.0,9978.0,10038.5,10012.0,3.0,10000.0,-9.0,9989.0,-20.0,False,False,False,False,False,False,False,False,False,False,False,False,False,False,False,False,False,False,23.0,20.0
902500,,,HYDROGEL_PACK,XIRECS,10019.0,5,2,10011.0,10003,10019,10001.0,10022.0,0.0,0.0,0.0,1,at_or_above_ask_touch,10011.0,9978.0,10018.0,9978.0,10021.0,9978.0,10038.5,9999.0,-12.0,10004.0,-7.0,9985.0,-26.0,False,True,False,True,False,True,False,False,False,False,False,True,False,False,False,False,False,False,41.0,2.0
903600,,,HYDROGEL_PACK,XIRECS,9999.0,4,2,10007.0,9999,10015,9997.0,10018.0,0.0,0.0,0.0,-1,at_or_below_bid_touch,10007.0,9978.0,10018.0,9978.0,10021.0,9978.0,10038.5,10005.0,-2.0,10001.0,-6.0,9985.0,-22.0,False,False,False,False,False,False,False,False,False,False,False,False,False,False,False,False,False,False,21.0,22.0
913200,,,HYDROGEL_PACK,XIRECS,9992.0,2,2,10000.0,9992,10008,9989.0,10010.0,0.0,0.0,0.0,-1,at_or_below_bid_touch,10000.0,9979.0,10018.0,9978.0,10018.0,9978.0,10038.5,9998.0,-2.0,10001.0,1.0,10009.0,9.0,False,False,False,False,False,False,False,False,False,False,False,False,False,False,False,False,False,False,14.0,26.0
918200,,,HYDROGEL_PACK,XIRECS,10006.0,5,2,9998.0,9990,10006,9988.0,10009.0,0.0,0.0,0.0,1,at_or_above_ask_touch,9998.0,9990.0,10018.0,9978.0,10018.0,9978.0,10038.5,10001.0,3.0,9989.0,-9.0,10010.0,12.0,False,False,False,False,False,False,False,False,False,False,False,False,False,False,False,False,False,False,28.0,12.0
921800,,,HYDROGEL_PACK,XIRECS,10011.0,3,2,10003.0,9995,10011,9993.0,10014.0,0.0,0.0,0.0,1,at_or_above_ask_touch,10003.0,9990.0,10018.0,9978.0,10018.0,9978.0,10038.5,9996.0,-7.0,10010.0,7.0,10001.0,-2.0,False,False,False,False,False,False,False,False,False,False,False,False,False,False,False,False,False,False,33.0,7.0
923800,,,HYDROGEL_PACK,XIRECS,10006.0,6,2,10001.5,9997,10006,9987.0,10008.0,-0.13043478260869565,0.13157894736842105,0.0,1,at_or_above_ask_touch,10001.5,9990.0,10016.0,9978.0,10018.0,9978.0,10038.0,9985.0,-16.5,10015.0,13.5,9998.0,-3.5,False,False,False,False,False,False,False,False,False,False,False,False,False,False,False,False,False,False,28.0,12.0
927700,,,HYDROGEL_PACK,XIRECS,9982.0,4,2,9990.0,9982,9998,9980.0,10001.0,0.0,0.0,0.0,-1,at_or_below_bid_touch,9990.0,9984.0,10014.0,9978.0,10018.0,9978.0,10036.0,10016.5,26.5,10014.0,24.0,9994.0,4.0,True,False,True,False,True,False,False,False,False,False,False,False,False,False,False,False,False,False,4.0,36.0
928800,,,HYDROGEL_PACK,XIRECS,9977.0,6,2,9985.0,9977,9993,9974.0,9995.0,0.0,0.0,0.0,-1,at_or_below_bid_touch,9985.0,9982.5,10014.0,9978.0,10018.0,9978.0,10036.0,10015.0,30.0,10008.0,23.0,9991.0,6.0,True,False,True,False,True,False,True,False,True,False,True,False,True,False,True,False,True,False,-1.0,41.0
929600,,,HYDROGEL_PACK,XIRECS,9987.0,6,2,9995.0,9987,10003,9985.0,10006.0,0.0,0.0,0.0,-1,at_or_below_bid_touch,9995.0,9982.5,10014.0,9978.0,10018.0,9978.0,10036.0,10016.0,21.0,10015.0,20.0,9988.0,-7.0,False,False,False,False,False,False,False,False,False,False,False,False,False,False,False,False,False,False,9.0,31.0
935400,,,HYDROGEL_PACK,XIRECS,10017.0,3,2,10025.0,10017,10033,10015.0,10036.0,0.0,0.0,0.0,-1,at_or_below_bid_touch,10025.0,9982.5,10027.0,9978.0,10027.0,9978.0,10036.0,10012.0,-13.0,9997.0,-28.0,9988.0,-37.0,False,False,False,False,False,False,False,False,False,False,False,False,False,False,False,False,False,False,39.0,10.0
940100,,,HYDROGEL_PACK,XIRECS,10025.0,6,2,10017.0,10009,10025,10007.0,10028.0,0.0,0.0,0.0,1,at_or_above_ask_touch,10017.0,9982.5,10027.0,9978.0,10027.0,9978.0,10030.0,9996.5,-20.5,9986.0,-31.0,10012.0,-5.0,False,False,False,False,False,True,False,False,False,False,False,True,False,False,False,False,False,False,47.0,2.0
940500,,,HYDROGEL_PACK,XIRECS,10003.0,2,2,10011.0,10003,10019,10000.0,10021.0,0.0,0.0,0.0,-1,at_or_below_bid_touch,10011.0,9982.5,10027.0,9978.0,10027.0,9978.0,10030.0,9994.0,-17.0,9985.0,-26.0,10014.0,3.0,False,False,False,False,False,False,False,False,False,False,False,False,False,False,False,False,False,False,25.0,24.0
941900,,,HYDROGEL_PACK,XIRECS,10006.0,2,2,10010.5,10006,10015,9996.0,10017.0,-0.13043478260869565,0.1111111111111111,0.0,-1,at_or_below_bid_touch,10010.5,9982.5,10027.0,9978.0,10027.0,9978.0,10030.0,9992.0,-18.5,9986.0,-24.5,10022.0,11.5,False,False,False,False,False,False,False,False,False,False,False,False,False,False,False,False,False,False,28.0,21.0
944300,,,HYDROGEL_PACK,XIRECS,9988.0,5,2,9996.0,9988,10004,9986.0,10007.0,0.0,0.0,0.0,-1,at_or_below_bid_touch,9996.0,9982.5,10027.0,9982.5,10027.0,9978.0,10027.0,9981.5,-14.5,9989.5,-6.5,10021.0,25.0,False,False,False,False,False,False,False,False,False,False,False,False,False,False,False,False,False,False,5.5,39.0
947900,,,HYDROGEL_PACK,XIRECS,9983.0,6,2,9991.0,9983,9999,9980.0,10001.0,0.0,0.0,0.0,-1,at_or_below_bid_touch,9991.0,9982.5,10027.0,9982.5,10027.0,9978.0,10027.0,9983.0,-8.0,9997.0,6.0,10008.0,17.0,False,False,True,False,True,False,False,False,True,False,True,False,False,False,False,False,False,False,0.5,44.0
948400,,,HYDROGEL_PACK,XIRECS,10002.0,5,2,9994.0,9986,10002,9983.0,10004.0,0.0,0.0,0.0,1,at_or_above_ask_touch,9994.0,9982.5,10027.0,9982.5,10027.0,9978.0,10027.0,9985.0,-9.0,10001.0,7.0,10016.0,22.0,False,False,False,False,False,False,False,False,False,False,False,False,False,False,False,False,False,False,19.5,25.0
949800,,,HYDROGEL_PACK,XIRECS,9978.0,6,2,9986.0,9978,9994,9975.0,9996.0,0.0,0.0,0.0,-1,at_or_below_bid_touch,9986.0,9981.5,10027.0,9981.5,10027.0,9978.0,10027.0,9996.0,10.0,10018.0,32.0,10011.0,25.0,True,False,True,False,True,False,True,False,True,False,True,False,True,False,True,False,True,False,-3.5,49.0
958400,,,HYDROGEL_PACK,XIRECS,9993.0,4,2,10001.0,9993,10009,9990.0,10011.0,0.0,0.0,0.0,-1,at_or_below_bid_touch,10001.0,9975.5,10020.5,9975.5,10027.0,9975.5,10027.0,10009.0,8.0,10007.0,6.0,,,False,False,False,False,False,False,False,False,False,False,False,False,False,False,False,False,False,False,17.5,34.0
961700,,,HYDROGEL_PACK,XIRECS,9990.0,5,2,9998.0,9990,10006,9987.0,10008.0,0.0,0.0,0.0,-1,at_or_below_bid_touch,9998.0,9975.5,10018.0,9975.5,10027.0,9975.5,10027.0,10011.0,13.0,10000.0,2.0,,,False,False,False,False,False,False,False,False,False,False,False,False,False,False,False,False,False,False,14.5,37.0
965500,,,HYDROGEL_PACK,XIRECS,9998.0,6,2,10006.0,9998,10014,9996.0,10017.0,0.0,0.0,0.0,-1,at_or_below_bid_touch,10006.0,9975.5,10018.0,9975.5,10027.0,9975.5,10027.0,10000.0,-6.0,10003.0,-3.0,,,False,False,False,False,False,False,False,False,False,False,False,False,False,False,False,False,False,False,22.5,29.0
967500,,,HYDROGEL_PACK,XIRECS,10022.0,4,2,10014.0,10006,10022,10003.0,10024.0,0.0,0.0,0.0,1,at_or_above_ask_touch,10014.0,9975.5,10018.0,9975.5,10027.0,9975.5,10027.0,9993.0,-21.0,9997.0,-17.0,,,False,True,False,True,False,True,False,False,False,False,False,False,False,False,False,False,False,False,46.5,5.0
968600,,,HYDROGEL_PACK,XIRECS,10015.0,5,2,10007.0,9999,10015,9996.0,10017.0,0.0,0.0,0.0,1,at_or_above_ask_touch,10007.0,9975.5,10018.0,9975.5,10027.0,9975.5,10027.0,9998.0,-9.0,9990.0,-17.0,,,False,False,False,False,False,False,False,False,False,False,False,False,False,False,False,False,False,False,39.5,12.0
970300,,,HYDROGEL_PACK,XIRECS,10006.0,3,2,9998.0,9990,10006,9988.0,10009.0,0.0,0.0,0.0,1,at_or_above_ask_touch,9998.0,9975.5,10018.0,9975.5,10027.0,9975.5,10027.0,10002.0,4.0,9989.0,-9.0,,,False,False,False,False,False,False,False,False,False,False,False,False,False,False,False,False,False,False,30.5,21.0
976200,,,HYDROGEL_PACK,XIRECS,9997.0,2,2,10005.0,9997,10013,9994.0,10015.0,0.0,0.0,0.0,-1,at_or_below_bid_touch,10005.0,9992.0,10018.0,9975.5,10027.0,9975.5,10027.0,9997.0,-8.0,9992.0,-13.0,,,False,False,False,False,False,False,False,False,False,False,False,False,False,False,False,False,False,False,21.5,30.0
976800,,,HYDROGEL_PACK,XIRECS,10005.0,2,2,9997.0,9989,10005,9986.0,10007.0,0.0,0.0,0.0,1,at_or_above_ask_touch,9997.0,9993.0,10018.0,9975.5,10027.0,9975.5,10027.0,9998.0,1.0,9991.0,-6.0,,,False,False,False,False,False,False,False,False,False,False,False,False,False,False,False,False,False,False,29.5,22.0
978600,,,HYDROGEL_PACK,XIRECS,9998.0,3,2,9990.0,9982,9998,9980.0,10001.0,0.0,0.0,0.0,1,at_or_above_ask_touch,9990.0,9987.0,10018.0,9975.5,10027.0,9975.5,10027.0,10000.0,10.0,10002.0,12.0,,,False,False,False,False,False,False,False,False,False,False,False,False,False,False,False,False,False,False,22.5,29.0
978700,,,HYDROGEL_PACK,XIRECS,10000.0,2,2,9992.0,9984,10000,9981.0,10002.0,0.0,0.0,0.0,1,at_or_above_ask_touch,9992.0,9987.0,10018.0,9975.5,10027.0,9975.5,10027.0,9997.0,5.0,9996.0,4.0,,,False,False,False,False,False,False,False,False,False,False,False,False,False,False,False,False,False,False,24.5,27.0
982000,,,HYDROGEL_PACK,XIRECS,10003.0,2,2,9995.0,9987,10003,9984.0,10005.0,0.0,0.0,0.0,1,at_or_above_ask_touch,9995.0,9986.0,10018.0,9975.5,10027.0,9975.5,10027.0,9991.0,-4.0,10022.0,27.0,,,False,False,False,False,False,False,False,False,False,False,False,False,False,False,False,False,False,False,27.5,24.0
983700,,,HYDROGEL_PACK,XIRECS,10005.0,2,2,9997.0,9989,10005,9986.0,10007.0,0.0,0.0,0.0,1,at_or_above_ask_touch,9997.0,9986.0,10018.0,9975.5,10027.0,9975.5,10027.0,9996.0,-1.0,10028.0,31.0,,,False,False,False,False,False,False,False,False,False,False,False,False,False,False,False,False,False,False,29.5,22.0
984200,,,HYDROGEL_PACK,XIRECS,10009.0,3,2,10001.0,9993,10009,9990.0,10011.0,0.0,0.0,0.0,1,at_or_above_ask_touch,10001.0,9986.0,10018.0,9975.5,10027.0,9975.5,10027.0,9996.0,-5.0,10024.0,23.0,,,False,False,False,False,False,False,False,False,False,False,False,False,False,False,False,False,False,False,33.5,18.0
984700,,,HYDROGEL_PACK,XIRECS,9984.0,5,2,9992.0,9984,10000,9982.0,10003.0,0.0,0.0,0.0,-1,at_or_below_bid_touch,9992.0,9986.0,10018.0,9975.5,10027.0,9975.5,10027.0,10007.0,15.0,10018.0,26.0,,,True,False,True,False,True,False,False,False,False,False,False,False,False,False,False,False,False,False,8.5,43.0
992200,,,HYDROGEL_PACK,XIRECS,10029.0,4,2,10021.0,10013,10029,10010.0,10031.0,0.0,0.0,0.0,1,at_or_above_ask_touch,10021.0,9986.0,10026.0,9975.5,10026.0,9975.5,10027.0,10014.0,-7.0,,,,,False,True,False,True,False,True,False,True,False,True,False,True,False,True,False,True,False,True,53.5,-3.0
993200,,,HYDROGEL_PACK,XIRECS,10024.0,6,2,10020.5,10017,10024,10014.0,10035.0,0.13043478260869565,-0.13157894736842105,0.0,1,at_or_above_ask_touch,10020.5,9986.0,10026.0,9975.5,10026.0,9975.5,10027.0,10013.0,-7.5,,,,,False,False,False,False,False,True,False,False,False,False,False,True,False,False,False,False,False,False,48.5,2.0
994800,,,HYDROGEL_PACK,XIRECS,10011.0,4,2,10019.0,10011,10027,10008.0,10029.0,0.0,0.0,0.0,-1,at_or_below_bid_touch,10019.0,9986.0,10032.0,9975.5,10032.0,9975.5,10032.0,10011.0,-8.0,,,,,False,False,False,False,False,False,False,False,False,False,False,False,False,False,False,False,False,False,35.5,21.0
996500,,,HYDROGEL_PACK,XIRECS,10010.0,2,2,10018.0,10010,10026,10008.0,10029.0,0.0,0.0,0.0,-1,at_or_below_bid_touch,10018.0,9986.0,10032.0,9975.5,10032.0,9975.5,10032.0,,,,,,,False,False,False,False,False,False,False,False,False,False,False,False,False,False,False,False,False,False,34.5,22.0
2500,,,VELVETFRUIT_EXTRACT,XIRECS,5250.0,4,0,5247.5,5245,5250,5244.0,5250.0,-0.5,0.0,-0.2,1,at_or_above_ask_touch,5247.5,5246.0,5250.5,5246.0,5250.5,5246.0,5250.5,5237.5,-10.0,5238.5,-9.0,5240.5,-7.0,False,False,False,True,False,True,False,False,False,True,False,True,False,False,False,True,False,True,4.0,0.5
5200,,,VELVETFRUIT_EXTRACT,XIRECS,5236.0,3,0,5238.5,5236,5241,5236.0,5242.0,0.38461538461538464,0.0,0.2857142857142857,-1,at_or_below_bid_touch,5238.5,5237.5,5250.5,5237.5,5250.5,5237.5,5250.5,5232.5,-6.0,5243.5,5.0,5238.5,0.0,True,False,True,False,True,False,True,False,True,False,True,False,True,False,True,False,True,False,-1.5,14.5
5500,,,VELVETFRUIT_EXTRACT,XIRECS,5241.0,8,0,5238.5,5236,5241,5235.0,5242.0,0.0,0.0,0.0,1,at_or_above_ask_touch,5238.5,5237.5,5250.5,5237.5,5250.5,5237.5,5250.5,5234.5,-4.0,5243.5,5.0,5239.5,1.0,False,False,False,False,False,False,False,False,False,False,False,False,False,False,False,False,False,False,3.5,9.5
9300,,,VELVETFRUIT_EXTRACT,XIRECS,5229.0,6,0,5230.0,5229,5231,5228.0,5235.0,0.36363636363636365,-0.06796116504854369,0.0,-1,at_or_below_bid_touch,5230.0,5230.0,5250.5,5230.0,5250.5,5230.0,5250.5,5241.0,11.0,5238.5,8.5,5244.5,14.5,True,False,True,False,True,False,True,False,True,False,True,False,True,False,True,False,True,False,-1.0,21.5
11900,,,VELVETFRUIT_EXTRACT,XIRECS,5237.0,4,0,5234.5,5232,5237,5231.0,5238.0,0.0,0.0,0.0,1,at_or_above_ask_touch,5234.5,5230.0,5250.5,5230.0,5250.5,5230.0,5250.5,5241.0,6.5,5234.0,-0.5,5239.5,5.0,False,False,False,False,False,False,False,False,False,False,False,False,False,False,False,False,False,False,7.0,13.5
14000,,,VELVETFRUIT_EXTRACT,XIRECS,5243.0,7,0,5240.5,5238,5243,5237.0,5243.0,-0.5238095238095238,0.0,-0.18518518518518517,1,at_or_above_ask_touch,5240.5,5230.0,5250.5,5230.0,5250.5,5230.0,5250.5,5236.5,-4.0,5234.5,-6.0,5241.5,1.0,False,False,False,False,False,False,False,False,False,False,False,False,False,False,False,False,False,False,13.0,7.5
17000,,,VELVETFRUIT_EXTRACT,XIRECS,5239.0,6,0,5238.0,5237,5239,5237.0,5243.0,0.8235294117647058,-0.046153846153846156,0.18095238095238095,1,at_or_above_ask_touch,5238.0,5230.0,5250.5,5230.0,5250.5,5230.0,5250.5,5234.5,-3.5,5230.0,-8.0,5238.5,0.5,False,False,False,False,False,False,False,False,False,False,False,False,False,False,False,False,False,False,9.0,11.5
19900,,,VELVETFRUIT_EXTRACT,XIRECS,5236.0,7,0,5238.5,5236,5241,5235.0,5241.0,-0.5102040816326531,0.0,-0.1935483870967742,-1,at_or_below_bid_touch,5238.5,5230.0,5250.5,5230.0,5250.5,5230.0,5250.5,5234.5,-4.0,5229.0,-9.5,5239.5,1.0,False,False,False,False,False,False,False,False,False,False,False,False,False,False,False,False,False,False,6.0,14.5
20700,,,VELVETFRUIT_EXTRACT,XIRECS,5238.0,5,0,5235.5,5233,5238,5232.0,5238.0,-0.5238095238095238,0.0,-0.18518518518518517,1,at_or_above_ask_touch,5235.5,5230.0,5248.5,5230.0,5250.5,5230.0,5250.5,5231.5,-4.0,5231.5,-4.0,5239.5,4.0,False,False,False,False,False,False,False,False,False,False,False,False,False,False,False,False,False,False,8.0,12.5
22500,,,VELVETFRUIT_EXTRACT,XIRECS,5234.0,4,0,5236.5,5234,5239,5233.0,5239.0,-0.5616438356164384,0.0,-0.16326530612244897,-1,at_or_below_bid_touch,5236.5,5230.0,5246.5,5230.0,5250.5,5230.0,5250.5,5232.5,-4.0,5229.5,-7.0,5243.5,7.0,False,False,False,False,False,False,False,False,False,False,False,False,False,False,False,False,False,False,4.0,16.5
23200,,,VELVETFRUIT_EXTRACT,XIRECS,5234.0,4,0,5235.5,5234,5237,5231.0,5238.0,-0.30434782608695654,0.06349206349206349,0.0,-1,at_or_below_bid_touch,5235.5,5230.0,5245.0,5230.0,5250.5,5230.0,5250.5,5233.5,-2.0,5231.5,-4.0,5243.5,8.0,False,False,False,False,False,False,False,False,False,False,False,False,False,False,False,False,False,False,4.0,16.5
26100,,,VELVETFRUIT_EXTRACT,XIRECS,5227.0,5,0,5226.0,5225,5227,5225.0,5231.0,0.8148148148148148,-0.04854368932038835,0.0,1,at_or_above_ask_touch,5226.0,5226.0,5243.5,5226.0,5250.5,5226.0,5250.5,5229.0,3.0,5232.5,6.5,5241.0,15.0,False,False,True,False,True,False,False,False,True,False,True,False,False,False,True,False,True,False,1.0,23.5
27300,,,VELVETFRUIT_EXTRACT,XIRECS,5230.0,3,0,5232.5,5230,5235,5229.0,5235.0,-0.5,0.0,-0.2,-1,at_or_below_bid_touch,5232.5,5226.0,5243.5,5226.0,5250.5,5226.0,5250.5,5228.5,-4.0,5233.5,1.0,5243.0,10.5,False,False,False,False,False,False,False,False,False,False,False,False,False,False,False,False,False,False,4.0,20.5
28400,,,VELVETFRUIT_EXTRACT,XIRECS,5230.0,8,0,5233.0,5230,5236,5230.0,5236.0,0.0,0.0,0.0,-1,at_or_below_bid_touch,5233.0,5226.0,5243.5,5226.0,5250.5,5226.0,5250.5,5229.5,-3.5,5232.5,-0.5,5244.0,11.0,False,False,False,False,False,False,False,False,False,False,False,False,False,False,False,False,False,False,4.0,20.5
29800,,,VELVETFRUIT_EXTRACT,XIRECS,5232.0,4,0,5229.5,5227,5232,5226.0,5232.0,-0.5428571428571428,0.0,-0.17391304347826086,1,at_or_above_ask_touch,5229.5,5226.0,5243.5,5226.0,5250.5,5226.0,5250.5,5231.5,2.0,5232.0,2.5,5249.5,20.0,False,False,False,False,False,False,False,False,False,False,False,False,False,False,False,False,False,False,6.0,18.5
33300,,,VELVETFRUIT_EXTRACT,XIRECS,5233.0,6,0,5230.5,5228,5233,5227.0,5234.0,0.0,0.0,0.0,1,at_or_above_ask_touch,5230.5,5226.0,5243.5,5226.0,5250.5,5226.0,5250.5,5233.5,3.0,5234.5,4.0,5248.0,17.5,False,False,False,False,False,False,False,False,False,False,False,False,False,False,False,False,False,False,7.0,17.5
36500,,,VELVETFRUIT_EXTRACT,XIRECS,5229.0,7,0,5231.5,5229,5234,5229.0,5235.0,0.5342465753424658,0.0,0.17894736842105263,-1,at_or_below_bid_touch,5231.5,5226.0,5242.5,5226.0,5250.5,5226.0,5250.5,5231.5,0.0,5238.5,7.0,5242.5,11.0,False,False,False,False,False,False,False,False,False,False,False,False,False,False,False,False,False,False,3.0,21.5
36800,,,VELVETFRUIT_EXTRACT,XIRECS,5228.0,7,0,5230.5,5228,5233,5228.0,5234.0,0.4358974358974359,0.0,0.24444444444444444,-1,at_or_below_bid_touch,5230.5,5226.0,5241.5,5226.0,5250.5,5226.0,5250.5,5230.5,0.0,5239.5,9.0,5242.5,12.0,False,False,False,False,True,False,False,False,False,False,True,False,False,False,False,False,True,False,2.0,22.5
37300,,,VELVETFRUIT_EXTRACT,XIRECS,5231.0,5,0,5233.5,5231,5236,5230.0,5237.0,0.0,0.0,0.0,-1,at_or_below_bid_touch,5233.5,5226.0,5240.5,5226.0,5250.5,5226.0,5250.5,5232.5,-1.0,5236.5,3.0,5241.5,8.0,False,False,False,False,False,False,False,False,False,False,False,False,False,False,False,False,False,False,5.0,19.5
38200,,,VELVETFRUIT_EXTRACT,XIRECS,5232.0,5,0,5234.5,5232,5237,5231.0,5237.0,-0.4482758620689655,0.0,-0.23529411764705882,-1,at_or_below_bid_touch,5234.5,5226.0,5239.5,5226.0,5250.5,5226.0,5250.5,5233.5,-1.0,5234.5,0.0,5237.0,2.5,False,False,False,False,False,False,False,False,False,False,False,False,False,False,False,False,False,False,6.0,18.5
38400,,,VELVETFRUIT_EXTRACT,XIRECS,5235.0,3,0,5232.5,5230,5235,5229.0,5235.0,-0.5588235294117647,0.0,-0.16483516483516483,1,at_or_above_ask_touch,5232.5,5226.0,5239.5,5226.0,5250.5,5226.0,5250.5,5232.5,0.0,5234.0,1.5,5236.5,4.0,False,False,False,False,False,False,False,False,False,False,False,False,False,False,False,False,False,False,9.0,15.5
38700,,,VELVETFRUIT_EXTRACT,XIRECS,5236.0,6,0,5233.5,5231,5236,5230.0,5236.0,-0.6097560975609756,0.0,-0.13793103448275862,1,at_or_above_ask_touch,5233.5,5226.0,5239.5,5226.0,5250.5,5226.0,5250.5,5233.5,0.0,5233.5,0.0,5238.0,4.5,False,False,False,False,False,False,False,False,False,False,False,False,False,False,False,False,False,False,10.0,14.5
39900,,,VELVETFRUIT_EXTRACT,XIRECS,5230.0,8,0,5232.5,5230,5235,5229.0,5235.0,-0.40476190476190477,0.0,-0.26881720430107525,-1,at_or_below_bid_touch,5232.5,5226.0,5239.5,5226.0,5250.5,5226.0,5250.5,5232.5,0.0,5238.5,6.0,5234.5,2.0,False,False,False,False,False,False,False,False,False,False,False,False,False,False,False,False,False,False,4.0,20.5
40500,,,VELVETFRUIT_EXTRACT,XIRECS,5232.0,7,0,5233.5,5232,5235,5229.0,5235.0,-0.7333333333333333,0.07142857142857142,0.0,-1,at_or_below_bid_touch,5233.5,5226.0,5237.5,5226.0,5250.5,5226.0,5250.5,5235.0,1.5,5240.5,7.0,5235.5,2.0,False,False,False,False,False,False,False,False,False,False,False,False,False,False,False,False,False,False,6.0,18.5
47900,,,VELVETFRUIT_EXTRACT,XIRECS,5234.0,4,0,5236.5,5234,5239,5233.0,5239.0,-0.494949494949495,0.0,-0.2032520325203252,-1,at_or_below_bid_touch,5236.5,5226.5,5240.5,5226.0,5250.5,5226.0,5250.5,5239.5,3.0,5242.5,6.0,5235.5,-1.0,False,False,False,False,False,False,False,False,False,False,False,False,False,False,False,False,False,False,8.0,16.5
54300,,,VELVETFRUIT_EXTRACT,XIRECS,5239.0,4,0,5241.5,5239,5244,5239.0,5245.0,0.6103896103896104,0.0,0.13761467889908258,-1,at_or_below_bid_touch,5241.5,5228.5,5242.5,5226.0,5243.5,5226.0,5250.5,5244.5,3.0,5236.5,-5.0,5234.0,-7.5,False,False,False,False,False,False,False,False,False,False,False,False,False,False,False,False,False,False,13.0,4.5
54900,,,VELVETFRUIT_EXTRACT,XIRECS,5240.0,4,0,5237.5,5235,5240,5235.0,5241.0,0.494949494949495,0.0,0.2032520325203252,1,at_or_above_ask_touch,5237.5,5229.5,5242.5,5226.0,5243.5,5226.0,5250.5,5243.5,6.0,5232.5,-5.0,5232.5,-5.0,False,False,False,False,False,False,False,False,False,False,False,False,False,False,False,False,False,False,14.0,3.5
57500,,,VELVETFRUIT_EXTRACT,XIRECS,5246.0,4,0,5243.5,5241,5246,5241.0,5247.0,0.5280898876404494,0.0,0.1826086956521739,1,at_or_above_ask_touch,5243.5,5229.5,5246.5,5226.0,5246.5,5226.0,5250.5,5238.0,-5.5,5235.5,-8.0,5232.0,-11.5,False,False,False,True,False,True,False,False,False,True,False,True,False,False,False,False,False,False,20.0,0.5
61900,,,VELVETFRUIT_EXTRACT,XIRECS,5242.0,5,0,5239.5,5237,5242,5236.0,5242.0,-0.625,0.0,-0.13043478260869565,1,at_or_above_ask_touch,5239.5,5229.5,5247.0,5226.0,5247.0,5226.0,5250.5,5239.5,0.0,5241.5,2.0,5223.0,-16.5,False,False,False,False,False,False,False,False,False,False,False,False,False,False,False,False,False,False,16.0,5.0
65600,,,VELVETFRUIT_EXTRACT,XIRECS,5238.0,8,0,5235.5,5233,5238,5232.0,5238.0,-0.5106382978723404,0.0,-0.19327731092436976,1,at_or_above_ask_touch,5235.5,5232.0,5247.0,5226.0,5247.0,5226.0,5250.5,5238.5,3.0,5241.5,6.0,5218.5,-17.0,False,False,False,False,False,False,False,False,False,False,False,False,False,False,False,False,False,False,12.0,9.0
69200,,,VELVETFRUIT_EXTRACT,XIRECS,5239.0,8,0,5240.5,5239,5242,5237.0,5243.0,-0.9166666666666666,0.006802721088435374,0.18699186991869918,-1,at_or_below_bid_touch,5240.5,5232.0,5247.0,5226.0,5247.0,5226.0,5250.5,5245.5,5.0,5246.5,6.0,5221.5,-19.0,False,False,False,False,False,False,False,False,False,False,False,False,False,False,False,False,False,False,13.0,8.0
75500,,,VELVETFRUIT_EXTRACT,XIRECS,5243.0,6,0,5240.5,5238,5243,5237.0,5244.0,0.0,0.0,0.0,1,at_or_above_ask_touch,5240.5,5232.0,5247.0,5226.0,5247.0,5226.0,5250.5,5250.5,10.0,5240.5,0.0,5233.5,-7.0,False,False,False,False,False,False,False,False,False,False,False,False,False,False,False,False,False,False,17.0,4.0
75800,,,VELVETFRUIT_EXTRACT,XIRECS,5240.0,3,0,5242.5,5240,5245,5239.0,5246.0,0.0,0.0,0.0,-1,at_or_below_bid_touch,5242.5,5232.0,5247.0,5226.0,5247.0,5226.0,5250.5,5252.0,9.5,5241.0,-1.5,5236.5,-6.0,False,False,False,False,False,False,False,False,False,False,False,False,False,False,False,False,False,False,14.0,7.0
76300,,,VELVETFRUIT_EXTRACT,XIRECS,5247.0,8,0,5244.0,5241,5247,5241.0,5247.0,0.0,0.0,0.0,1,at_or_above_ask_touch,5244.0,5232.0,5247.0,5226.5,5247.0,5226.0,5250.5,5252.5,8.5,5241.5,-2.5,5239.5,-4.5,False,True,False,True,False,True,False,True,False,True,False,True,False,False,False,False,False,False,20.5,0.0
79800,,,VELVETFRUIT_EXTRACT,XIRECS,5247.0,6,0,5249.5,5247,5252,5246.0,5252.0,-0.5076923076923077,0.0,-0.1951219512195122,-1,at_or_below_bid_touch,5249.5,5232.0,5250.5,5226.5,5250.5,5226.0,5250.5,5243.5,-6.0,5232.5,-17.0,5239.0,-10.5,False,False,False,False,False,False,False,False,False,False,False,False,False,False,False,False,False,False,20.5,3.5
85300,,,VELVETFRUIT_EXTRACT,XIRECS,5245.0,6,0,5242.5,5240,5245,5239.0,5245.0,-0.575,0.0,-0.1559633027522936,1,at_or_above_ask_touch,5242.5,5232.5,5255.5,5229.5,5255.5,5226.0,5255.5,5236.5,-6.0,5235.0,-7.5,5238.0,-4.5,False,False,False,False,False,False,False,False,False,False,False,False,False,False,False,False,False,False,15.5,10.5
85800,,,VELVETFRUIT_EXTRACT,XIRECS,5238.0,4,0,5241.0,5238,5244,5238.0,5244.0,0.0,0.0,0.0,-1,at_or_below_bid_touch,5241.0,5232.5,5255.5,5229.5,5255.5,5226.0,5255.5,5235.5,-5.5,5238.5,-2.5,5236.5,-4.5,False,False,False,False,False,False,False,False,False,False,False,False,False,False,False,False,False,False,8.5,17.5
86300,,,VELVETFRUIT_EXTRACT,XIRECS,5244.0,7,0,5241.5,5239,5244,5238.0,5245.0,0.0,0.0,0.0,1,at_or_above_ask_touch,5241.5,5232.5,5255.5,5229.5,5255.5,5226.0,5255.5,5236.0,-5.5,5237.5,-4.0,5236.5,-5.0,False,False,False,False,False,False,False,False,False,False,False,False,False,False,False,False,False,False,14.5,11.5
86800,,,VELVETFRUIT_EXTRACT,XIRECS,5245.0,6,0,5242.5,5240,5245,5239.0,5245.0,-0.4246575342465753,0.0,-0.25301204819277107,1,at_or_above_ask_touch,5242.5,5232.5,5255.5,5229.5,5255.5,5226.0,5255.5,5232.5,-10.0,5238.5,-4.0,5234.5,-8.0,False,False,False,False,False,False,False,False,False,False,False,False,False,False,False,False,False,False,15.5,10.5
89300,,,VELVETFRUIT_EXTRACT,XIRECS,5237.0,5,0,5234.5,5232,5237,5232.0,5238.0,0.4634146341463415,0.0,0.22448979591836735,1,at_or_above_ask_touch,5234.5,5234.5,5255.5,5229.5,5255.5,5226.0,5255.5,5233.5,-1.0,5241.0,6.5,5226.5,-8.0,False,False,False,False,False,False,False,False,False,False,False,False,False,False,False,False,False,False,7.5,18.5
92600,,,VELVETFRUIT_EXTRACT,XIRECS,5232.0,5,0,5230.5,5229,5232,5227.0,5233.0,-0.391304347826087,0.05982905982905983,0.1702127659574468,1,at_or_above_ask_touch,5230.5,5230.5,5255.5,5229.5,5255.5,5226.0,5255.5,5236.0,5.5,5239.0,8.5,5233.0,2.5,False,False,False,False,True,False,False,False,False,False,False,False,False,False,False,False,False,False,2.5,23.5
100000,,,VELVETFRUIT_EXTRACT,XIRECS,5240.0,4,0,5237.5,5235,5240,5235.0,5241.0,0.5,0.0,0.2,1,at_or_above_ask_touch,5237.5,5229.5,5255.5,5229.5,5255.5,5226.0,5255.5,5233.5,-4.0,5222.0,-15.5,5228.5,-9.0,False,False,False,False,False,False,False,False,False,False,False,False,False,False,False,False,False,False,10.5,15.5
101800,,,VELVETFRUIT_EXTRACT,XIRECS,5241.0,4,0,5238.5,5236,5241,5235.0,5241.0,-0.5,0.0,-0.2,1,at_or_above_ask_touch,5238.5,5229.5,5252.5,5229.5,5255.5,5226.0,5255.5,5234.5,-4.0,5221.5,-17.0,5232.5,-6.0,False,False,False,False,False,False,False,False,False,False,False,False,False,False,False,False,False,False,11.5,14.5
102600,,,VELVETFRUIT_EXTRACT,XIRECS,5236.0,4,0,5239.0,5236,5242,5236.0,5242.0,0.0,0.0,0.0,-1,at_or_below_bid_touch,5239.0,5229.5,5248.5,5229.5,5255.5,5226.0,5255.5,5230.5,-8.5,5220.5,-18.5,5235.5,-3.5,False,False,False,False,False,False,False,False,False,False,False,False,False,False,False,False,False,False,6.5,19.5
104800,,,VELVETFRUIT_EXTRACT,XIRECS,5235.0,6,0,5232.0,5229,5235,5229.0,5235.0,0.0,0.0,0.0,1,at_or_above_ask_touch,5232.0,5229.5,5244.5,5229.5,5255.5,5226.0,5255.5,5224.5,-7.5,5222.5,-9.5,5240.5,8.5,False,False,False,False,False,False,False,False,False,False,False,False,False,False,False,False,False,False,5.5,20.5
105600,,,VELVETFRUIT_EXTRACT,XIRECS,5235.0,12,0,5234.5,5234,5235,5233.0,5239.0,0.14285714285714285,-0.10714285714285714,-0.19047619047619047,1,at_or_above_ask_touch,5234.5,5229.5,5242.5,5229.5,5255.5,5226.0,5255.5,5225.5,-9.0,5218.5,-16.0,5242.5,8.0,False,False,False,False,False,False,False,False,False,False,False,False,False,False,False,False,False,False,5.5,20.5
110200,,,VELVETFRUIT_EXTRACT,XIRECS,5224.0,5,0,5225.5,5224,5227,5222.0,5228.0,-0.5172413793103449,0.05785123966942149,0.2391304347826087,-1,at_or_below_bid_touch,5225.5,5222.0,5242.5,5222.0,5255.5,5222.0,5255.5,5221.5,-4.0,5222.0,-3.5,5251.5,26.0,False,False,False,False,True,False,False,False,False,False,True,False,False,False,False,False,True,False,2.0,31.5
112900,,,VELVETFRUIT_EXTRACT,XIRECS,5224.0,5,0,5221.5,5219,5224,5219.0,5225.0,0.4520547945205479,0.0,0.23255813953488372,1,at_or_above_ask_touch,5221.5,5220.5,5242.5,5220.5,5255.5,5220.5,5255.5,5218.5,-3.0,5232.5,11.0,5251.5,30.0,False,False,False,False,False,False,False,False,False,False,False,False,False,False,False,False,False,False,3.5,31.5
117700,,,VELVETFRUIT_EXTRACT,XIRECS,5223.0,8,0,5220.5,5218,5223,5217.0,5223.0,-0.4634146341463415,0.0,-0.22448979591836735,1,at_or_above_ask_touch,5220.5,5216.5,5242.5,5216.5,5255.5,5216.5,5255.5,5231.5,11.0,5238.5,18.0,5253.0,32.5,False,False,False,False,False,False,False,False,False,False,False,False,False,False,False,False,False,False,6.5,32.5
120900,,,VELVETFRUIT_EXTRACT,XIRECS,5219.0,5,0,5222.0,5219,5225,5219.0,5225.0,0.0,0.0,0.0,-1,at_or_below_bid_touch,5222.0,5216.5,5241.5,5216.5,5255.5,5216.5,5255.5,5237.5,15.5,5240.5,18.5,5252.5,30.5,False,False,False,False,False,False,False,False,False,False,False,False,False,False,False,False,False,False,2.5,36.5
123200,,,VELVETFRUIT_EXTRACT,XIRECS,5230.0,5,0,5232.5,5230,5235,5229.0,5235.0,-0.5609756097560976,0.0,-0.16363636363636364,-1,at_or_below_bid_touch,5232.5,5216.5,5236.5,5216.5,5255.5,5216.5,5255.5,5241.5,9.0,5241.5,9.0,5250.5,18.0,False,False,False,False,False,False,False,False,False,False,False,False,False,False,False,False,False,False,13.5,25.5
127700,,,VELVETFRUIT_EXTRACT,XIRECS,5241.0,8,0,5238.5,5236,5241,5235.0,5242.0,0.0,0.0,0.0,1,at_or_above_ask_touch,5238.5,5216.5,5240.5,5216.5,5255.5,5216.5,5255.5,5244.5,6.0,5228.5,-10.0,5240.5,2.0,False,True,False,True,False,True,False,False,False,False,False,False,False,False,False,False,False,False,24.5,14.5
136700,,,VELVETFRUIT_EXTRACT,XIRECS,5239.0,3,0,5236.5,5234,5239,5234.0,5240.0,0.45454545454545453,0.0,0.23076923076923078,1,at_or_above_ask_touch,5236.5,5218.5,5246.0,5216.5,5246.0,5216.5,5255.5,5231.5,-5.0,5228.0,-8.5,5237.5,1.0,False,False,False,False,False,False,False,False,False,False,False,False,False,False,False,False,False,False,22.5,7.0
140800,,,VELVETFRUIT_EXTRACT,XIRECS,5234.0,7,0,5231.5,5229,5234,5228.0,5235.0,0.0,0.0,0.0,1,at_or_above_ask_touch,5231.5,5221.5,5246.0,5216.5,5246.0,5216.5,5255.5,5227.5,-4.0,5232.5,1.0,5232.5,1.0,False,False,False,False,False,False,False,False,False,False,False,False,False,False,False,False,False,False,17.5,12.0
141700,,,VELVETFRUIT_EXTRACT,XIRECS,5234.0,6,0,5231.5,5229,5234,5228.0,5234.0,-0.5555555555555556,0.0,-0.16666666666666666,1,at_or_above_ask_touch,5231.5,5225.0,5246.0,5216.5,5246.0,5216.5,5255.5,5228.0,-3.5,5232.5,1.0,5230.5,-1.0,False,False,False,False,False,False,False,False,False,False,False,False,False,False,False,False,False,False,17.5,12.0
142400,,,VELVETFRUIT_EXTRACT,XIRECS,5231.0,5,0,5233.5,5231,5236,5230.0,5236.0,-0.42857142857142855,0.0,-0.25,-1,at_or_below_bid_touch,5233.5,5225.0,5246.0,5216.5,5246.0,5216.5,5255.5,5224.5,-9.0,5233.5,0.0,5231.5,-2.0,False,False,False,False,False,False,False,False,False,False,False,False,False,False,False,False,False,False,14.5,15.0
144100,,,VELVETFRUIT_EXTRACT,XIRECS,5227.0,7,0,5229.5,5227,5232,5226.0,5232.0,-0.5294117647058824,0.0,-0.18181818181818182,-1,at_or_below_bid_touch,5229.5,5225.0,5246.0,5216.5,5246.0,5216.5,5255.5,5225.5,-4.0,5238.5,9.0,5228.5,-1.0,False,False,False,False,True,False,False,False,False,False,False,False,False,False,False,False,False,False,10.5,19.0
145100,,,VELVETFRUIT_EXTRACT,XIRECS,5228.0,5,0,5227.0,5226,5228,5226.0,5232.0,0.8412698412698413,-0.04132231404958678,0.2608695652173913,1,at_or_above_ask_touch,5227.0,5225.0,5246.0,5216.5,5246.0,5216.5,5255.5,5229.5,2.5,5241.5,14.5,5231.5,4.5,False,False,False,False,False,False,False,False,False,False,False,False,False,False,False,False,False,False,11.5,18.0
148100,,,VELVETFRUIT_EXTRACT,XIRECS,5223.0,3,0,5225.5,5223,5228,5222.0,5228.0,-0.5443037974683544,0.0,-0.17307692307692307,-1,at_or_below_bid_touch,5225.5,5224.5,5246.0,5216.5,5246.0,5216.5,5255.5,5231.5,6.0,5245.5,20.0,5228.5,3.0,True,False,True,False,True,False,False,False,False,False,False,False,False,False,False,False,False,False,6.5,23.0
148700,,,VELVETFRUIT_EXTRACT,XIRECS,5223.0,8,0,5225.5,5223,5228,5222.0,5228.0,-0.5443037974683544,0.0,-0.17307692307692307,-1,at_or_below_bid_touch,5225.5,5224.0,5246.0,5216.5,5246.0,5216.5,5255.5,5234.5,9.0,5245.0,19.5,5226.5,1.0,True,False,True,False,True,False,False,False,False,False,False,False,False,False,False,False,False,False,6.5,23.0
152200,,,VELVETFRUIT_EXTRACT,XIRECS,5237.0,3,0,5234.0,5231,5237,5231.0,5237.0,0.0,0.0,0.0,1,at_or_above_ask_touch,5234.0,5224.0,5246.0,5216.5,5246.0,5216.5,5255.5,5240.5,6.5,5251.0,17.0,5231.5,-2.5,False,False,False,False,False,False,False,False,False,False,False,False,False,False,False,False,False,False,20.5,9.0
152400,,,VELVETFRUIT_EXTRACT,XIRECS,5231.0,3,0,5233.5,5231,5236,5231.0,5237.0,0.4074074074074074,0.0,0.26666666666666666,-1,at_or_below_bid_touch,5233.5,5224.0,5246.0,5216.5,5246.0,5216.5,5255.5,5243.5,10.0,5252.5,19.0,5232.5,-1.0,False,False,False,False,False,False,False,False,False,False,False,False,False,False,False,False,False,False,14.5,15.0
156600,,,VELVETFRUIT_EXTRACT,XIRECS,5244.0,4,0,5241.5,5239,5244,5239.0,5245.0,0.5714285714285714,0.0,0.15789473684210525,1,at_or_above_ask_touch,5241.5,5224.0,5242.5,5216.5,5246.0,5216.5,5255.5,5249.5,8.0,5250.5,9.0,5223.5,-18.0,False,True,False,True,False,True,False,False,False,False,False,True,False,False,False,False,False,False,27.5,2.0
159000,,,VELVETFRUIT_EXTRACT,XIRECS,5249.0,6,0,5246.5,5244,5249,5243.0,5250.0,0.0,0.0,0.0,1,at_or_above_ask_touch,5246.5,5224.0,5246.5,5216.5,5246.5,5216.5,5255.5,5251.5,5.0,5250.5,4.0,5229.5,-17.0,False,True,False,True,False,True,False,True,False,True,False,True,False,False,False,False,False,False,32.5,-2.5
169400,,,VELVETFRUIT_EXTRACT,XIRECS,5253.0,6,0,5250.5,5248,5253,5248.0,5254.0,0.4411764705882353,0.0,0.24050632911392406,1,at_or_above_ask_touch,5250.5,5225.5,5255.5,5219.5,5255.5,5216.5,5255.5,5244.5,-6.0,5239.5,-11.0,5227.5,-23.0,False,False,False,False,False,False,False,False,False,False,False,False,False,False,False,False,False,False,33.5,2.5
172800,,,VELVETFRUIT_EXTRACT,XIRECS,5252.0,3,0,5249.0,5246,5252,5246.0,5252.0,0.0,0.0,0.0,1,at_or_above_ask_touch,5249.0,5231.0,5255.5,5224.0,5255.5,5216.5,5255.5,5240.5,-8.5,5239.5,-9.5,5226.5,-22.5,False,False,False,False,False,False,False,False,False,False,False,False,False,False,False,False,False,False,28.0,3.5
173200,,,VELVETFRUIT_EXTRACT,XIRECS,5253.0,5,0,5250.5,5248,5253,5247.0,5253.0,-0.42857142857142855,0.0,-0.25,1,at_or_above_ask_touch,5250.5,5231.0,5255.5,5224.0,5255.5,5216.5,5255.5,5236.5,-14.0,5240.5,-10.0,5229.5,-21.0,False,False,False,False,False,False,False,False,False,False,False,False,False,False,False,False,False,False,29.0,2.5
173900,,,VELVETFRUIT_EXTRACT,XIRECS,5245.0,5,0,5247.5,5245,5250,5245.0,5251.0,0.4457831325301205,0.0,0.23711340206185566,-1,at_or_below_bid_touch,5247.5,5237.5,5255.5,5224.0,5255.5,5216.5,5255.5,5240.5,-7.0,5238.5,-9.0,5227.5,-20.0,False,False,False,False,False,False,False,False,False,False,False,False,False,False,False,False,False,False,21.0,10.5
178300,,,VELVETFRUIT_EXTRACT,XIRECS,5239.0,6,0,5236.5,5234,5239,5233.0,5240.0,0.0,0.0,0.0,1,at_or_above_ask_touch,5236.5,5236.5,5255.5,5224.0,5255.5,5216.5,5255.5,5240.5,4.0,5234.5,-2.0,5235.0,-1.5,False,False,False,False,False,False,False,False,False,False,False,False,False,False,False,False,False,False,15.0,16.5
178800,,,VELVETFRUIT_EXTRACT,XIRECS,5237.0,5,0,5239.5,5237,5242,5236.0,5243.0,0.0,0.0,0.0,-1,at_or_below_bid_touch,5239.5,5236.5,5255.5,5224.0,5255.5,5216.5,5255.5,5237.5,-2.0,5234.0,-5.5,5232.5,-7.0,False,False,True,False,True,False,False,False,False,False,False,False,False,False,False,False,False,False,13.0,18.5
179500,,,VELVETFRUIT_EXTRACT,XIRECS,5236.0,3,0,5238.5,5236,5241,5235.0,5241.0,-0.49473684210526314,0.0,-0.2033898305084746,-1,at_or_below_bid_touch,5238.5,5236.5,5255.5,5224.0,5255.5,5216.5,5255.5,5238.5,0.0,5235.0,-3.5,5232.0,-6.5,True,False,True,False,True,False,False,False,False,False,False,False,False,False,False,False,False,False,12.0,19.5
195800,,,VELVETFRUIT_EXTRACT,XIRECS,5234.0,8,0,5231.5,5229,5234,5228.0,5235.0,0.0,0.0,0.0,1,at_or_above_ask_touch,5231.5,5228.0,5245.0,5224.0,5255.5,5216.5,5255.5,5232.5,1.0,5228.5,-3.0,5243.5,12.0,False,False,False,False,False,False,False,False,False,False,False,False,False,False,False,False,False,False,10.0,21.5
196500,,,VELVETFRUIT_EXTRACT,XIRECS,5227.0,7,0,5229.5,5227,5232,5226.0,5233.0,0.0,0.0,0.0,-1,at_or_below_bid_touch,5229.5,5228.0,5245.0,5224.0,5255.5,5216.5,5255.5,5231.5,2.0,5224.5,-5.0,5244.5,15.0,True,False,True,False,True,False,False,False,False,False,False,False,False,False,False,False,False,False,3.0,28.5
199300,,,VELVETFRUIT_EXTRACT,XIRECS,5233.0,7,0,5230.0,5227,5233,5227.0,5233.0,0.0,0.0,0.0,1,at_or_above_ask_touch,5230.0,5224.0,5241.0,5224.0,5255.5,5216.5,5255.5,5227.5,-2.5,5228.5,-1.5,5247.5,17.5,False,False,False,False,False,False,False,False,False,False,False,False,False,False,False,False,False,False,9.0,22.5
199700,,,VELVETFRUIT_EXTRACT,XIRECS,5227.0,4,0,5229.5,5227,5232,5226.0,5233.0,0.0,0.0,0.0,-1,at_or_below_bid_touch,5229.5,5224.0,5241.0,5224.0,5255.5,5216.5,5255.5,5230.5,1.0,5228.0,-1.5,5246.5,17.0,False,False,False,False,False,False,False,False,False,False,False,False,False,False,False,False,False,False,3.0,28.5
200700,,,VELVETFRUIT_EXTRACT,XIRECS,5235.0,7,0,5232.5,5230,5235,5229.0,5236.0,0.0,0.0,0.0,1,at_or_above_ask_touch,5232.5,5224.0,5241.0,5224.0,5255.5,5216.5,5255.5,5228.5,-4.0,5235.5,3.0,5246.5,14.0,False,False,False,False,False,False,False,False,False,False,False,False,False,False,False,False,False,False,11.0,20.5
201900,,,VELVETFRUIT_EXTRACT,XIRECS,5230.0,4,0,5233.0,5230,5236,5230.0,5236.0,0.0,0.0,0.0,-1,at_or_below_bid_touch,5233.0,5224.0,5241.0,5224.0,5255.5,5216.5,5255.5,5226.0,-7.0,5225.5,-7.5,5246.5,13.5,False,False,False,False,False,False,False,False,False,False,False,False,False,False,False,False,False,False,6.0,25.5
202500,,,VELVETFRUIT_EXTRACT,XIRECS,5233.0,6,0,5230.5,5228,5233,5228.0,5234.0,0.47126436781609193,0.0,0.21904761904761905,1,at_or_above_ask_touch,5230.5,5224.0,5241.0,5224.0,5255.5,5216.5,5255.5,5227.5,-3.0,5219.5,-11.0,5249.0,18.5,False,False,False,False,False,False,False,False,False,False,False,False,False,False,False,False,False,False,9.0,22.5
203600,,,VELVETFRUIT_EXTRACT,XIRECS,5229.0,10,0,5228.0,5227,5229,5227.0,5233.0,0.6721311475409836,-0.08928571428571429,0.0,1,at_or_above_ask_touch,5228.0,5224.0,5239.5,5224.0,5255.5,5216.5,5255.5,5227.5,-0.5,5220.5,-7.5,5246.5,18.5,False,False,False,False,False,False,False,False,False,False,False,False,False,False,False,False,False,False,5.0,26.5
209400,,,VELVETFRUIT_EXTRACT,XIRECS,5231.0,5,0,5228.5,5226,5231,5226.0,5232.0,0.4318181818181818,0.0,0.24752475247524752,1,at_or_above_ask_touch,5228.5,5223.5,5237.5,5223.5,5255.5,5216.5,5255.5,5220.5,-8.0,5227.5,-1.0,5236.5,8.0,False,False,False,False,False,False,False,False,False,False,False,False,False,False,False,False,False,False,7.5,24.5
210700,,,VELVETFRUIT_EXTRACT,XIRECS,5238.0,6,0,5235.5,5233,5238,5232.0,5239.0,0.0,0.0,0.0,1,at_or_above_ask_touch,5235.5,5223.5,5235.5,5223.5,5255.5,5216.5,5255.5,5222.5,-13.0,5227.5,-8.0,5236.5,1.0,False,True,False,True,False,True,False,False,False,False,False,False,False,False,False,False,False,False,14.5,17.5
213100,,,VELVETFRUIT_EXTRACT,XIRECS,5224.0,6,0,5221.5,5219,5224,5218.0,5224.0,-0.42857142857142855,0.0,-0.25,1,at_or_above_ask_touch,5221.5,5219.5,5235.5,5219.5,5255.5,5216.5,5255.5,5222.5,1.0,5229.5,8.0,5243.0,21.5,False,False,False,False,False,False,False,False,False,False,False,False,False,False,False,False,False,False,4.5,31.5
213600,,,VELVETFRUIT_EXTRACT,XIRECS,5221.0,13,0,5220.5,5220,5221,5219.0,5225.0,0.10344827586206896,-0.09923664122137404,-0.1568627450980392,1,at_or_above_ask_touch,5220.5,5219.5,5235.5,5219.5,5254.5,5216.5,5255.5,5221.5,1.0,5228.5,8.0,5243.0,22.5,False,False,False,False,True,False,False,False,False,False,True,False,False,False,False,False,False,False,1.5,33.5
216000,,,VELVETFRUIT_EXTRACT,XIRECS,5222.0,3,0,5224.5,5222,5227,5221.0,5228.0,0.0,0.0,0.0,-1,at_or_below_bid_touch,5224.5,5219.0,5235.5,5219.0,5254.5,5216.5,5255.5,5227.5,3.0,5231.5,7.0,5243.5,19.0,False,False,False,False,False,False,False,False,False,False,False,False,False,False,False,False,False,False,3.0,32.5
216100,,,VELVETFRUIT_EXTRACT,XIRECS,5226.0,4,0,5223.5,5221,5226,5221.0,5227.0,0.44,0.0,0.2413793103448276,1,at_or_above_ask_touch,5223.5,5219.0,5235.5,5219.0,5254.5,5216.5,5255.5,5226.5,3.0,5232.0,8.5,5244.0,20.5,False,False,False,False,False,False,False,False,False,False,False,False,False,False,False,False,False,False,7.0,28.5
216600,,,VELVETFRUIT_EXTRACT,XIRECS,5222.0,7,0,5224.5,5222,5227,5221.0,5228.0,0.0,0.0,0.0,-1,at_or_below_bid_touch,5224.5,5219.0,5235.5,5219.0,5254.5,5218.5,5255.5,5228.5,4.0,5231.5,7.0,5245.5,21.0,False,False,False,False,False,False,False,False,False,False,False,False,False,False,False,False,False,False,3.0,32.5
217200,,,VELVETFRUIT_EXTRACT,XIRECS,5227.0,4,0,5224.5,5222,5227,5222.0,5228.0,0.46835443037974683,0.0,0.22105263157894736,1,at_or_above_ask_touch,5224.5,5219.0,5235.5,5219.0,5254.5,5218.5,5255.5,5228.5,4.0,5232.5,8.0,5241.0,16.5,False,False,False,False,False,False,False,False,False,False,False,False,False,False,False,False,False,False,8.0,27.5
225900,,,VELVETFRUIT_EXTRACT,XIRECS,5235.0,5,0,5232.5,5230,5235,5229.0,5235.0,-0.5053763440860215,0.0,-0.19658119658119658,1,at_or_above_ask_touch,5232.5,5219.0,5235.5,5219.0,5245.0,5219.0,5255.5,5235.5,3.0,5233.5,1.0,5250.5,18.0,False,False,False,True,False,True,False,False,False,False,False,False,False,False,False,False,False,False,16.0,10.0
227300,,,VELVETFRUIT_EXTRACT,XIRECS,5231.0,13,0,5230.5,5230,5231,5229.0,5235.0,0.21212121212121213,-0.087248322147651,-0.1724137931034483,1,at_or_above_ask_touch,5230.5,5219.0,5235.5,5219.0,5244.5,5219.0,5255.5,5238.5,8.0,5227.5,-3.0,5251.5,21.0,False,False,False,False,False,False,False,False,False,False,False,False,False,False,False,False,False,False,12.0,13.5
227800,,,VELVETFRUIT_EXTRACT,XIRECS,5239.0,6,0,5236.5,5234,5239,5234.0,5240.0,0.4878048780487805,0.0,0.2079207920792079,1,at_or_above_ask_touch,5236.5,5219.0,5236.5,5219.0,5241.5,5219.0,5255.5,5236.5,0.0,5230.5,-6.0,5250.5,14.0,False,True,False,True,False,True,False,False,False,False,False,False,False,False,False,False,False,False,20.0,2.5
229700,,,VELVETFRUIT_EXTRACT,XIRECS,5237.0,7,0,5234.5,5232,5237,5232.0,5238.0,0.425,0.0,0.25274725274725274,1,at_or_above_ask_touch,5234.5,5219.0,5237.5,5219.0,5241.0,5219.0,5255.5,5241.0,6.5,5233.5,-1.0,5239.5,5.0,False,False,False,True,False,True,False,False,False,False,False,False,False,False,False,False,False,False,18.0,4.0
231000,,,VELVETFRUIT_EXTRACT,XIRECS,5235.0,8,0,5234.5,5234,5235,5233.0,5239.0,0.5,-0.06666666666666667,-0.2727272727272727,1,at_or_above_ask_touch,5234.5,5219.0,5237.5,5219.0,5241.0,5219.0,5255.5,5233.5,-1.0,5232.5,-2.0,5239.5,5.0,False,False,False,False,False,False,False,False,False,False,False,False,False,False,False,False,False,False,16.0,6.0
232700,,,VELVETFRUIT_EXTRACT,XIRECS,5234.0,3,0,5236.5,5234,5239,5234.0,5240.0,0.5952380952380952,0.0,0.1452991452991453,-1,at_or_below_bid_touch,5236.5,5219.0,5239.0,5219.0,5241.0,5219.0,5255.5,5230.5,-6.0,5234.5,-2.0,5240.5,4.0,False,False,False,False,False,False,False,False,False,False,False,False,False,False,False,False,False,False,15.0,7.0
235900,,,VELVETFRUIT_EXTRACT,XIRECS,5231.0,8,0,5233.5,5231,5236,5230.0,5237.0,0.0,0.0,0.0,-1,at_or_below_bid_touch,5233.5,5220.0,5244.5,5219.0,5244.5,5219.0,5255.5,5232.0,-1.5,5244.5,11.0,5237.5,4.0,False,False,False,False,False,False,False,False,False,False,False,False,False,False,False,False,False,False,12.0,13.5
238700,,,VELVETFRUIT_EXTRACT,XIRECS,5233.0,6,0,5230.5,5228,5233,5227.0,5234.0,0.0,0.0,0.0,1,at_or_above_ask_touch,5230.5,5223.0,5244.5,5219.0,5244.5,5219.0,5255.5,5241.5,11.0,5242.5,12.0,5244.5,14.0,False,False,False,False,False,False,False,False,False,False,False,False,False,False,False,False,False,False,14.0,11.5
239200,,,VELVETFRUIT_EXTRACT,XIRECS,5229.0,5,0,5231.5,5229,5234,5229.0,5235.0,0.46808510638297873,0.0,0.22123893805309736,-1,at_or_below_bid_touch,5231.5,5224.5,5244.5,5219.0,5244.5,5219.0,5255.5,5241.5,10.0,5246.5,15.0,5246.5,15.0,False,False,False,False,False,False,False,False,False,False,False,False,False,False,False,False,False,False,10.0,15.5
242100,,,VELVETFRUIT_EXTRACT,XIRECS,5237.0,3,0,5234.5,5232,5237,5232.0,5238.0,0.5,0.0,0.2,1,at_or_above_ask_touch,5234.5,5226.5,5244.5,5219.0,5244.5,5219.0,5255.5,5244.0,9.5,5247.5,13.0,5243.5,9.0,False,False,False,False,False,False,False,False,False,False,False,False,False,False,False,False,False,False,18.0,7.5
248500,,,VELVETFRUIT_EXTRACT,XIRECS,5241.0,8,0,5243.5,5241,5246,5241.0,5247.0,0.4666666666666667,0.0,0.2222222222222222,-1,at_or_below_bid_touch,5243.5,5227.5,5246.5,5219.0,5246.5,5219.0,5255.5,5248.5,5.0,5237.5,-6.0,5250.5,7.0,False,False,False,False,False,False,False,False,False,False,False,False,False,False,False,False,False,False,22.0,5.5
250200,,,VELVETFRUIT_EXTRACT,XIRECS,5244.0,7,0,5247.0,5244,5250,5244.0,5250.0,0.0,0.0,0.0,-1,at_or_below_bid_touch,5247.0,5227.5,5248.0,5219.0,5248.0,5219.0,5255.5,5245.5,-1.5,5238.0,-9.0,5255.5,8.5,False,False,False,False,False,False,False,False,False,False,False,False,False,False,False,False,False,False,25.0,4.0
251800,,,VELVETFRUIT_EXTRACT,XIRECS,5249.0,4,0,5246.5,5244,5249,5243.0,5249.0,-0.5324675324675324,0.0,-0.18,1,at_or_above_ask_touch,5246.5,5227.5,5248.5,5219.0,5248.5,5219.0,5255.5,5239.5,-7.0,5240.5,-6.0,5256.5,10.0,False,True,False,True,False,True,False,True,False,True,False,True,False,False,False,False,False,False,30.0,-0.5
256100,,,VELVETFRUIT_EXTRACT,XIRECS,5243.0,4,0,5240.5,5238,5243,5237.0,5244.0,0.0,0.0,0.0,1,at_or_above_ask_touch,5240.5,5227.5,5250.5,5219.0,5250.5,5219.0,5255.5,5236.5,-4.0,5244.0,3.5,5250.5,10.0,False,False,False,False,False,False,False,False,False,False,False,False,False,False,False,False,False,False,24.0,7.5
257100,,,VELVETFRUIT_EXTRACT,XIRECS,5245.0,7,0,5242.5,5240,5245,5239.0,5245.0,-0.43661971830985913,0.0,-0.24390243902439024,1,at_or_above_ask_touch,5242.5,5227.5,5250.5,5219.0,5250.5,5219.0,5255.5,5242.0,-0.5,5244.5,2.0,5252.5,10.0,False,False,False,False,False,False,False,False,False,False,False,False,False,False,False,False,False,False,26.0,5.5
260200,,,VELVETFRUIT_EXTRACT,XIRECS,5235.0,3,0,5238.0,5235,5241,5235.0,5241.0,0.0,0.0,0.0,-1,at_or_below_bid_touch,5238.0,5229.5,5250.5,5219.0,5250.5,5219.0,5255.5,5243.5,5.5,5247.5,9.5,5252.5,14.5,False,False,False,False,False,False,False,False,False,False,False,False,False,False,False,False,False,False,16.0,15.5
265200,,,VELVETFRUIT_EXTRACT,XIRECS,5241.0,8,0,5243.5,5241,5246,5240.0,5246.0,-0.4457831325301205,0.0,-0.23711340206185566,-1,at_or_below_bid_touch,5243.5,5233.5,5250.5,5220.0,5250.5,5219.0,5254.5,5247.5,4.0,5246.5,3.0,5257.5,14.0,False,False,False,False,False,False,False,False,False,False,False,False,False,False,False,False,False,False,21.0,9.5
265500,,,VELVETFRUIT_EXTRACT,XIRECS,5241.0,6,0,5243.5,5241,5246,5240.0,5246.0,-0.5897435897435898,0.0,-0.14814814814814814,-1,at_or_below_bid_touch,5243.5,5233.5,5250.5,5220.0,5250.5,5219.0,5254.5,5246.5,3.0,5247.5,4.0,5256.0,12.5,False,False,False,False,False,False,False,False,False,False,False,False,False,False,False,False,False,False,21.0,9.5
265900,,,VELVETFRUIT_EXTRACT,XIRECS,5242.0,8,0,5244.5,5242,5247,5241.0,5247.0,-0.4945054945054945,0.0,-0.20353982300884957,-1,at_or_below_bid_touch,5244.5,5233.5,5250.5,5220.0,5250.5,5219.0,5254.5,5245.0,0.5,5250.5,6.0,5259.5,15.0,False,False,False,False,False,False,False,False,False,False,False,False,False,False,False,False,False,False,22.0,8.5
266000,,,VELVETFRUIT_EXTRACT,XIRECS,5241.0,8,0,5243.5,5241,5246,5240.0,5246.0,-0.4888888888888889,0.0,-0.2072072072072072,-1,at_or_below_bid_touch,5243.5,5233.5,5250.5,5220.0,5250.5,5219.0,5254.5,5244.5,1.0,5249.0,5.5,5260.5,17.0,False,False,False,False,False,False,False,False,False,False,False,False,False,False,False,False,False,False,21.0,9.5
267500,,,VELVETFRUIT_EXTRACT,XIRECS,5238.0,8,0,5240.5,5238,5243,5237.0,5244.0,0.0,0.0,0.0,-1,at_or_below_bid_touch,5240.5,5233.5,5250.5,5220.0,5250.5,5219.0,5254.5,5244.5,4.0,5249.5,9.0,5265.5,25.0,False,False,False,False,False,False,False,False,False,False,False,False,False,False,False,False,False,False,18.0,12.5
270900,,,VELVETFRUIT_EXTRACT,XIRECS,5242.0,8,0,5245.0,5242,5248,5242.0,5248.0,0.0,0.0,0.0,-1,at_or_below_bid_touch,5245.0,5233.5,5250.5,5226.0,5250.5,5219.0,5253.5,5250.5,5.5,5240.0,-5.0,5261.0,16.0,False,False,False,False,False,False,False,False,False,False,False,False,False,False,False,False,False,False,16.0,8.5
273700,,,VELVETFRUIT_EXTRACT,XIRECS,5251.0,3,0,5248.5,5246,5251,5246.0,5252.0,0.42857142857142855,0.0,0.25,1,at_or_above_ask_touch,5248.5,5233.5,5250.0,5227.5,5250.5,5219.0,5250.5,5244.5,-4.0,5236.5,-12.0,5257.5,9.0,False,True,False,True,False,True,False,True,False,True,False,True,False,True,False,True,False,True,23.5,-0.5
277200,,,VELVETFRUIT_EXTRACT,XIRECS,5254.0,6,0,5251.5,5249,5254,5249.0,5255.0,0.5128205128205128,0.0,0.1919191919191919,1,at_or_above_ask_touch,5251.5,5233.5,5253.0,5227.5,5253.0,5219.0,5253.0,5243.5,-8.0,5234.5,-17.0,5270.5,19.0,False,True,False,True,False,True,False,True,False,True,False,True,False,True,False,True,False,True,26.5,-1.0
280600,,,VELVETFRUIT_EXTRACT,XIRECS,5238.0,8,0,5240.5,5238,5243,5237.0,5243.0,-0.5476190476190477,0.0,-0.17117117117117117,-1,at_or_below_bid_touch,5240.5,5236.5,5253.0,5227.5,5253.0,5219.0,5253.0,5236.5,-4.0,5245.5,5.0,5265.5,25.0,False,False,False,False,True,False,False,False,False,False,False,False,False,False,False,False,False,False,10.5,15.0
281300,,,VELVETFRUIT_EXTRACT,XIRECS,5242.0,8,0,5240.5,5239,5242,5236.0,5242.0,-0.7333333333333333,0.07142857142857142,-0.18181818181818182,1,at_or_above_ask_touch,5240.5,5237.5,5253.0,5227.5,5253.0,5219.0,5253.0,5238.5,-2.0,5241.0,0.5,5268.5,28.0,False,False,False,False,False,False,False,False,False,False,False,False,False,False,False,False,False,False,14.5,11.0
282600,,,VELVETFRUIT_EXTRACT,XIRECS,5243.0,7,0,5240.5,5238,5243,5237.0,5244.0,0.0,0.0,0.0,1,at_or_above_ask_touch,5240.5,5237.5,5253.0,5227.5,5253.0,5219.0,5253.0,5239.5,-1.0,5243.5,3.0,5267.5,27.0,False,False,False,False,False,False,False,False,False,False,False,False,False,False,False,False,False,False,15.5,10.0
286800,,,VELVETFRUIT_EXTRACT,XIRECS,5232.0,6,0,5234.5,5232,5237,5231.0,5238.0,0.0,0.0,0.0,-1,at_or_below_bid_touch,5234.5,5234.5,5253.0,5227.5,5253.0,5219.0,5253.0,5242.0,7.5,5250.0,15.5,5258.0,23.5,True,False,True,False,True,False,False,False,False,False,False,False,False,False,False,False,False,False,4.5,21.0
289500,,,VELVETFRUIT_EXTRACT,XIRECS,5250.0,7,0,5247.5,5245,5250,5244.0,5251.0,0.0,0.0,0.0,1,at_or_above_ask_touch,5247.5,5233.0,5253.0,5229.5,5253.0,5219.0,5253.0,5243.5,-4.0,5255.5,8.0,5258.5,11.0,False,False,False,False,False,False,False,False,False,False,False,False,False,False,False,False,False,False,20.5,3.0
291200,,,VELVETFRUIT_EXTRACT,XIRECS,5237.0,7,0,5239.5,5237,5242,5237.0,5243.0,0.6153846153846154,0.0,0.13513513513513514,-1,at_or_below_bid_touch,5239.5,5233.0,5253.0,5229.5,5253.0,5219.0,5253.0,5243.5,4.0,5254.5,15.0,5257.5,18.0,False,False,False,False,False,False,False,False,False,False,False,False,False,False,False,False,False,False,7.5,16.0
292400,,,VELVETFRUIT_EXTRACT,XIRECS,5245.0,6,0,5242.5,5240,5245,5240.0,5246.0,0.5581395348837209,0.0,0.16521739130434782,1,at_or_above_ask_touch,5242.5,5233.0,5253.0,5233.0,5253.0,5219.0,5253.0,5247.5,5.0,5257.0,14.5,5253.5,11.0,False,False,False,False,False,False,False,False,False,False,False,False,False,False,False,False,False,False,12.0,8.0
293200,,,VELVETFRUIT_EXTRACT,XIRECS,5242.0,7,0,5244.5,5242,5247,5242.0,5248.0,0.4606741573033708,0.0,0.22641509433962265,-1,at_or_below_bid_touch,5244.5,5233.0,5253.0,5233.0,5253.0,5219.0,5253.0,5249.0,4.5,5258.5,14.0,5251.5,7.0,False,False,False,False,False,False,False,False,False,False,False,False,False,False,False,False,False,False,9.0,11.0
297300,,,VELVETFRUIT_EXTRACT,XIRECS,5245.0,3,0,5248.0,5245,5251,5245.0,5251.0,0.0,0.0,0.0,-1,at_or_below_bid_touch,5248.0,5233.0,5251.5,5233.0,5253.0,5219.0,5253.0,5258.5,10.5,5252.5,4.5,5265.5,17.5,False,False,False,False,False,False,False,False,False,False,False,False,False,False,False,False,False,False,12.0,8.0
297600,,,VELVETFRUIT_EXTRACT,XIRECS,5245.0,8,0,5247.5,5245,5250,5244.0,5251.0,0.0,0.0,0.0,-1,at_or_below_bid_touch,5247.5,5233.0,5251.5,5233.0,5253.0,5219.0,5253.0,5258.0,10.5,5252.5,5.0,5263.5,16.0,False,False,False,False,False,False,False,False,False,False,False,False,False,False,False,False,False,False,12.0,8.0
297800,,,VELVETFRUIT_EXTRACT,XIRECS,5251.0,5,0,5248.5,5246,5251,5246.0,5252.0,0.5588235294117647,0.0,0.16483516483516483,1,at_or_above_ask_touch,5248.5,5233.0,5250.5,5233.0,5253.0,5219.0,5253.0,5259.5,11.0,5254.0,5.5,5266.5,18.0,False,True,False,True,False,True,False,False,False,False,False,True,False,False,False,False,False,True,18.0,2.0
304700,,,VELVETFRUIT_EXTRACT,XIRECS,5255.0,4,0,5252.5,5250,5255,5249.0,5256.0,0.0,0.0,0.0,1,at_or_above_ask_touch,5252.5,5233.0,5259.5,5233.0,5259.5,5219.0,5259.5,5252.5,0.0,5260.5,8.0,5271.5,19.0,False,False,False,False,False,False,False,False,False,False,False,False,False,False,False,False,False,False,22.0,4.5
305700,,,VELVETFRUIT_EXTRACT,XIRECS,5252.0,8,0,5254.5,5252,5257,5252.0,5258.0,0.5106382978723404,0.0,0.19327731092436976,-1,at_or_below_bid_touch,5254.5,5233.0,5259.5,5233.0,5259.5,5219.0,5259.5,5255.0,0.5,5257.5,3.0,5274.5,20.0,False,False,False,False,False,False,False,False,False,False,False,False,False,False,False,False,False,False,19.0,7.5
310000,,,VELVETFRUIT_EXTRACT,XIRECS,5253.0,3,0,5255.5,5253,5258,5252.0,5259.0,0.0,0.0,0.0,-1,at_or_below_bid_touch,5255.5,5239.0,5259.5,5233.0,5259.5,5219.0,5259.5,5260.0,4.5,5268.0,12.5,5283.0,27.5,False,False,False,False,False,False,False,False,False,False,False,False,False,False,False,False,False,False,20.0,6.5
321200,,,VELVETFRUIT_EXTRACT,XIRECS,5257.0,10,0,5256.0,5255,5257,5255.0,5261.0,0.7297297297297297,-0.07246376811594203,0.0,1,at_or_above_ask_touch,5256.0,5250.5,5268.0,5233.0,5268.0,5226.0,5268.0,5268.5,12.5,5268.5,12.5,5278.5,22.5,False,False,False,False,False,False,False,False,False,False,False,False,False,False,False,False,False,False,24.0,11.0
323400,,,VELVETFRUIT_EXTRACT,XIRECS,5258.0,12,0,5257.5,5257,5258,5256.0,5262.0,0.2,-0.08823529411764706,-0.16981132075471697,1,at_or_above_ask_touch,5257.5,5250.5,5268.0,5233.0,5268.0,5227.5,5268.0,5268.5,11.0,5266.5,9.0,5278.5,21.0,False,False,False,False,False,False,False,False,False,False,False,False,False,False,False,False,False,False,25.0,10.0
323900,,,VELVETFRUIT_EXTRACT,XIRECS,5258.0,7,0,5257.0,5256,5258,5256.0,5262.0,0.8082191780821918,-0.050359712230215826,0.1891891891891892,1,at_or_above_ask_touch,5257.0,5250.5,5268.0,5233.0,5268.0,5227.5,5268.0,5266.5,9.5,5264.0,7.0,5279.5,22.5,False,False,False,False,False,False,False,False,False,False,False,False,False,False,False,False,False,False,25.0,10.0
327600,,,VELVETFRUIT_EXTRACT,XIRECS,5269.0,3,0,5271.5,5269,5274,5268.0,5274.0,-0.4626865671641791,0.0,-0.225,-1,at_or_below_bid_touch,5271.5,5252.5,5272.5,5233.0,5272.5,5227.5,5272.5,5267.5,-4.0,5260.5,-11.0,5282.5,11.0,False,False,False,False,False,False,False,False,False,False,False,False,False,False,False,False,False,False,36.0,3.5
329500,,,VELVETFRUIT_EXTRACT,XIRECS,5266.0,10,0,5265.5,5265,5266,5264.0,5270.0,0.3333333333333333,-0.0684931506849315,-0.1724137931034483,1,at_or_above_ask_touch,5265.5,5252.5,5272.5,5233.0,5272.5,5227.5,5272.5,5262.5,-3.0,5258.5,-7.0,5274.0,8.5,False,False,False,False,False,False,False,False,False,False,False,False,False,False,False,False,False,False,33.0,6.5
329700,,,VELVETFRUIT_EXTRACT,XIRECS,5265.0,3,0,5267.5,5265,5270,5264.0,5270.0,-0.4845360824742268,0.0,-0.21008403361344538,-1,at_or_below_bid_touch,5267.5,5252.5,5272.5,5233.0,5272.5,5227.5,5272.5,5263.5,-4.0,5258.5,-9.0,5273.5,6.0,False,False,False,False,False,False,False,False,False,False,False,False,False,False,False,False,False,False,32.0,7.5
335400,,,VELVETFRUIT_EXTRACT,XIRECS,5266.0,8,0,5263.5,5261,5266,5260.0,5267.0,0.0,0.0,0.0,1,at_or_above_ask_touch,5263.5,5256.0,5272.5,5233.0,5272.5,5227.5,5272.5,5256.5,-7.0,5252.5,-11.0,5271.5,8.0,False,False,False,False,False,False,False,False,False,False,False,False,False,False,False,False,False,False,33.0,6.5
338000,,,VELVETFRUIT_EXTRACT,XIRECS,5262.0,3,0,5259.5,5257,5262,5257.0,5263.0,0.5238095238095238,0.0,0.18518518518518517,1,at_or_above_ask_touch,5259.5,5256.0,5272.5,5239.0,5272.5,5228.5,5272.5,5252.0,-7.5,5267.5,8.0,5272.5,13.0,False,False,False,False,False,False,False,False,False,False,False,False,False,False,False,False,False,False,23.0,10.5
345400,,,VELVETFRUIT_EXTRACT,XIRECS,5250.0,8,0,5252.5,5250,5255,5249.0,5256.0,0.0,0.0,0.0,-1,at_or_below_bid_touch,5252.5,5249.5,5272.5,5243.5,5272.5,5233.0,5272.5,5270.5,18.0,5273.5,21.0,5264.5,12.0,False,False,True,False,True,False,False,False,False,False,False,False,False,False,False,False,False,False,6.5,22.5
346300,,,VELVETFRUIT_EXTRACT,XIRECS,5262.0,8,0,5259.5,5257,5262,5256.0,5262.0,-0.425,0.0,-0.25274725274725274,1,at_or_above_ask_touch,5259.5,5249.5,5272.5,5245.5,5272.5,5233.0,5272.5,5271.5,12.0,5271.0,11.5,5262.5,3.0,False,False,False,False,False,False,False,False,False,False,False,False,False,False,False,False,False,False,16.5,10.5
346400,,,VELVETFRUIT_EXTRACT,XIRECS,5258.0,3,0,5260.5,5258,5263,5258.0,5264.0,0.5157894736842106,0.0,0.19008264462809918,-1,at_or_below_bid_touch,5260.5,5249.5,5272.5,5246.5,5272.5,5233.0,5272.5,5271.5,11.0,5270.5,10.0,5262.5,2.0,False,False,False,False,False,False,False,False,False,False,False,False,False,False,False,False,False,False,11.5,14.5
350700,,,VELVETFRUIT_EXTRACT,XIRECS,5276.0,6,0,5273.5,5271,5276,5270.0,5276.0,-0.5164835164835165,0.0,-0.1896551724137931,1,at_or_above_ask_touch,5273.5,5249.5,5273.5,5249.5,5273.5,5233.0,5273.5,5274.5,1.0,5279.0,5.5,5261.5,-12.0,False,True,False,True,False,True,False,True,False,True,False,True,False,True,False,True,False,True,26.5,-2.5
351100,,,VELVETFRUIT_EXTRACT,XIRECS,5271.0,7,0,5273.5,5271,5276,5270.0,5277.0,0.0,0.0,0.0,-1,at_or_below_bid_touch,5273.5,5249.5,5273.5,5249.5,5273.5,5233.0,5273.5,5273.5,0.0,5277.5,4.0,5261.5,-12.0,False,False,False,False,False,False,False,False,False,False,False,False,False,False,False,False,False,False,21.5,2.5
352700,,,VELVETFRUIT_EXTRACT,XIRECS,5274.0,7,0,5271.5,5269,5274,5268.0,5274.0,-0.4457831325301205,0.0,-0.23711340206185566,1,at_or_above_ask_touch,5271.5,5249.5,5277.0,5249.5,5277.0,5233.0,5277.0,5273.5,2.0,5279.5,8.0,5260.5,-11.0,False,False,False,False,False,False,False,False,False,False,False,False,False,False,False,False,False,False,24.5,3.0
354000,,,VELVETFRUIT_EXTRACT,XIRECS,5270.0,3,0,5272.5,5270,5275,5269.0,5276.0,0.0,0.0,0.0,-1,at_or_below_bid_touch,5272.5,5249.5,5277.0,5249.5,5277.0,5233.0,5277.0,5283.0,10.5,5277.5,5.0,5262.0,-10.5,False,False,False,False,False,False,False,False,False,False,False,False,False,False,False,False,False,False,20.5,7.0
354400,,,VELVETFRUIT_EXTRACT,XIRECS,5271.0,4,0,5273.5,5271,5276,5271.0,5277.0,0.569620253164557,0.0,0.1588785046728972,-1,at_or_below_bid_touch,5273.5,5249.5,5277.0,5249.5,5277.0,5233.0,5277.0,5280.5,7.0,5276.5,3.0,5264.5,-9.0,False,False,False,False,False,False,False,False,False,False,False,False,False,False,False,False,False,False,21.5,6.0
359500,,,VELVETFRUIT_EXTRACT,XIRECS,5279.0,6,0,5281.5,5279,5284,5278.0,5284.0,-0.4246575342465753,0.0,-0.25301204819277107,-1,at_or_below_bid_touch,5281.5,5249.5,5283.0,5249.5,5283.0,5233.0,5283.0,5276.5,-5.0,5274.0,-7.5,5272.5,-9.0,False,False,False,False,False,False,False,False,False,False,False,False,False,False,False,False,False,False,29.5,4.0
366300,,,VELVETFRUIT_EXTRACT,XIRECS,5279.0,7,0,5277.5,5277,5278,5276.0,5282.0,0.5151515151515151,-0.0547945205479452,-0.22123893805309736,1,at_or_above_ask_touch,5277.5,5260.5,5284.5,5249.5,5284.5,5233.0,5284.5,5278.5,1.0,5283.5,6.0,5262.5,-15.0,False,False,False,False,False,False,False,False,False,False,False,False,False,False,False,False,False,False,29.5,5.5
369900,,,VELVETFRUIT_EXTRACT,XIRECS,5274.0,8,0,5276.5,5274,5279,5273.0,5279.0,-0.5526315789473685,0.0,-0.16831683168316833,-1,at_or_below_bid_touch,5276.5,5267.5,5284.5,5249.5,5284.5,5233.0,5284.5,5284.5,8.0,5272.0,-4.5,5264.0,-12.5,False,False,False,False,False,False,False,False,False,False,False,False,False,False,False,False,False,False,24.5,10.5
372300,,,VELVETFRUIT_EXTRACT,XIRECS,5279.0,9,0,5278.0,5277,5279,5277.0,5283.0,0.7142857142857143,-0.07692307692307693,0.0,1,at_or_above_ask_touch,5278.0,5267.5,5284.5,5249.5,5284.5,5233.0,5284.5,5284.0,6.0,5272.5,-5.5,5266.5,-11.5,False,False,False,False,False,False,False,False,False,False,False,False,False,False,False,False,False,False,29.5,5.5
374900,,,VELVETFRUIT_EXTRACT,XIRECS,5287.0,3,0,5284.5,5282,5287,5281.0,5288.0,0.0,0.0,0.0,1,at_or_above_ask_touch,5284.5,5267.5,5284.5,5249.5,5284.5,5233.0,5284.5,5272.0,-12.5,5273.5,-11.0,5264.5,-20.0,False,True,False,True,False,True,False,True,False,True,False,True,False,True,False,True,False,True,37.5,-2.5
376500,,,VELVETFRUIT_EXTRACT,XIRECS,5287.0,3,0,5284.5,5282,5287,5282.0,5288.0,0.5641025641025641,0.0,0.1619047619047619,1,at_or_above_ask_touch,5284.5,5267.5,5284.5,5249.5,5284.5,5233.0,5284.5,5271.5,-13.0,5268.0,-16.5,5262.5,-22.0,False,True,False,True,False,True,False,True,False,True,False,True,False,True,False,True,False,True,37.5,-2.5
376700,,,VELVETFRUIT_EXTRACT,XIRECS,5286.0,8,0,5283.5,5281,5286,5280.0,5287.0,0.0,0.0,0.0,1,at_or_above_ask_touch,5283.5,5269.0,5284.5,5249.5,5284.5,5233.0,5284.5,5271.5,-12.0,5269.5,-14.0,5262.0,-21.5,False,True,False,True,False,True,False,True,False,True,False,True,False,True,False,True,False,True,36.5,-1.5
381200,,,VELVETFRUIT_EXTRACT,XIRECS,5269.0,7,0,5271.5,5269,5274,5268.0,5275.0,0.0,0.0,0.0,-1,at_or_below_bid_touch,5271.5,5269.0,5284.5,5249.5,5284.5,5233.0,5284.5,5265.5,-6.0,5266.5,-5.0,5253.5,-18.0,True,False,True,False,True,False,False,False,False,False,False,False,False,False,False,False,False,False,19.5,15.5
386500,,,VELVETFRUIT_EXTRACT,XIRECS,5271.0,3,0,5268.0,5265,5271,5265.0,5271.0,0.0,0.0,0.0,1,at_or_above_ask_touch,5268.0,5263.0,5284.5,5249.5,5284.5,5233.0,5284.5,5265.5,-2.5,5261.5,-6.5,5247.0,-21.0,False,False,False,False,False,False,False,False,False,False,False,False,False,False,False,False,False,False,21.5,13.5
387500,,,VELVETFRUIT_EXTRACT,XIRECS,5275.0,7,0,5272.5,5270,5275,5269.0,5276.0,0.0,0.0,0.0,1,at_or_above_ask_touch,5272.5,5263.0,5284.5,5249.5,5284.5,5239.0,5284.5,5264.0,-8.5,5261.5,-11.0,5250.5,-22.0,False,False,False,False,False,False,False,False,False,False,False,False,False,False,False,False,False,False,25.5,9.5
388000,,,VELVETFRUIT_EXTRACT,XIRECS,5275.0,4,0,5272.5,5270,5275,5269.0,5275.0,-0.42105263157894735,0.0,-0.2558139534883721,1,at_or_above_ask_touch,5272.5,5263.0,5284.5,5249.5,5284.5,5239.0,5284.5,5262.5,-10.0,5260.0,-12.5,5245.5,-27.0,False,False,False,False,False,False,False,False,False,False,False,False,False,False,False,False,False,False,25.5,9.5
389600,,,VELVETFRUIT_EXTRACT,XIRECS,5271.0,4,0,5268.5,5266,5271,5265.0,5271.0,-0.5609756097560976,0.0,-0.16363636363636364,1,at_or_above_ask_touch,5268.5,5263.0,5284.5,5249.5,5284.5,5239.0,5284.5,5261.5,-7.0,5262.5,-6.0,5243.5,-25.0,False,False,False,False,False,False,False,False,False,False,False,False,False,False,False,False,False,False,21.5,13.5
392600,,,VELVETFRUIT_EXTRACT,XIRECS,5266.0,8,0,5263.5,5261,5266,5260.0,5266.0,-0.4523809523809524,0.0,-0.23232323232323232,1,at_or_above_ask_touch,5263.5,5263.0,5284.5,5249.5,5284.5,5241.5,5284.5,5262.5,-1.0,5262.5,-1.0,5244.5,-19.0,False,False,False,False,False,False,False,False,False,False,False,False,False,False,False,False,False,False,16.5,18.5
394200,,,VELVETFRUIT_EXTRACT,XIRECS,5261.0,7,0,5263.5,5261,5266,5261.0,5267.0,0.38271604938271603,0.0,0.28735632183908044,-1,at_or_below_bid_touch,5263.5,5259.5,5284.5,5249.5,5284.5,5241.5,5284.5,5263.5,0.0,5263.5,0.0,5249.5,-14.0,False,False,False,False,True,False,False,False,False,False,False,False,False,False,False,False,False,False,11.5,23.5
395500,,,VELVETFRUIT_EXTRACT,XIRECS,5261.0,3,0,5263.5,5261,5266,5261.0,5267.0,0.5072463768115942,0.0,0.19540229885057472,-1,at_or_below_bid_touch,5263.5,5259.5,5284.5,5255.5,5284.5,5243.5,5284.5,5261.5,-2.0,5262.5,-1.0,5251.5,-12.0,False,False,False,False,True,False,False,False,False,False,False,False,False,False,False,False,False,False,5.5,23.5
396900,,,VELVETFRUIT_EXTRACT,XIRECS,5263.0,10,0,5262.0,5261,5263,5261.0,5267.0,0.726027397260274,-0.07352941176470588,0.0,1,at_or_above_ask_touch,5262.0,5259.5,5284.5,5259.5,5284.5,5246.5,5284.5,5265.5,3.5,5267.0,5.0,5250.5,-11.5,False,False,False,False,False,False,False,False,False,False,False,False,False,False,False,False,False,False,3.5,21.5
397900,,,VELVETFRUIT_EXTRACT,XIRECS,5260.0,6,0,5263.0,5260,5266,5260.0,5266.0,0.0,0.0,0.0,-1,at_or_below_bid_touch,5263.0,5259.5,5278.5,5259.5,5284.5,5248.5,5284.5,5256.5,-6.5,5271.5,8.5,5249.0,-14.0,False,False,True,False,True,False,False,False,True,False,True,False,False,False,False,False,False,False,0.5,24.5
399700,,,VELVETFRUIT_EXTRACT,XIRECS,5259.0,6,0,5261.5,5259,5264,5258.0,5265.0,0.0,0.0,0.0,-1,at_or_below_bid_touch,5261.5,5259.5,5277.0,5259.5,5284.5,5249.5,5284.5,5262.5,1.0,5269.5,8.0,5245.5,-16.0,True,False,True,False,True,False,True,False,True,False,True,False,False,False,False,False,False,False,-0.5,25.5
404300,,,VELVETFRUIT_EXTRACT,XIRECS,5260.0,8,0,5263.0,5260,5266,5260.0,5266.0,0.0,0.0,0.0,-1,at_or_below_bid_touch,5263.0,5255.5,5274.5,5255.5,5284.5,5249.5,5284.5,5272.5,9.5,5264.5,1.5,5239.0,-24.0,False,False,False,False,False,False,False,False,False,False,False,False,False,False,False,False,False,False,4.5,24.5
405800,,,VELVETFRUIT_EXTRACT,XIRECS,5260.0,7,0,5262.5,5260,5265,5259.0,5266.0,0.0,0.0,0.0,-1,at_or_below_bid_touch,5262.5,5255.5,5272.5,5255.5,5284.5,5249.5,5284.5,5271.5,9.0,5262.5,0.0,5243.5,-19.0,False,False,False,False,False,False,False,False,False,False,False,False,False,False,False,False,False,False,4.5,24.5
407800,,,VELVETFRUIT_EXTRACT,XIRECS,5271.0,9,0,5270.5,5270,5271,5269.0,5276.0,0.3076923076923077,-0.06569343065693431,0.0,1,at_or_above_ask_touch,5270.5,5255.5,5272.5,5255.5,5284.5,5249.5,5284.5,5271.0,0.5,5265.5,-5.0,5242.5,-28.0,False,False,False,False,False,True,False,False,False,False,False,False,False,False,False,False,False,False,15.5,13.5
409600,,,VELVETFRUIT_EXTRACT,XIRECS,5269.0,6,0,5271.5,5269,5274,5268.0,5274.0,-0.5102040816326531,0.0,-0.1935483870967742,-1,at_or_below_bid_touch,5271.5,5255.5,5273.0,5255.5,5284.5,5249.5,5284.5,5264.0,-7.5,5263.5,-8.0,5235.5,-36.0,False,False,False,False,False,False,False,False,False,False,False,False,False,False,False,False,False,False,13.5,15.5
414800,,,VELVETFRUIT_EXTRACT,XIRECS,5266.0,5,0,5263.5,5261,5266,5260.0,5267.0,0.0,0.0,0.0,1,at_or_above_ask_touch,5263.5,5255.5,5273.5,5255.5,5284.5,5249.5,5284.5,5261.5,-2.0,5265.0,1.5,5233.5,-30.0,False,False,False,False,False,False,False,False,False,False,False,False,False,False,False,False,False,False,10.5,18.5
417000,,,VELVETFRUIT_EXTRACT,XIRECS,5264.0,9,0,5263.5,5263,5264,5262.0,5268.0,0.45454545454545453,-0.06766917293233082,-0.24,1,at_or_above_ask_touch,5263.5,5255.5,5273.5,5255.5,5284.5,5249.5,5284.5,5268.5,5.0,5260.0,-3.5,5230.0,-33.5,False,False,False,False,False,False,False,False,False,False,False,False,False,False,False,False,False,False,8.5,20.5
419500,,,VELVETFRUIT_EXTRACT,XIRECS,5262.0,5,0,5264.5,5262,5267,5261.0,5268.0,0.0,0.0,0.0,-1,at_or_below_bid_touch,5264.5,5255.5,5273.5,5255.5,5284.5,5249.5,5284.5,5267.5,3.0,5250.0,-14.5,5227.5,-37.0,False,False,False,False,False,False,False,False,False,False,False,False,False,False,False,False,False,False,6.5,22.5
421200,,,VELVETFRUIT_EXTRACT,XIRECS,5270.0,5,0,5267.0,5264,5270,5264.0,5270.0,0.0,0.0,0.0,1,at_or_above_ask_touch,5267.0,5255.5,5273.5,5255.5,5284.5,5249.5,5284.5,5264.5,-2.5,5253.5,-13.5,5229.5,-37.5,False,False,False,False,False,False,False,False,False,False,False,False,False,False,False,False,False,False,14.5,14.5
423100,,,VELVETFRUIT_EXTRACT,XIRECS,5264.0,6,0,5266.5,5264,5269,5263.0,5269.0,-0.5223880597014925,0.0,-0.18604651162790697,-1,at_or_below_bid_touch,5266.5,5255.5,5273.5,5255.5,5284.5,5249.5,5284.5,5259.0,-7.5,5245.5,-21.0,5233.5,-33.0,False,False,False,False,False,False,False,False,False,False,False,False,False,False,False,False,False,False,8.5,20.5
428200,,,VELVETFRUIT_EXTRACT,XIRECS,5256.0,8,0,5258.5,5256,5261,5255.0,5261.0,-0.5053763440860215,0.0,-0.19658119658119658,-1,at_or_below_bid_touch,5258.5,5256.5,5273.5,5255.5,5277.0,5249.5,5284.5,5248.5,-10.0,5246.5,-12.0,5234.5,-24.0,True,False,True,False,True,False,False,False,True,False,True,False,False,False,False,False,False,False,0.5,21.0
429700,,,VELVETFRUIT_EXTRACT,XIRECS,5249.0,8,0,5248.0,5247,5249,5247.0,5253.0,0.7192982456140351,-0.07547169811320754,0.225,1,at_or_above_ask_touch,5248.0,5248.0,5273.5,5248.0,5277.0,5248.0,5284.5,5246.5,-1.5,5243.5,-4.5,5239.0,-9.0,False,False,True,False,True,False,False,False,True,False,True,False,False,False,True,False,True,False,1.0,28.0
430800,,,VELVETFRUIT_EXTRACT,XIRECS,5252.0,4,0,5249.5,5247,5252,5247.0,5253.0,0.5492957746478874,0.0,0.1702127659574468,1,at_or_above_ask_touch,5249.5,5248.0,5273.0,5248.0,5277.0,5248.0,5284.5,5248.5,-1.0,5246.0,-3.5,5244.0,-5.5,False,False,False,False,False,False,False,False,False,False,False,False,False,False,False,False,False,False,4.0,25.0
432000,,,VELVETFRUIT_EXTRACT,XIRECS,5249.0,8,0,5246.5,5244,5249,5243.0,5250.0,0.0,0.0,0.0,1,at_or_above_ask_touch,5246.5,5246.5,5272.5,5246.5,5277.0,5246.5,5284.5,5246.5,0.0,5244.0,-2.5,5246.5,0.0,False,False,False,False,False,False,False,False,False,False,False,False,False,False,False,False,False,False,2.5,28.0
433100,,,VELVETFRUIT_EXTRACT,XIRECS,5246.0,9,0,5245.5,5245,5246,5244.0,5250.0,0.3793103448275862,-0.06569343065693431,-0.18518518518518517,1,at_or_above_ask_touch,5245.5,5244.5,5269.5,5244.5,5276.5,5244.5,5284.5,5246.5,1.0,5248.5,3.0,5249.5,4.0,False,False,False,False,True,False,False,False,False,False,True,False,False,False,False,False,True,False,1.5,30.5
433500,,,VELVETFRUIT_EXTRACT,XIRECS,5248.0,3,0,5245.5,5243,5248,5243.0,5249.0,0.5157894736842106,0.0,0.19008264462809918,1,at_or_above_ask_touch,5245.5,5244.5,5269.5,5244.5,5274.5,5244.5,5284.5,5244.0,-1.5,5246.5,1.0,5247.5,2.0,False,False,False,False,False,False,False,False,False,False,False,False,False,False,False,False,False,False,3.5,26.5
436600,,,VELVETFRUIT_EXTRACT,XIRECS,5249.0,8,0,5246.5,5244,5249,5243.0,5250.0,0.0,0.0,0.0,1,at_or_above_ask_touch,5246.5,5243.5,5269.5,5243.5,5273.5,5243.5,5284.5,5243.5,-3.0,5250.5,4.0,5243.5,-3.0,False,False,False,False,False,False,False,False,False,False,False,False,False,False,False,False,False,False,5.5,24.5
437100,,,VELVETFRUIT_EXTRACT,XIRECS,5245.0,5,0,5247.5,5245,5250,5245.0,5251.0,0.4945054945054945,0.0,0.20353982300884957,-1,at_or_below_bid_touch,5247.5,5243.5,5269.5,5243.5,5273.5,5243.5,5284.5,5245.5,-2.0,5249.0,1.5,5242.5,-5.0,False,False,False,False,True,False,False,False,False,False,True,False,False,False,False,False,True,False,1.5,28.5
440100,,,VELVETFRUIT_EXTRACT,XIRECS,5248.0,4,0,5245.5,5243,5248,5243.0,5249.0,0.6049382716049383,0.0,0.14035087719298245,1,at_or_above_ask_touch,5245.5,5243.5,5268.5,5243.5,5273.5,5243.5,5284.5,5253.0,7.5,5245.0,-0.5,5238.5,-7.0,False,False,False,False,False,False,False,False,False,False,False,False,False,False,False,False,False,False,4.5,25.5
442300,,,VELVETFRUIT_EXTRACT,XIRECS,5244.0,7,0,5247.0,5244,5250,5244.0,5250.0,0.0,0.0,0.0,-1,at_or_below_bid_touch,5247.0,5243.5,5268.5,5243.5,5273.5,5243.5,5284.5,5250.5,3.5,5238.5,-8.5,5236.5,-10.5,False,False,True,False,True,False,False,False,True,False,True,False,False,False,True,False,True,False,0.5,29.5
448400,,,VELVETFRUIT_EXTRACT,XIRECS,5253.0,7,0,5250.0,5247,5253,5247.0,5253.0,0.0,0.0,0.0,1,at_or_above_ask_touch,5250.0,5243.5,5256.5,5243.5,5273.5,5243.5,5284.5,5238.5,-11.5,5237.5,-12.5,5246.5,-3.5,False,False,False,False,False,False,False,False,False,False,False,False,False,False,False,False,False,False,9.5,20.5
450100,,,VELVETFRUIT_EXTRACT,XIRECS,5242.0,5,0,5245.0,5242,5248,5242.0,5248.0,0.0,0.0,0.0,-1,at_or_below_bid_touch,5245.0,5243.5,5254.5,5243.5,5273.5,5243.5,5284.5,5244.5,-0.5,5237.5,-7.5,5246.5,1.5,True,False,True,False,True,False,True,False,True,False,True,False,True,False,True,False,True,False,-1.5,31.5
450300,,,VELVETFRUIT_EXTRACT,XIRECS,5246.0,7,0,5247.0,5246,5248,5243.0,5249.0,-0.47058823529411764,0.05806451612903226,0.2066115702479339,-1,at_or_below_bid_touch,5247.0,5243.5,5254.5,5243.5,5273.5,5243.5,5284.5,5244.5,-2.5,5236.0,-11.0,5246.5,-0.5,False,False,False,False,False,False,False,False,False,False,False,False,False,False,False,False,False,False,2.5,27.5
450500,,,VELVETFRUIT_EXTRACT,XIRECS,5243.0,6,0,5242.0,5241,5243,5241.0,5247.0,0.7894736842105263,-0.05555555555555555,0.0,1,at_or_above_ask_touch,5242.0,5242.0,5254.5,5242.0,5273.5,5242.0,5284.5,5245.0,3.0,5236.0,-6.0,5243.5,1.5,False,False,True,False,True,False,False,False,True,False,True,False,False,False,True,False,True,False,1.0,30.5
452500,,,VELVETFRUIT_EXTRACT,XIRECS,5240.0,8,0,5238.5,5237,5240,5235.0,5241.0,-0.4074074074074074,0.06666666666666667,0.20430107526881722,1,at_or_above_ask_touch,5238.5,5237.5,5254.5,5237.5,5273.5,5237.5,5284.5,5238.0,-0.5,5231.5,-7.0,5238.5,0.0,False,False,False,False,False,False,False,False,False,False,False,False,False,False,False,False,False,False,2.5,33.5
453900,,,VELVETFRUIT_EXTRACT,XIRECS,5237.0,10,0,5236.0,5235,5237,5235.0,5241.0,0.7142857142857143,-0.07692307692307693,0.1650485436893204,1,at_or_above_ask_touch,5236.0,5236.0,5254.5,5236.0,5273.5,5236.0,5284.5,5239.5,3.5,5230.5,-5.5,5240.5,4.5,False,False,True,False,True,False,False,False,True,False,True,False,False,False,True,False,True,False,1.0,36.5
454500,,,VELVETFRUIT_EXTRACT,XIRECS,5240.0,8,0,5242.5,5240,5245,5239.0,5246.0,0.0,0.0,0.0,-1,at_or_below_bid_touch,5242.5,5236.0,5254.5,5236.0,5273.5,5236.0,5284.5,5236.5,-6.0,5233.5,-9.0,5238.5,-4.0,False,False,False,False,False,False,False,False,False,False,False,False,False,False,False,False,False,False,4.0,33.5
455600,,,VELVETFRUIT_EXTRACT,XIRECS,5241.0,4,0,5244.0,5241,5247,5241.0,5247.0,0.0,0.0,0.0,-1,at_or_below_bid_touch,5244.0,5236.0,5254.5,5236.0,5273.5,5236.0,5284.5,5234.5,-9.5,5230.5,-13.5,5239.5,-4.5,False,False,False,False,False,False,False,False,False,False,False,False,False,False,False,False,False,False,5.0,32.5
456600,,,VELVETFRUIT_EXTRACT,XIRECS,5243.0,8,0,5240.5,5238,5243,5237.0,5243.0,-0.5051546391752577,0.0,-0.19672131147540983,1,at_or_above_ask_touch,5240.5,5236.0,5254.5,5236.0,5273.5,5236.0,5284.5,5229.5,-11.0,5228.5,-12.0,5241.5,1.0,False,False,False,False,False,False,False,False,False,False,False,False,False,False,False,False,False,False,7.0,30.5
458100,,,VELVETFRUIT_EXTRACT,XIRECS,5237.0,8,0,5240.0,5237,5243,5237.0,5243.0,0.0,0.0,0.0,-1,at_or_below_bid_touch,5240.0,5236.0,5254.5,5236.0,5273.5,5236.0,5284.5,5230.5,-9.5,5230.5,-9.5,5232.5,-7.5,False,False,True,False,True,False,False,False,True,False,True,False,False,False,True,False,True,False,1.0,36.5
463300,,,VELVETFRUIT_EXTRACT,XIRECS,5227.0,8,0,5229.5,5227,5232,5226.0,5232.0,-0.49295774647887325,0.0,-0.20454545454545456,-1,at_or_below_bid_touch,5229.5,5227.0,5254.5,5227.0,5269.5,5227.0,5284.5,5232.5,3.0,5235.5,6.0,5224.0,-5.5,True,False,True,False,True,False,True,False,True,False,True,False,True,False,True,False,True,False,0.0,42.5
463700,,,VELVETFRUIT_EXTRACT,XIRECS,5234.0,3,0,5231.0,5228,5234,5228.0,5234.0,0.0,0.0,0.0,1,at_or_above_ask_touch,5231.0,5227.0,5254.5,5227.0,5269.5,5227.0,5284.5,5229.5,-1.5,5234.5,3.5,5227.5,-3.5,False,False,False,False,False,False,False,False,False,False,False,False,False,False,False,False,False,False,7.0,35.5
469900,,,VELVETFRUIT_EXTRACT,XIRECS,5233.0,3,0,5230.0,5227,5233,5227.0,5233.0,0.0,0.0,0.0,1,at_or_above_ask_touch,5230.0,5227.0,5247.0,5227.0,5268.5,5227.0,5284.5,5234.0,4.0,5241.5,11.5,5245.5,15.5,False,False,False,False,False,False,False,False,False,False,False,False,False,False,False,False,False,False,6.0,35.5
470500,,,VELVETFRUIT_EXTRACT,XIRECS,5232.0,5,0,5229.5,5227,5232,5227.0,5233.0,0.4666666666666667,0.0,0.2222222222222222,1,at_or_above_ask_touch,5229.5,5227.0,5245.0,5227.0,5268.5,5227.0,5284.5,5231.5,2.0,5244.5,15.0,5246.5,17.0,False,False,False,False,False,False,False,False,False,False,False,False,False,False,False,False,False,False,5.0,36.5
471100,,,VELVETFRUIT_EXTRACT,XIRECS,5231.0,6,0,5228.5,5226,5231,5225.0,5231.0,-0.4318181818181818,0.0,-0.24752475247524752,1,at_or_above_ask_touch,5228.5,5227.0,5245.0,5227.0,5268.5,5227.0,5284.5,5236.5,8.0,5244.5,16.0,5249.5,21.0,False,False,False,False,False,False,False,False,False,False,False,False,False,False,False,False,False,False,4.0,37.5
472600,,,VELVETFRUIT_EXTRACT,XIRECS,5233.0,7,0,5235.5,5233,5238,5232.0,5239.0,0.0,0.0,0.0,-1,at_or_below_bid_touch,5235.5,5227.0,5245.0,5227.0,5268.5,5227.0,5284.5,5233.0,-2.5,5248.0,12.5,5252.5,17.0,False,False,False,False,False,False,False,False,False,False,False,False,False,False,False,False,False,False,6.0,35.5
472700,,,VELVETFRUIT_EXTRACT,XIRECS,5234.0,6,0,5236.5,5234,5239,5233.0,5240.0,0.0,0.0,0.0,-1,at_or_below_bid_touch,5236.5,5227.0,5245.0,5227.0,5268.5,5227.0,5284.5,5232.5,-4.0,5248.5,12.0,5252.5,16.0,False,False,False,False,False,False,False,False,False,False,False,False,False,False,False,False,False,False,7.0,34.5
474000,,,VELVETFRUIT_EXTRACT,XIRECS,5238.0,7,0,5235.5,5233,5238,5232.0,5238.0,-0.550561797752809,0.0,-0.1694915254237288,1,at_or_above_ask_touch,5235.5,5227.0,5245.0,5227.0,5267.5,5227.0,5284.5,5235.5,0.0,5246.5,11.0,5250.5,15.0,False,False,False,False,False,False,False,False,False,False,False,False,False,False,False,False,False,False,11.0,29.5
474600,,,VELVETFRUIT_EXTRACT,XIRECS,5232.0,9,0,5231.0,5230,5232,5230.0,5236.0,0.7662337662337663,-0.06206896551724138,0.19298245614035087,1,at_or_above_ask_touch,5231.0,5227.0,5245.0,5227.0,5266.5,5227.0,5284.5,5239.5,8.5,5243.0,12.0,5252.5,21.5,False,False,False,False,False,False,False,False,False,False,False,False,False,False,False,False,False,False,5.0,34.5
476800,,,VELVETFRUIT_EXTRACT,XIRECS,5240.0,8,0,5237.5,5235,5240,5234.0,5241.0,0.0,0.0,0.0,1,at_or_above_ask_touch,5237.5,5227.0,5242.5,5227.0,5260.5,5227.0,5284.5,5245.5,8.0,5244.0,6.5,5256.5,19.0,False,False,False,False,False,False,False,False,False,False,False,False,False,False,False,False,False,False,13.0,20.5
478700,,,VELVETFRUIT_EXTRACT,XIRECS,5234.0,3,0,5236.5,5234,5239,5233.0,5239.0,-0.39759036144578314,0.0,-0.27472527472527475,-1,at_or_below_bid_touch,5236.5,5227.0,5240.0,5227.0,5255.0,5227.0,5277.0,5248.0,11.5,5241.0,4.5,5260.0,23.5,False,False,False,False,False,False,False,False,False,False,False,False,False,False,False,False,False,False,7.0,21.0
482700,,,VELVETFRUIT_EXTRACT,XIRECS,5251.0,7,0,5248.5,5246,5251,5246.0,5252.0,0.5217391304347826,0.0,0.1864406779661017,1,at_or_above_ask_touch,5248.5,5227.0,5248.5,5227.0,5254.5,5227.0,5277.0,5243.0,-5.5,5237.0,-11.5,5254.0,5.5,False,True,False,True,False,True,False,False,False,False,False,False,False,False,False,False,False,False,24.0,3.5
483100,,,VELVETFRUIT_EXTRACT,XIRECS,5247.0,3,0,5249.5,5247,5252,5246.0,5252.0,-0.4074074074074074,0.0,-0.26666666666666666,-1,at_or_below_bid_touch,5249.5,5227.0,5250.5,5227.0,5254.5,5227.0,5276.5,5243.5,-6.0,5237.5,-12.0,5253.5,4.0,False,False,False,False,False,False,False,False,False,False,False,False,False,False,False,False,False,False,20.0,7.5
488600,,,VELVETFRUIT_EXTRACT,XIRECS,5244.0,5,0,5241.0,5238,5244,5238.0,5244.0,0.0,0.0,0.0,1,at_or_above_ask_touch,5241.0,5227.0,5250.5,5227.0,5254.5,5227.0,5273.5,5238.5,-2.5,5244.5,3.5,5241.5,0.5,False,False,False,False,False,False,False,False,False,False,False,False,False,False,False,False,False,False,17.0,10.5
491300,,,VELVETFRUIT_EXTRACT,XIRECS,5234.0,4,0,5233.0,5232,5234,5232.0,5238.0,0.7741935483870968,-0.05982905982905983,0.15789473684210525,1,at_or_above_ask_touch,5233.0,5230.5,5250.5,5227.0,5254.5,5227.0,5273.5,5243.5,10.5,5243.5,10.5,5243.5,10.5,False,False,False,False,False,False,False,False,False,False,False,False,False,False,False,False,False,False,7.0,20.5
491300,,,VELVETFRUIT_EXTRACT,XIRECS,5234.0,3,0,5233.0,5232,5234,5232.0,5238.0,0.7741935483870968,-0.05982905982905983,0.15789473684210525,1,at_or_above_ask_touch,5233.0,5230.5,5250.5,5227.0,5254.5,5227.0,5273.5,5243.5,10.5,5243.5,10.5,5243.5,10.5,False,False,False,False,False,False,False,False,False,False,False,False,False,False,False,False,False,False,7.0,20.5
491600,,,VELVETFRUIT_EXTRACT,XIRECS,5238.0,3,0,5235.5,5233,5238,5233.0,5239.0,0.5238095238095238,0.0,0.18518518518518517,1,at_or_above_ask_touch,5235.5,5230.5,5250.5,5227.0,5254.5,5227.0,5273.5,5244.5,9.0,5244.0,8.5,5244.5,9.0,False,False,False,False,False,False,False,False,False,False,False,False,False,False,False,False,False,False,11.0,16.5
493600,,,VELVETFRUIT_EXTRACT,XIRECS,5241.0,5,0,5238.5,5236,5241,5235.0,5242.0,0.0,0.0,0.0,1,at_or_above_ask_touch,5238.5,5230.5,5250.5,5227.0,5254.5,5227.0,5273.5,5244.5,6.0,5241.0,2.5,5241.5,3.0,False,False,False,False,False,False,False,False,False,False,False,False,False,False,False,False,False,False,14.0,13.5
494100,,,VELVETFRUIT_EXTRACT,XIRECS,5244.0,6,0,5241.5,5239,5244,5239.0,5245.0,0.4444444444444444,0.0,0.23809523809523808,1,at_or_above_ask_touch,5241.5,5230.5,5250.5,5227.0,5254.5,5227.0,5273.5,5248.0,6.5,5238.5,-3.0,5238.5,-3.0,False,False,False,False,False,False,False,False,False,False,False,False,False,False,False,False,False,False,17.0,10.5
495200,,,VELVETFRUIT_EXTRACT,XIRECS,5242.0,7,0,5239.5,5237,5242,5236.0,5243.0,0.0,0.0,0.0,1,at_or_above_ask_touch,5239.5,5230.5,5250.5,5227.0,5253.5,5227.0,5273.5,5247.5,8.0,5240.5,1.0,5237.5,-2.0,False,False,False,False,False,False,False,False,False,False,False,False,False,False,False,False,False,False,15.0,11.5
499400,,,VELVETFRUIT_EXTRACT,XIRECS,5247.0,7,0,5250.0,5247,5253,5247.0,5253.0,0.0,0.0,0.0,-1,at_or_below_bid_touch,5250.0,5233.0,5250.5,5227.0,5250.5,5227.0,5273.5,5238.5,-11.5,5227.5,-22.5,5242.5,-7.5,False,False,False,False,False,False,False,False,False,False,False,False,False,False,False,False,False,False,20.0,3.5
501100,,,VELVETFRUIT_EXTRACT,XIRECS,5246.0,6,0,5243.5,5241,5246,5240.0,5246.0,-0.4782608695652174,0.0,-0.21428571428571427,1,at_or_above_ask_touch,5243.5,5233.0,5250.5,5227.0,5250.5,5227.0,5273.5,5243.0,-0.5,5226.5,-17.0,5247.5,4.0,False,False,False,False,False,False,False,False,False,False,False,False,False,False,False,False,False,False,19.0,4.5
502700,,,VELVETFRUIT_EXTRACT,XIRECS,5243.0,6,0,5240.5,5238,5243,5238.0,5244.0,0.5,0.0,0.2,1,at_or_above_ask_touch,5240.5,5233.0,5250.5,5227.0,5250.5,5227.0,5273.5,5236.5,-4.0,5229.5,-11.0,5245.5,5.0,False,False,False,False,False,False,False,False,False,False,False,False,False,False,False,False,False,False,16.0,7.5
507500,,,VELVETFRUIT_EXTRACT,XIRECS,5231.0,6,0,5234.0,5231,5237,5231.0,5237.0,0.0,0.0,0.0,-1,at_or_below_bid_touch,5234.0,5233.0,5250.5,5227.0,5250.5,5227.0,5273.5,5227.5,-6.5,5233.0,-1.0,5237.5,3.5,True,False,True,False,True,False,False,False,False,False,False,False,False,False,False,False,False,False,4.0,19.5
512300,,,VELVETFRUIT_EXTRACT,XIRECS,5225.0,7,0,5227.5,5225,5230,5224.0,5231.0,0.0,0.0,0.0,-1,at_or_below_bid_touch,5227.5,5226.5,5250.5,5226.5,5250.5,5226.5,5272.5,5232.5,5.0,5252.5,25.0,5236.5,9.0,True,False,True,False,True,False,True,False,True,False,True,False,True,False,True,False,True,False,-1.5,25.5
513300,,,VELVETFRUIT_EXTRACT,XIRECS,5225.0,10,0,5224.0,5223,5225,5223.0,5229.0,0.7297297297297297,-0.07246376811594203,0.0,1,at_or_above_ask_touch,5224.0,5224.0,5250.5,5224.0,5250.5,5224.0,5269.5,5237.5,13.5,5252.5,28.5,5236.5,12.5,False,False,True,False,True,False,False,False,True,False,True,False,False,False,True,False,True,False,1.0,25.5
513900,,,VELVETFRUIT_EXTRACT,XIRECS,5232.0,7,0,5229.5,5227,5232,5227.0,5233.0,0.43209876543209874,0.0,0.24731182795698925,1,at_or_above_ask_touch,5229.5,5224.0,5250.5,5224.0,5250.5,5224.0,5269.5,5241.5,12.0,5250.5,21.0,5238.0,8.5,False,False,False,False,False,False,False,False,False,False,False,False,False,False,False,False,False,False,8.0,18.5
515500,,,VELVETFRUIT_EXTRACT,XIRECS,5225.0,7,0,5224.0,5223,5225,5223.0,5229.0,0.7777777777777778,-0.058823529411764705,0.17894736842105263,1,at_or_above_ask_touch,5224.0,5224.0,5250.5,5224.0,5250.5,5224.0,5269.5,5246.5,22.5,5253.5,29.5,5239.5,15.5,False,False,True,False,True,False,False,False,True,False,True,False,False,False,True,False,True,False,1.0,25.5
515800,,,VELVETFRUIT_EXTRACT,XIRECS,5228.0,4,0,5227.0,5226,5228,5222.0,5229.0,-0.4838709677419355,0.056338028169014086,0.0,1,at_or_above_ask_touch,5227.0,5224.0,5250.5,5224.0,5250.5,5224.0,5269.5,5247.0,20.0,5253.5,26.5,5239.5,12.5,False,False,False,False,False,False,False,False,False,False,False,False,False,False,False,False,False,False,4.0,22.5
518000,,,VELVETFRUIT_EXTRACT,XIRECS,5234.0,7,0,5236.5,5234,5239,5233.0,5239.0,-0.41333333333333333,0.0,-0.2619047619047619,-1,at_or_below_bid_touch,5236.5,5224.0,5250.5,5224.0,5250.5,5224.0,5269.5,5253.5,17.0,5257.5,21.0,5245.5,9.0,False,False,False,False,False,False,False,False,False,False,False,False,False,False,False,False,False,False,10.0,16.5
519600,,,VELVETFRUIT_EXTRACT,XIRECS,5241.0,5,0,5243.5,5241,5246,5240.0,5247.0,0.0,0.0,0.0,-1,at_or_below_bid_touch,5243.5,5224.0,5250.5,5224.0,5250.5,5224.0,5268.5,5252.5,9.0,5260.0,16.5,5249.5,6.0,False,False,False,False,False,False,False,False,False,False,False,False,False,False,False,False,False,False,17.0,9.5
520200,,,VELVETFRUIT_EXTRACT,XIRECS,5243.0,4,0,5245.5,5243,5248,5242.0,5248.0,-0.4166666666666667,0.0,-0.25925925925925924,-1,at_or_below_bid_touch,5245.5,5224.0,5246.5,5224.0,5250.5,5224.0,5268.5,5254.5,9.0,5259.5,14.0,5252.0,6.5,False,False,False,False,False,False,False,False,False,False,False,False,False,False,False,False,False,False,19.0,7.5
521000,,,VELVETFRUIT_EXTRACT,XIRECS,5246.0,5,0,5249.0,5246,5252,5246.0,5252.0,0.0,0.0,0.0,-1,at_or_below_bid_touch,5249.0,5224.0,5249.0,5224.0,5250.5,5224.0,5268.5,5254.5,5.5,5257.5,8.5,5247.5,-1.5,False,False,False,False,False,False,False,False,False,False,False,False,False,False,False,False,False,False,22.0,4.5
521500,,,VELVETFRUIT_EXTRACT,XIRECS,5248.0,4,0,5251.0,5248,5254,5248.0,5254.0,0.0,0.0,0.0,-1,at_or_below_bid_touch,5251.0,5224.0,5251.0,5224.0,5251.0,5224.0,5268.5,5257.5,6.5,5257.0,6.0,5244.0,-7.0,False,False,False,False,False,False,False,False,False,False,False,False,False,False,False,False,False,False,24.0,3.0
522400,,,VELVETFRUIT_EXTRACT,XIRECS,5249.0,7,0,5251.5,5249,5254,5248.0,5255.0,0.0,0.0,0.0,-1,at_or_below_bid_touch,5251.5,5224.0,5252.5,5224.0,5252.5,5224.0,5268.5,5255.5,4.0,5256.5,5.0,5247.5,-4.0,False,False,False,False,False,False,False,False,False,False,False,False,False,False,False,False,False,False,25.0,3.5
523200,,,VELVETFRUIT_EXTRACT,XIRECS,5255.0,8,0,5252.5,5250,5255,5250.0,5256.0,0.5227272727272727,0.0,0.18584070796460178,1,at_or_above_ask_touch,5252.5,5224.0,5255.5,5224.0,5255.5,5224.0,5267.5,5258.5,6.0,5254.5,2.0,5243.5,-9.0,False,False,False,True,False,True,False,False,False,True,False,True,False,False,False,False,False,False,31.0,0.5
525700,,,VELVETFRUIT_EXTRACT,XIRECS,5257.0,8,0,5255.5,5254,5257,5251.0,5257.0,-0.7662337662337663,0.06206896551724138,-0.1724137931034483,1,at_or_above_ask_touch,5255.5,5224.0,5255.5,5224.0,5255.5,5224.0,5266.5,5259.5,4.0,5254.0,-1.5,5242.5,-13.0,False,True,False,True,False,True,False,True,False,True,False,True,False,False,False,False,False,False,33.0,-1.5
530400,,,VELVETFRUIT_EXTRACT,XIRECS,5263.0,7,0,5260.5,5258,5263,5257.0,5263.0,-0.4520547945205479,0.0,-0.23255813953488372,1,at_or_above_ask_touch,5260.5,5224.0,5260.5,5224.0,5260.5,5224.0,5260.5,5253.5,-7.0,5244.0,-16.5,5244.5,-16.0,False,True,False,True,False,True,False,True,False,True,False,True,False,True,False,True,False,True,39.0,-2.5
531300,,,VELVETFRUIT_EXTRACT,XIRECS,5255.0,10,0,5254.0,5253,5255,5253.0,5259.0,0.7101449275362319,-0.078125,0.20408163265306123,1,at_or_above_ask_touch,5254.0,5224.0,5260.5,5224.0,5260.5,5224.0,5260.5,5250.5,-3.5,5243.5,-10.5,5245.5,-8.5,False,False,False,False,False,False,False,False,False,False,False,False,False,False,False,False,False,False,31.0,5.5
535000,,,VELVETFRUIT_EXTRACT,XIRECS,5249.0,3,0,5252.0,5249,5255,5249.0,5255.0,0.0,0.0,0.0,-1,at_or_below_bid_touch,5252.0,5224.0,5260.5,5224.0,5260.5,5224.0,5260.5,5243.5,-8.5,5236.5,-15.5,5242.5,-9.5,False,False,False,False,False,False,False,False,False,False,False,False,False,False,False,False,False,False,25.0,11.5
535900,,,VELVETFRUIT_EXTRACT,XIRECS,5253.0,7,0,5252.0,5251,5253,5251.0,5257.0,0.7586206896551724,-0.06422018348623854,0.24390243902439024,1,at_or_above_ask_touch,5252.0,5227.5,5260.5,5224.0,5260.5,5224.0,5260.5,5245.5,-6.5,5238.5,-13.5,5236.5,-15.5,False,False,False,False,False,False,False,False,False,False,False,False,False,False,False,False,False,False,29.0,7.5
537500,,,VELVETFRUIT_EXTRACT,XIRECS,5247.0,8,0,5250.0,5247,5253,5247.0,5253.0,0.0,0.0,0.0,-1,at_or_below_bid_touch,5250.0,5233.5,5260.5,5224.0,5260.5,5224.0,5260.5,5245.0,-5.0,5240.5,-9.5,5241.0,-9.0,False,False,False,False,False,False,False,False,False,False,False,False,False,False,False,False,False,False,23.0,13.5
540100,,,VELVETFRUIT_EXTRACT,XIRECS,5246.0,7,0,5243.5,5241,5246,5241.0,5247.0,0.4520547945205479,0.0,0.23255813953488372,1,at_or_above_ask_touch,5243.5,5236.5,5260.5,5224.0,5260.5,5224.0,5260.5,5238.5,-5.0,5244.0,0.5,5244.5,1.0,False,False,False,False,False,False,False,False,False,False,False,False,False,False,False,False,False,False,22.0,14.5
542600,,,VELVETFRUIT_EXTRACT,XIRECS,5249.0,7,0,5246.0,5243,5249,5243.0,5249.0,0.0,0.0,0.0,1,at_or_above_ask_touch,5246.0,5236.5,5260.5,5224.0,5260.5,5224.0,5260.5,5239.0,-7.0,5246.0,0.0,5248.5,2.5,False,False,False,False,False,False,False,False,False,False,False,False,False,False,False,False,False,False,25.0,11.5
543200,,,VELVETFRUIT_EXTRACT,XIRECS,5241.0,8,0,5243.5,5241,5246,5240.0,5247.0,0.0,0.0,0.0,-1,at_or_below_bid_touch,5243.5,5236.5,5260.5,5224.0,5260.5,5224.0,5260.5,5244.5,1.0,5243.5,0.0,5246.5,3.0,False,False,False,False,False,False,False,False,False,False,False,False,False,False,False,False,False,False,17.0,19.5
546200,,,VELVETFRUIT_EXTRACT,XIRECS,5243.0,5,0,5240.5,5238,5243,5237.0,5244.0,0.0,0.0,0.0,1,at_or_above_ask_touch,5240.5,5234.5,5260.5,5224.0,5260.5,5224.0,5260.5,5246.5,6.0,5241.5,1.0,5249.5,9.0,False,False,False,False,False,False,False,False,False,False,False,False,False,False,False,False,False,False,19.0,17.5
547100,,,VELVETFRUIT_EXTRACT,XIRECS,5240.0,12,0,5239.0,5238,5240,5238.0,5244.0,0.6521739130434783,-0.09523809523809523,0.2,1,at_or_above_ask_touch,5239.0,5234.5,5260.5,5224.0,5260.5,5224.0,5260.5,5243.5,4.5,5236.5,-2.5,5247.5,8.5,False,False,False,False,False,False,False,False,False,False,False,False,False,False,False,False,False,False,16.0,20.5
547400,,,VELVETFRUIT_EXTRACT,XIRECS,5238.0,3,0,5240.5,5238,5243,5237.0,5243.0,-0.5844155844155844,0.0,-0.1509433962264151,-1,at_or_below_bid_touch,5240.5,5234.5,5260.5,5224.0,5260.5,5224.0,5260.5,5246.5,6.0,5237.5,-3.0,5246.5,6.0,False,False,False,False,False,False,False,False,False,False,False,False,False,False,False,False,False,False,14.0,22.5
548900,,,VELVETFRUIT_EXTRACT,XIRECS,5241.0,3,0,5240.0,5239,5241,5238.0,5244.0,0.4117647058823529,-0.08333333333333333,-0.27906976744186046,1,at_or_above_ask_touch,5240.0,5234.5,5260.5,5224.0,5260.5,5224.0,5260.5,5242.5,2.5,5235.5,-4.5,5249.5,9.5,False,False,False,False,False,False,False,False,False,False,False,False,False,False,False,False,False,False,17.0,19.5
550400,,,VELVETFRUIT_EXTRACT,XIRECS,5243.0,9,0,5242.0,5241,5243,5241.0,5247.0,0.75,-0.06666666666666667,0.0,1,at_or_above_ask_touch,5242.0,5234.5,5260.5,5224.0,5260.5,5224.0,5260.5,5237.0,-5.0,5234.5,-7.5,5246.5,4.5,False,False,False,False,False,False,False,False,False,False,False,False,False,False,False,False,False,False,19.0,17.5
551200,,,VELVETFRUIT_EXTRACT,XIRECS,5244.0,4,0,5246.5,5244,5249,5243.0,5249.0,-0.4418604651162791,0.0,-0.24,-1,at_or_below_bid_touch,5246.5,5234.5,5257.5,5224.0,5260.5,5224.0,5260.5,5241.5,-5.0,5237.5,-9.0,5242.5,-4.0,False,False,False,False,False,False,False,False,False,False,False,False,False,False,False,False,False,False,20.0,16.5
552800,,,VELVETFRUIT_EXTRACT,XIRECS,5248.0,7,0,5245.5,5243,5248,5242.0,5249.0,0.0,0.0,0.0,1,at_or_above_ask_touch,5245.5,5234.5,5255.5,5224.0,5260.5,5224.0,5260.5,5234.5,-11.0,5237.0,-8.5,5242.5,-3.0,False,False,False,False,False,False,False,False,False,False,False,False,False,False,False,False,False,False,24.0,12.5
553800,,,VELVETFRUIT_EXTRACT,XIRECS,5242.0,15,0,5241.5,5241,5242,5240.0,5247.0,0.11764705882352941,-0.10067114093959731,0.0,1,at_or_above_ask_touch,5241.5,5234.5,5254.5,5224.0,5260.5,5224.0,5260.5,5235.5,-6.0,5238.5,-3.0,5239.5,-2.0,False,False,False,False,False,False,False,False,False,False,False,False,False,False,False,False,False,False,18.0,18.5
554300,,,VELVETFRUIT_EXTRACT,XIRECS,5240.0,3,0,5242.5,5240,5245,5239.0,5246.0,0.0,0.0,0.0,-1,at_or_below_bid_touch,5242.5,5234.5,5254.5,5224.0,5260.5,5224.0,5260.5,5236.0,-6.5,5239.5,-3.0,5239.5,-3.0,False,False,False,False,False,False,False,False,False,False,False,False,False,False,False,False,False,False,16.0,20.5
559100,,,VELVETFRUIT_EXTRACT,XIRECS,5235.0,7,0,5236.0,5235,5237,5234.0,5240.0,0.35714285714285715,-0.06766917293233082,-0.18095238095238095,-1,at_or_below_bid_touch,5236.0,5234.5,5248.5,5224.0,5260.5,5224.0,5260.5,5238.5,2.5,5250.5,14.5,5236.5,0.5,False,False,True,False,True,False,False,False,False,False,False,False,False,False,False,False,False,False,11.0,25.5
560800,,,VELVETFRUIT_EXTRACT,XIRECS,5238.0,4,0,5235.5,5233,5238,5232.0,5238.0,-0.5384615384615384,0.0,-0.17647058823529413,1,at_or_above_ask_touch,5235.5,5233.5,5248.5,5224.0,5260.5,5224.0,5260.5,5239.5,4.0,5246.5,11.0,5237.5,2.0,False,False,False,False,False,False,False,False,False,False,False,False,False,False,False,False,False,False,14.0,22.5
566400,,,VELVETFRUIT_EXTRACT,XIRECS,5246.0,6,0,5243.0,5240,5246,5240.0,5246.0,0.0,0.0,0.0,1,at_or_above_ask_touch,5243.0,5233.5,5248.5,5229.0,5260.5,5224.0,5260.5,5243.0,0.0,5240.5,-2.5,5226.5,-16.5,False,False,False,False,False,False,False,False,False,False,False,False,False,False,False,False,False,False,17.0,14.5
568200,,,VELVETFRUIT_EXTRACT,XIRECS,5247.0,7,0,5249.5,5247,5252,5246.0,5253.0,0.0,0.0,0.0,-1,at_or_below_bid_touch,5249.5,5233.5,5249.5,5233.5,5260.5,5224.0,5260.5,5243.5,-6.0,5239.0,-10.5,5230.5,-19.0,False,False,False,False,False,False,False,False,False,False,False,False,False,False,False,False,False,False,13.5,13.5
569000,,,VELVETFRUIT_EXTRACT,XIRECS,5254.0,8,0,5251.0,5248,5254,5248.0,5254.0,0.0,0.0,0.0,1,at_or_above_ask_touch,5251.0,5233.5,5252.5,5233.5,5260.5,5224.0,5260.5,5242.5,-8.5,5241.5,-9.5,5228.5,-22.5,False,True,False,True,False,True,False,False,False,False,False,False,False,False,False,False,False,False,20.5,6.5
571700,,,VELVETFRUIT_EXTRACT,XIRECS,5249.0,8,0,5246.5,5244,5249,5243.0,5250.0,0.0,0.0,0.0,1,at_or_above_ask_touch,5246.5,5233.5,5252.5,5233.5,5260.5,5224.0,5260.5,5239.0,-7.5,5242.5,-4.0,5225.5,-21.0,False,False,False,False,False,False,False,False,False,False,False,False,False,False,False,False,False,False,15.5,11.5
574400,,,VELVETFRUIT_EXTRACT,XIRECS,5239.0,5,0,5241.5,5239,5244,5238.0,5245.0,0.0,0.0,0.0,-1,at_or_below_bid_touch,5241.5,5233.5,5252.5,5233.5,5260.5,5224.0,5260.5,5242.5,1.0,5239.0,-2.5,5222.0,-19.5,False,False,False,False,False,False,False,False,False,False,False,False,False,False,False,False,False,False,5.5,21.5
579000,,,VELVETFRUIT_EXTRACT,XIRECS,5244.0,5,0,5241.5,5239,5244,5238.0,5245.0,0.0,0.0,0.0,1,at_or_above_ask_touch,5241.5,5233.5,5252.5,5233.5,5260.5,5224.0,5260.5,5238.5,-3.0,5243.5,2.0,5222.5,-19.0,False,False,False,False,False,False,False,False,False,False,False,False,False,False,False,False,False,False,10.5,16.5
579200,,,VELVETFRUIT_EXTRACT,XIRECS,5240.0,4,0,5242.5,5240,5245,5239.0,5245.0,-0.425,0.0,-0.25274725274725274,-1,at_or_below_bid_touch,5242.5,5233.5,5252.5,5233.5,5260.5,5224.0,5260.5,5240.5,-2.0,5242.5,0.0,5220.5,-22.0,False,False,False,False,False,False,False,False,False,False,False,False,False,False,False,False,False,False,6.5,20.5
579800,,,VELVETFRUIT_EXTRACT,XIRECS,5245.0,6,0,5242.5,5240,5245,5240.0,5246.0,0.5053763440860215,0.0,0.19658119658119658,1,at_or_above_ask_touch,5242.5,5233.5,5252.5,5233.5,5260.5,5224.0,5260.5,5240.0,-2.5,5244.5,2.0,5224.5,-18.0,False,False,False,False,False,False,False,False,False,False,False,False,False,False,False,False,False,False,11.5,15.5
581000,,,VELVETFRUIT_EXTRACT,XIRECS,5241.0,7,0,5243.5,5241,5246,5240.0,5246.0,-0.4782608695652174,0.0,-0.21428571428571427,-1,at_or_below_bid_touch,5243.5,5235.0,5252.5,5233.5,5257.5,5224.0,5260.5,5237.5,-6.0,5241.0,-2.5,5225.0,-18.5,False,False,False,False,False,False,False,False,False,False,False,False,False,False,False,False,False,False,7.5,16.5
584300,,,VELVETFRUIT_EXTRACT,XIRECS,5237.0,8,0,5240.0,5237,5243,5237.0,5243.0,0.0,0.0,0.0,-1,at_or_below_bid_touch,5240.0,5236.5,5252.5,5233.5,5254.5,5224.0,5260.5,5242.0,2.0,5246.5,6.5,5228.5,-11.5,False,False,True,False,True,False,False,False,False,False,False,False,False,False,False,False,False,False,3.5,17.5
585100,,,VELVETFRUIT_EXTRACT,XIRECS,5246.0,6,0,5243.5,5241,5246,5240.0,5246.0,-0.4520547945205479,0.0,-0.23255813953488372,1,at_or_above_ask_touch,5243.5,5236.5,5252.5,5233.5,5254.5,5224.0,5260.5,5244.5,1.0,5250.0,6.5,5225.5,-18.0,False,False,False,False,False,False,False,False,False,False,False,False,False,False,False,False,False,False,12.5,8.5
585800,,,VELVETFRUIT_EXTRACT,XIRECS,5233.0,6,0,5236.0,5233,5239,5233.0,5239.0,0.0,0.0,0.0,-1,at_or_below_bid_touch,5236.0,5236.0,5252.5,5233.5,5252.5,5224.0,5260.5,5239.5,3.5,5249.5,13.5,5228.5,-7.5,True,False,True,False,True,False,True,False,True,False,True,False,False,False,False,False,False,False,-0.5,19.5
592500,,,VELVETFRUIT_EXTRACT,XIRECS,5248.0,10,0,5247.0,5246,5248,5246.0,5252.0,0.7101449275362319,-0.078125,0.21649484536082475,1,at_or_above_ask_touch,5247.0,5236.0,5249.5,5233.5,5252.5,5224.0,5260.5,5246.5,-0.5,5241.5,-5.5,5229.5,-17.5,False,False,False,False,False,True,False,False,False,False,False,False,False,False,False,False,False,False,14.5,4.5
593200,,,VELVETFRUIT_EXTRACT,XIRECS,5249.0,3,0,5246.5,5244,5249,5244.0,5250.0,0.42528735632183906,0.0,0.25252525252525254,1,at_or_above_ask_touch,5246.5,5236.0,5249.5,5233.5,5252.5,5224.0,5260.5,5248.5,2.0,5241.5,-5.0,5231.0,-15.5,False,False,False,True,False,True,False,False,False,False,False,False,False,False,False,False,False,False,15.5,3.5
599000,,,VELVETFRUIT_EXTRACT,XIRECS,5252.0,3,0,5249.5,5247,5252,5246.0,5252.0,-0.46987951807228917,0.0,-0.22,1,at_or_above_ask_touch,5249.5,5236.0,5250.5,5233.5,5252.5,5224.0,5260.5,5239.5,-10.0,5235.5,-14.0,5226.5,-23.0,False,True,False,True,False,True,False,False,False,True,False,True,False,False,False,False,False,False,18.5,0.5
604600,,,VELVETFRUIT_EXTRACT,XIRECS,5243.0,7,0,5240.5,5238,5243,5237.0,5243.0,-0.5111111111111111,0.0,-0.19298245614035087,1,at_or_above_ask_touch,5240.5,5236.0,5250.5,5233.5,5252.5,5224.0,5260.5,5237.5,-3.0,5228.5,-12.0,5233.5,-7.0,False,False,False,False,False,False,False,False,False,False,False,False,False,False,False,False,False,False,9.5,9.5
605600,,,VELVETFRUIT_EXTRACT,XIRECS,5239.0,5,0,5236.5,5234,5239,5234.0,5240.0,0.6049382716049383,0.0,0.14035087719298245,1,at_or_above_ask_touch,5236.5,5235.0,5250.5,5233.5,5252.5,5224.0,5260.5,5237.5,1.0,5227.5,-9.0,5231.5,-5.0,False,False,False,False,False,False,False,False,False,False,False,False,False,False,False,False,False,False,5.5,13.5
606800,,,VELVETFRUIT_EXTRACT,XIRECS,5236.0,3,0,5238.5,5236,5241,5235.0,5242.0,0.0,0.0,0.0,-1,at_or_below_bid_touch,5238.5,5234.5,5250.5,5233.5,5252.5,5224.0,5260.5,5236.5,-2.0,5223.5,-15.0,5232.5,-6.0,False,False,False,False,True,False,False,False,False,False,False,False,False,False,False,False,False,False,2.5,16.5
608000,,,VELVETFRUIT_EXTRACT,XIRECS,5236.0,8,0,5238.5,5236,5241,5235.0,5241.0,-0.5384615384615384,0.0,-0.17647058823529413,-1,at_or_below_bid_touch,5238.5,5234.5,5250.5,5233.5,5252.5,5224.0,5260.5,5235.5,-3.0,5230.5,-8.0,5235.5,-3.0,False,False,False,False,True,False,False,False,False,False,False,False,False,False,False,False,False,False,2.5,16.5
618000,,,VELVETFRUIT_EXTRACT,XIRECS,5228.0,6,0,5230.5,5228,5233,5227.0,5233.0,-0.4725274725274725,0.0,-0.21818181818181817,-1,at_or_below_bid_touch,5230.5,5223.5,5249.5,5223.5,5252.5,5223.5,5260.5,5221.5,-9.0,5217.0,-13.5,5243.5,13.0,False,False,False,False,False,False,False,False,False,False,False,False,False,False,False,False,False,False,4.5,24.5
620400,,,VELVETFRUIT_EXTRACT,XIRECS,5224.0,4,0,5226.5,5224,5229,5224.0,5230.0,0.4857142857142857,0.0,0.20930232558139536,-1,at_or_below_bid_touch,5226.5,5223.5,5246.5,5223.5,5250.5,5223.5,5260.5,5222.5,-4.0,5222.5,-4.0,5239.5,13.0,False,False,True,False,True,False,False,False,True,False,True,False,False,False,True,False,True,False,0.5,26.5
621900,,,VELVETFRUIT_EXTRACT,XIRECS,5225.0,8,0,5222.5,5220,5225,5219.0,5226.0,0.0,0.0,0.0,1,at_or_above_ask_touch,5222.5,5222.5,5243.5,5222.5,5250.5,5222.5,5260.5,5219.5,-3.0,5220.5,-2.0,5246.5,24.0,False,False,False,False,False,False,False,False,False,False,False,False,False,False,False,False,False,False,2.5,25.5
622700,,,VELVETFRUIT_EXTRACT,XIRECS,5220.0,7,0,5222.5,5220,5225,5219.0,5226.0,0.0,0.0,0.0,-1,at_or_below_bid_touch,5222.5,5221.5,5243.0,5221.5,5250.5,5221.5,5260.5,5217.5,-5.0,5218.5,-4.0,5241.5,19.0,True,False,True,False,True,False,True,False,True,False,True,False,True,False,True,False,True,False,-1.5,30.5
623300,,,VELVETFRUIT_EXTRACT,XIRECS,5218.0,3,0,5220.5,5218,5223,5218.0,5224.0,0.4823529411764706,0.0,0.21153846153846154,-1,at_or_below_bid_touch,5220.5,5220.5,5242.0,5220.5,5250.5,5220.5,5260.5,5219.5,-1.0,5221.5,1.0,5241.5,21.0,True,False,True,False,True,False,True,False,True,False,True,False,True,False,True,False,True,False,-2.5,32.5
624800,,,VELVETFRUIT_EXTRACT,XIRECS,5220.0,6,0,5219.0,5218,5220,5218.0,5224.0,0.84,-0.041666666666666664,0.22123893805309736,1,at_or_above_ask_touch,5219.0,5219.0,5240.0,5219.0,5250.5,5219.0,5260.5,5224.5,5.5,5225.5,6.5,5233.5,14.5,False,False,True,False,True,False,False,False,True,False,True,False,False,False,True,False,True,False,1.0,30.5
629100,,,VELVETFRUIT_EXTRACT,XIRECS,5220.0,4,0,5222.5,5220,5225,5220.0,5226.0,0.43209876543209874,0.0,0.24731182795698925,-1,at_or_below_bid_touch,5222.5,5217.0,5239.5,5217.0,5250.5,5217.0,5260.5,5228.5,6.0,5230.0,7.5,5237.5,15.0,False,False,False,False,False,False,False,False,False,False,False,False,False,False,False,False,False,False,3.0,30.5
635000,,,VELVETFRUIT_EXTRACT,XIRECS,5228.0,5,0,5225.5,5223,5228,5222.0,5228.0,-0.5294117647058824,0.0,-0.18181818181818182,1,at_or_above_ask_touch,5225.5,5217.0,5232.5,5217.0,5250.5,5217.0,5254.5,5231.5,6.0,5230.0,4.5,5245.0,19.5,False,False,False,False,False,False,False,False,False,False,False,False,False,False,False,False,False,False,11.0,22.5
636500,,,VELVETFRUIT_EXTRACT,XIRECS,5225.0,3,0,5227.5,5225,5230,5224.0,5230.0,-0.4864864864864865,0.0,-0.2087912087912088,-1,at_or_below_bid_touch,5227.5,5217.0,5232.5,5217.0,5250.5,5217.0,5252.5,5229.5,2.0,5229.0,1.5,5243.0,15.5,False,False,False,False,False,False,False,False,False,False,False,False,False,False,False,False,False,False,8.0,25.5
637800,,,VELVETFRUIT_EXTRACT,XIRECS,5232.0,4,0,5229.5,5227,5232,5227.0,5233.0,0.4772727272727273,0.0,0.21495327102803738,1,at_or_above_ask_touch,5229.5,5217.0,5232.5,5217.0,5250.5,5217.0,5252.5,5229.0,-0.5,5226.5,-3.0,5245.5,16.0,False,False,False,True,False,True,False,False,False,False,False,False,False,False,False,False,False,False,15.0,18.5
639800,,,VELVETFRUIT_EXTRACT,XIRECS,5233.0,5,0,5230.5,5228,5233,5228.0,5234.0,0.5053763440860215,0.0,0.19658119658119658,1,at_or_above_ask_touch,5230.5,5217.0,5232.0,5217.0,5250.5,5217.0,5252.5,5229.5,-1.0,5226.5,-4.0,5245.0,14.5,False,True,False,True,False,True,False,False,False,False,False,False,False,False,False,False,False,False,16.0,17.5
641600,,,VELVETFRUIT_EXTRACT,XIRECS,5229.0,8,0,5231.5,5229,5234,5228.0,5235.0,0.0,0.0,0.0,-1,at_or_below_bid_touch,5231.5,5217.0,5232.0,5217.0,5250.5,5217.0,5252.5,5230.0,-1.5,5233.5,2.0,5248.5,17.0,False,False,False,False,False,False,False,False,False,False,False,False,False,False,False,False,False,False,12.0,21.5
641800,,,VELVETFRUIT_EXTRACT,XIRECS,5233.0,6,0,5230.5,5228,5233,5227.0,5234.0,0.0,0.0,0.0,1,at_or_above_ask_touch,5230.5,5217.0,5232.0,5217.0,5250.5,5217.0,5252.5,5230.0,-0.5,5230.5,0.0,5246.5,16.0,False,True,False,True,False,True,False,False,False,False,False,False,False,False,False,False,False,False,16.0,17.5
642400,,,VELVETFRUIT_EXTRACT,XIRECS,5227.0,8,0,5229.5,5227,5232,5226.0,5232.0,-0.48148148148148145,0.0,-0.21212121212121213,-1,at_or_below_bid_touch,5229.5,5217.0,5232.0,5217.0,5250.5,5217.0,5252.5,5227.5,-2.0,5232.0,2.5,5247.5,18.0,False,False,False,False,False,False,False,False,False,False,False,False,False,False,False,False,False,False,10.0,23.5
642700,,,VELVETFRUIT_EXTRACT,XIRECS,5229.0,13,0,5228.5,5228,5229,5227.0,5234.0,0.2571428571428571,-0.0962962962962963,0.0,1,at_or_above_ask_touch,5228.5,5217.0,5232.0,5217.0,5250.5,5217.0,5252.5,5226.5,-2.0,5231.5,3.0,5249.0,20.5,False,False,False,False,False,False,False,False,False,False,False,False,False,False,False,False,False,False,12.0,21.5
644700,,,VELVETFRUIT_EXTRACT,XIRECS,5233.0,4,0,5230.5,5228,5233,5227.0,5234.0,0.0,0.0,0.0,1,at_or_above_ask_touch,5230.5,5217.0,5232.0,5217.0,5250.5,5217.0,5252.5,5228.5,-2.0,5233.0,2.5,5248.5,18.0,False,True,False,True,False,True,False,False,False,False,False,False,False,False,False,False,False,False,16.0,17.5
645200,,,VELVETFRUIT_EXTRACT,XIRECS,5224.0,7,0,5226.5,5224,5229,5224.0,5230.0,0.49295774647887325,0.0,0.20454545454545456,-1,at_or_below_bid_touch,5226.5,5217.0,5232.0,5217.0,5250.5,5217.0,5252.5,5231.5,5.0,5233.5,7.0,5247.0,20.5,False,False,False,False,False,False,False,False,False,False,False,False,False,False,False,False,False,False,7.0,26.5
646800,,,VELVETFRUIT_EXTRACT,XIRECS,5233.0,5,0,5230.0,5227,5233,5227.0,5233.0,0.0,0.0,0.0,1,at_or_above_ask_touch,5230.0,5217.0,5232.0,5217.0,5249.5,5217.0,5252.5,5230.5,0.5,5232.5,2.5,5248.5,18.5,False,True,False,True,False,True,False,False,False,False,False,False,False,False,False,False,False,False,16.0,16.5
648100,,,VELVETFRUIT_EXTRACT,XIRECS,5228.0,3,0,5225.5,5223,5228,5223.0,5229.0,0.4430379746835443,0.0,0.2391304347826087,1,at_or_above_ask_touch,5225.5,5218.5,5232.0,5217.0,5249.5,5217.0,5252.5,5233.5,8.0,5235.5,10.0,5250.0,24.5,False,False,False,False,False,False,False,False,False,False,False,False,False,False,False,False,False,False,11.0,21.5
650900,,,VELVETFRUIT_EXTRACT,XIRECS,5227.0,4,0,5230.0,5227,5233,5227.0,5233.0,0.0,0.0,0.0,-1,at_or_below_bid_touch,5230.0,5218.5,5232.0,5217.0,5245.5,5217.0,5252.5,5231.5,1.5,5240.5,10.5,5252.0,22.0,False,False,False,False,False,False,False,False,False,False,False,False,False,False,False,False,False,False,10.0,18.5
655000,,,VELVETFRUIT_EXTRACT,XIRECS,5231.0,5,0,5233.5,5231,5236,5231.0,5237.0,0.3902439024390244,0.0,0.2808988764044944,-1,at_or_below_bid_touch,5233.5,5223.5,5234.5,5217.0,5240.0,5217.0,5252.5,5239.5,6.0,5244.5,11.0,5253.5,20.0,False,False,False,False,False,False,False,False,False,False,False,False,False,False,False,False,False,False,14.0,9.0
663300,,,VELVETFRUIT_EXTRACT,XIRECS,5245.0,3,0,5242.5,5240,5245,5239.0,5246.0,0.0,0.0,0.0,1,at_or_above_ask_touch,5242.5,5223.5,5247.5,5217.0,5247.5,5217.0,5252.5,5242.5,0.0,5241.5,-1.0,5244.5,2.0,False,False,False,False,False,False,False,False,False,False,False,False,False,False,False,False,False,False,28.0,2.5
663600,,,VELVETFRUIT_EXTRACT,XIRECS,5242.0,5,0,5243.5,5242,5245,5240.0,5246.0,-0.52,0.04225352112676056,0.1623931623931624,-1,at_or_below_bid_touch,5243.5,5223.5,5247.5,5217.0,5247.5,5217.0,5252.5,5241.5,-2.0,5241.5,-2.0,5244.0,0.5,False,False,False,False,False,False,False,False,False,False,False,False,False,False,False,False,False,False,25.0,5.5
668300,,,VELVETFRUIT_EXTRACT,XIRECS,5245.0,4,0,5242.5,5240,5245,5239.0,5246.0,0.0,0.0,0.0,1,at_or_above_ask_touch,5242.5,5223.5,5247.5,5217.0,5247.5,5217.0,5252.5,5241.5,-1.0,5239.5,-3.0,5253.5,11.0,False,False,False,False,False,False,False,False,False,False,False,False,False,False,False,False,False,False,28.0,2.5
669000,,,VELVETFRUIT_EXTRACT,XIRECS,5238.0,6,0,5241.0,5238,5244,5238.0,5244.0,0.0,0.0,0.0,-1,at_or_below_bid_touch,5241.0,5225.5,5247.5,5217.0,5247.5,5217.0,5252.0,5238.5,-2.5,5238.0,-3.0,5252.5,11.5,False,False,False,False,False,False,False,False,False,False,False,False,False,False,False,False,False,False,21.0,9.5
672800,,,VELVETFRUIT_EXTRACT,XIRECS,5243.0,4,0,5240.5,5238,5243,5237.0,5243.0,-0.42857142857142855,0.0,-0.25,1,at_or_above_ask_touch,5240.5,5229.5,5247.5,5217.0,5247.5,5217.0,5250.5,5236.0,-4.5,5237.5,-3.0,5258.0,17.5,False,False,False,False,False,False,False,False,False,False,False,False,False,False,False,False,False,False,26.0,4.5
676600,,,VELVETFRUIT_EXTRACT,XIRECS,5237.0,6,0,5234.5,5232,5237,5231.0,5237.0,-0.5111111111111111,0.0,-0.19298245614035087,1,at_or_above_ask_touch,5234.5,5230.5,5247.5,5217.0,5247.5,5217.0,5250.5,5238.5,4.0,5245.0,10.5,5271.0,36.5,False,False,False,False,False,False,False,False,False,False,False,False,False,False,False,False,False,False,20.0,10.5
678200,,,VELVETFRUIT_EXTRACT,XIRECS,5236.0,11,0,5235.5,5235,5236,5234.0,5241.0,0.3125,-0.07801418439716312,0.0,1,at_or_above_ask_touch,5235.5,5232.0,5247.5,5218.5,5247.5,5217.0,5250.5,5238.5,3.0,5244.5,9.0,5270.5,35.0,False,False,False,False,False,False,False,False,False,False,False,False,False,False,False,False,False,False,17.5,11.5
679600,,,VELVETFRUIT_EXTRACT,XIRECS,5244.0,4,0,5241.5,5239,5244,5238.0,5245.0,0.0,0.0,0.0,1,at_or_above_ask_touch,5241.5,5232.0,5247.5,5218.5,5247.5,5217.0,5250.5,5241.0,-0.5,5244.5,3.0,5269.5,28.0,False,False,False,False,False,False,False,False,False,False,False,False,False,False,False,False,False,False,25.5,3.5
680000,,,VELVETFRUIT_EXTRACT,XIRECS,5240.0,9,0,5239.0,5238,5240,5238.0,5244.0,0.775,-0.059602649006622516,0.19327731092436976,1,at_or_above_ask_touch,5239.0,5232.0,5247.5,5218.5,5247.5,5217.0,5250.5,5245.0,6.0,5248.5,9.5,5272.5,33.5,False,False,False,False,False,False,False,False,False,False,False,False,False,False,False,False,False,False,21.5,7.5
680300,,,VELVETFRUIT_EXTRACT,XIRECS,5243.0,7,0,5240.5,5238,5243,5238.0,5244.0,0.620253164556962,0.0,0.13274336283185842,1,at_or_above_ask_touch,5240.5,5232.0,5247.5,5218.5,5247.5,5217.0,5250.5,5245.5,5.0,5250.5,10.0,5272.5,32.0,False,False,False,False,False,False,False,False,False,False,False,False,False,False,False,False,False,False,24.5,4.5
682000,,,VELVETFRUIT_EXTRACT,XIRECS,5237.0,4,0,5239.5,5237,5242,5236.0,5243.0,0.0,0.0,0.0,-1,at_or_below_bid_touch,5239.5,5232.0,5247.5,5218.5,5247.5,5217.0,5250.5,5247.5,8.0,5246.5,7.0,5269.0,29.5,False,False,False,False,False,False,False,False,False,False,False,False,False,False,False,False,False,False,18.5,10.5
683300,,,VELVETFRUIT_EXTRACT,XIRECS,5234.0,3,0,5236.5,5234,5239,5234.0,5240.0,0.5952380952380952,0.0,0.1452991452991453,-1,at_or_below_bid_touch,5236.5,5232.0,5246.5,5223.5,5247.5,5217.0,5250.5,5243.5,7.0,5247.5,11.0,5271.0,34.5,False,False,False,False,True,False,False,False,False,False,False,False,False,False,False,False,False,False,10.5,13.5
685500,,,VELVETFRUIT_EXTRACT,XIRECS,5244.0,5,0,5243.0,5242,5244,5241.0,5248.0,0.5652173913043478,-0.04065040650406504,0.0,1,at_or_above_ask_touch,5243.0,5232.0,5246.5,5223.5,5247.5,5217.0,5250.5,5251.5,8.5,5249.0,6.0,5268.0,25.0,False,False,False,False,False,False,False,False,False,False,False,False,False,False,False,False,False,False,20.5,3.5
687700,,,VELVETFRUIT_EXTRACT,XIRECS,5244.0,9,0,5243.5,5243,5244,5242.0,5248.0,0.47058823529411764,-0.061224489795918366,-0.22123893805309736,1,at_or_above_ask_touch,5243.5,5232.0,5247.5,5223.5,5247.5,5217.0,5250.5,5249.0,5.5,5249.0,5.5,5266.5,23.0,False,False,False,False,False,False,False,False,False,False,False,False,False,False,False,False,False,False,20.5,3.5
688200,,,VELVETFRUIT_EXTRACT,XIRECS,5243.0,5,0,5244.5,5243,5246,5241.0,5247.0,-0.5333333333333333,0.0457516339869281,0.18699186991869918,-1,at_or_below_bid_touch,5244.5,5232.0,5247.5,5223.5,5247.5,5217.0,5250.5,5248.5,4.0,5251.5,7.0,5267.0,22.5,False,False,False,False,False,False,False,False,False,False,False,False,False,False,False,False,False,False,19.5,4.5
690600,,,VELVETFRUIT_EXTRACT,XIRECS,5248.0,13,0,5247.5,5247,5248,5246.0,5252.0,0.16129032258064516,-0.10236220472440945,-0.1875,1,at_or_above_ask_touch,5247.5,5232.0,5251.5,5223.5,5251.5,5217.0,5251.5,5247.0,-0.5,5250.5,3.0,5267.5,20.0,False,False,False,False,False,False,False,False,False,False,False,False,False,False,False,False,False,False,24.5,3.5
693500,,,VELVETFRUIT_EXTRACT,XIRECS,5249.0,6,0,5246.0,5243,5249,5243.0,5249.0,0.0,0.0,0.0,1,at_or_above_ask_touch,5246.0,5232.0,5251.5,5223.5,5251.5,5217.0,5251.5,5253.5,7.5,5256.5,10.5,5267.5,21.5,False,False,False,False,False,False,False,False,False,False,False,False,False,False,False,False,False,False,25.5,2.5
693900,,,VELVETFRUIT_EXTRACT,XIRECS,5251.0,3,0,5248.5,5246,5251,5246.0,5252.0,0.5384615384615384,0.0,0.17647058823529413,1,at_or_above_ask_touch,5248.5,5232.0,5251.5,5223.5,5251.5,5217.0,5251.5,5252.5,4.0,5256.5,8.0,5269.5,21.0,False,False,False,True,False,True,False,False,False,True,False,True,False,False,False,True,False,True,27.5,0.5
696200,,,VELVETFRUIT_EXTRACT,XIRECS,5251.0,5,0,5248.5,5246,5251,5245.0,5251.0,-0.4857142857142857,0.0,-0.20930232558139536,1,at_or_above_ask_touch,5248.5,5234.0,5251.5,5223.5,5251.5,5217.0,5251.5,5253.5,5.0,5253.5,5.0,5271.5,23.0,False,False,False,True,False,True,False,False,False,True,False,True,False,False,False,True,False,True,27.5,0.5
696300,,,VELVETFRUIT_EXTRACT,XIRECS,5251.0,6,0,5249.5,5248,5251,5245.0,5251.0,-0.8157894736842105,0.04827586206896552,0.0,1,at_or_above_ask_touch,5249.5,5234.0,5251.5,5223.5,5251.5,5217.0,5251.5,5254.5,5.0,5254.5,5.0,5270.5,21.0,False,False,False,True,False,True,False,False,False,True,False,True,False,False,False,True,False,True,27.5,0.5
696800,,,VELVETFRUIT_EXTRACT,XIRECS,5251.0,5,0,5248.5,5246,5251,5246.0,5252.0,0.5584415584415584,0.0,0.1650485436893204,1,at_or_above_ask_touch,5248.5,5234.0,5251.5,5223.5,5251.5,5217.0,5251.5,5258.0,9.5,5252.5,4.0,5272.5,24.0,False,False,False,True,False,True,False,False,False,True,False,True,False,False,False,True,False,True,27.5,0.5
707600,,,VELVETFRUIT_EXTRACT,XIRECS,5253.0,6,0,5250.5,5248,5253,5247.0,5253.0,-0.4588235294117647,0.0,-0.22772277227722773,1,at_or_above_ask_touch,5250.5,5242.0,5258.5,5232.0,5258.5,5217.0,5258.5,5247.5,-3.0,5258.5,8.0,5268.5,18.0,False,False,False,False,False,False,False,False,False,False,False,False,False,False,False,False,False,False,21.0,5.5
708700,,,VELVETFRUIT_EXTRACT,XIRECS,5258.0,3,0,5255.5,5253,5258,5252.0,5258.0,-0.46987951807228917,0.0,-0.22,1,at_or_above_ask_touch,5255.5,5242.0,5258.5,5232.0,5258.5,5217.0,5258.5,5245.5,-10.0,5250.5,-5.0,5271.5,16.0,False,False,False,True,False,True,False,False,False,True,False,True,False,False,False,True,False,True,26.0,0.5
710400,,,VELVETFRUIT_EXTRACT,XIRECS,5252.0,3,0,5249.5,5247,5252,5246.0,5252.0,-0.5106382978723404,0.0,-0.19327731092436976,1,at_or_above_ask_touch,5249.5,5246.0,5258.5,5232.0,5258.5,5217.0,5258.5,5252.0,2.5,5252.5,3.0,5260.5,11.0,False,False,False,False,False,False,False,False,False,False,False,False,False,False,False,False,False,False,20.0,6.5
711900,,,VELVETFRUIT_EXTRACT,XIRECS,5251.0,3,0,5248.5,5246,5251,5245.0,5251.0,-0.5853658536585366,0.0,-0.1504424778761062,1,at_or_above_ask_touch,5248.5,5246.0,5258.5,5232.0,5258.5,5217.0,5258.5,5255.5,7.0,5252.5,4.0,5257.5,9.0,False,False,False,False,False,False,False,False,False,False,False,False,False,False,False,False,False,False,19.0,7.5
712900,,,VELVETFRUIT_EXTRACT,XIRECS,5250.0,6,0,5247.0,5244,5250,5244.0,5250.0,0.0,0.0,0.0,1,at_or_above_ask_touch,5247.0,5245.0,5258.5,5232.0,5258.5,5217.0,5258.5,5257.5,10.5,5258.5,11.5,5255.5,8.5,False,False,False,False,False,False,False,False,False,False,False,False,False,False,False,False,False,False,18.0,8.5
715500,,,VELVETFRUIT_EXTRACT,XIRECS,5249.0,4,0,5252.0,5249,5255,5249.0,5255.0,0.0,0.0,0.0,-1,at_or_below_bid_touch,5252.0,5243.0,5258.5,5232.0,5258.5,5217.0,5258.5,5253.0,1.0,5266.5,14.5,5262.5,10.5,False,False,False,False,False,False,False,False,False,False,False,False,False,False,False,False,False,False,17.0,9.5
715600,,,VELVETFRUIT_EXTRACT,XIRECS,5249.0,5,0,5251.5,5249,5254,5248.0,5255.0,0.0,0.0,0.0,-1,at_or_below_bid_touch,5251.5,5243.0,5258.5,5232.0,5258.5,5217.0,5258.5,5253.5,2.0,5267.5,16.0,5262.5,11.0,False,False,False,False,False,False,False,False,False,False,False,False,False,False,False,False,False,False,17.0,9.5
719300,,,VELVETFRUIT_EXTRACT,XIRECS,5250.0,7,0,5252.5,5250,5255,5249.0,5256.0,0.0,0.0,0.0,-1,at_or_below_bid_touch,5252.5,5243.0,5258.5,5232.0,5258.5,5217.0,5258.5,5267.5,15.0,5268.5,16.0,5257.5,5.0,False,False,False,False,False,False,False,False,False,False,False,False,False,False,False,False,False,False,18.0,8.5
719900,,,VELVETFRUIT_EXTRACT,XIRECS,5250.0,5,0,5252.5,5250,5255,5250.0,5256.0,0.43243243243243246,0.0,0.24705882352941178,-1,at_or_below_bid_touch,5252.5,5243.0,5258.5,5232.0,5258.5,5217.0,5258.5,5269.0,16.5,5271.5,19.0,5261.5,9.0,False,False,False,False,False,False,False,False,False,False,False,False,False,False,False,False,False,False,18.0,8.5
725000,,,VELVETFRUIT_EXTRACT,XIRECS,5266.0,4,0,5268.5,5266,5271,5265.0,5272.0,0.0,0.0,0.0,-1,at_or_below_bid_touch,5268.5,5243.0,5269.0,5232.5,5269.0,5217.0,5269.0,5272.5,4.0,5266.5,-2.0,5260.5,-8.0,False,False,False,False,False,False,False,False,False,False,False,False,False,False,False,False,False,False,33.5,3.0
727400,,,VELVETFRUIT_EXTRACT,XIRECS,5270.0,6,0,5269.0,5268,5270,5267.0,5274.0,0.5384615384615384,-0.043478260869565216,0.0,1,at_or_above_ask_touch,5269.0,5243.0,5272.5,5234.5,5272.5,5217.0,5272.5,5268.0,-1.0,5267.5,-1.5,5252.5,-16.5,False,False,False,False,False,False,False,False,False,False,False,False,False,False,False,False,False,False,35.5,2.5
731500,,,VELVETFRUIT_EXTRACT,XIRECS,5275.0,7,0,5272.5,5270,5275,5269.0,5275.0,-0.3924050632911392,0.0,-0.27906976744186046,1,at_or_above_ask_touch,5272.5,5243.0,5274.0,5234.5,5274.0,5218.5,5274.0,5271.5,-1.0,5270.0,-2.5,5249.5,-23.0,False,True,False,True,False,True,False,True,False,True,False,True,False,True,False,True,False,True,40.5,-1.0
732700,,,VELVETFRUIT_EXTRACT,XIRECS,5268.0,8,0,5270.5,5268,5273,5268.0,5274.0,0.4606741573033708,0.0,0.22641509433962265,-1,at_or_below_bid_touch,5270.5,5243.0,5274.0,5234.5,5274.0,5218.5,5274.0,5266.5,-4.0,5266.0,-4.5,5249.5,-21.0,False,False,False,False,False,False,False,False,False,False,False,False,False,False,False,False,False,False,33.5,6.0
735800,,,VELVETFRUIT_EXTRACT,XIRECS,5269.0,3,0,5270.5,5269,5272,5266.0,5273.0,-0.4375,0.061224489795918366,0.0,-1,at_or_below_bid_touch,5270.5,5250.0,5274.0,5242.0,5274.0,5223.5,5274.0,5268.5,-2.0,5270.5,0.0,5249.0,-21.5,False,False,False,False,False,False,False,False,False,False,False,False,False,False,False,False,False,False,27.0,5.0
741100,,,VELVETFRUIT_EXTRACT,XIRECS,5269.0,9,0,5268.0,5267,5269,5267.0,5273.0,0.7567567567567568,-0.06474820143884892,0.21495327102803738,1,at_or_above_ask_touch,5268.0,5250.5,5274.0,5243.0,5274.0,5223.5,5274.0,5271.5,3.5,5279.5,11.5,5245.0,-23.0,False,False,False,False,False,False,False,False,False,False,False,False,False,False,False,False,False,False,26.0,5.0
744700,,,VELVETFRUIT_EXTRACT,XIRECS,5272.0,6,0,5270.5,5269,5272,5266.0,5272.0,-0.8461538461538461,0.04,0.0,1,at_or_above_ask_touch,5270.5,5264.5,5274.0,5243.0,5274.0,5223.5,5274.0,5277.5,7.0,5270.5,0.0,5239.5,-31.0,False,False,False,False,False,True,False,False,False,False,False,True,False,False,False,False,False,True,29.0,2.0
746600,,,VELVETFRUIT_EXTRACT,XIRECS,5269.0,7,0,5271.5,5269,5274,5269.0,5275.0,0.5,0.0,0.2,-1,at_or_below_bid_touch,5271.5,5264.5,5274.0,5243.0,5274.0,5223.5,5274.0,5283.0,11.5,5266.5,-5.0,5236.0,-35.5,False,False,False,False,False,False,False,False,False,False,False,False,False,False,False,False,False,False,26.0,5.0
746800,,,VELVETFRUIT_EXTRACT,XIRECS,5275.0,4,0,5272.5,5270,5275,5269.0,5276.0,0.0,0.0,0.0,1,at_or_above_ask_touch,5272.5,5264.5,5274.0,5243.0,5274.0,5223.5,5274.0,5283.5,11.0,5266.0,-6.5,5239.5,-33.0,False,True,False,True,False,True,False,True,False,True,False,True,False,True,False,True,False,True,32.0,-1.0
748000,,,VELVETFRUIT_EXTRACT,XIRECS,5278.0,7,0,5275.0,5272,5278,5272.0,5278.0,0.0,0.0,0.0,1,at_or_above_ask_touch,5275.0,5264.5,5275.0,5243.0,5275.0,5223.5,5275.0,5276.5,1.5,5269.5,-5.5,5243.5,-31.5,False,True,False,True,False,True,False,True,False,True,False,True,False,True,False,True,False,True,35.0,-3.0
750300,,,VELVETFRUIT_EXTRACT,XIRECS,5279.0,6,0,5276.5,5274,5279,5273.0,5280.0,0.0,0.0,0.0,1,at_or_above_ask_touch,5276.5,5264.5,5277.5,5243.0,5277.5,5229.5,5277.5,5268.5,-8.0,5260.0,-16.5,5251.5,-25.0,False,True,False,True,False,True,False,True,False,True,False,True,False,True,False,True,False,True,36.0,-1.5
756100,,,VELVETFRUIT_EXTRACT,XIRECS,5270.0,14,0,5269.0,5268,5270,5268.0,5274.0,0.6056338028169014,-0.109375,0.0,1,at_or_above_ask_touch,5269.0,5264.5,5284.5,5243.0,5284.5,5229.5,5284.5,5256.0,-13.0,5262.0,-7.0,5252.5,-16.5,False,False,False,False,False,False,False,False,False,False,False,False,False,False,False,False,False,False,27.0,14.5
758600,,,VELVETFRUIT_EXTRACT,XIRECS,5275.0,3,0,5272.0,5269,5275,5269.0,5275.0,0.0,0.0,0.0,1,at_or_above_ask_touch,5272.0,5264.5,5284.5,5243.0,5284.5,5232.0,5284.5,5256.5,-15.5,5257.0,-15.0,5242.5,-29.5,False,False,False,False,False,False,False,False,False,False,False,False,False,False,False,False,False,False,32.0,9.5
758800,,,VELVETFRUIT_EXTRACT,XIRECS,5273.0,6,0,5270.5,5268,5273,5267.0,5273.0,-0.5268817204301075,0.0,-0.18333333333333332,1,at_or_above_ask_touch,5270.5,5264.5,5284.5,5243.0,5284.5,5232.0,5284.5,5256.5,-14.0,5258.5,-12.0,5240.5,-30.0,False,False,False,False,False,False,False,False,False,False,False,False,False,False,False,False,False,False,30.0,11.5
761600,,,VELVETFRUIT_EXTRACT,XIRECS,5259.0,4,0,5256.0,5253,5259,5253.0,5259.0,0.0,0.0,0.0,1,at_or_above_ask_touch,5256.0,5255.0,5284.5,5243.0,5284.5,5232.0,5284.5,5259.5,3.5,5262.5,6.5,5248.5,-7.5,False,False,False,False,False,False,False,False,False,False,False,False,False,False,False,False,False,False,16.0,25.5
764300,,,VELVETFRUIT_EXTRACT,XIRECS,5258.0,7,0,5255.5,5253,5258,5253.0,5259.0,0.589041095890411,0.0,0.1485148514851485,1,at_or_above_ask_touch,5255.5,5254.0,5284.5,5250.0,5284.5,5232.0,5284.5,5257.5,2.0,5261.5,6.0,5251.5,-4.0,False,False,False,False,False,False,False,False,False,False,False,False,False,False,False,False,False,False,8.0,26.5
770000,,,VELVETFRUIT_EXTRACT,XIRECS,5265.0,3,0,5262.5,5260,5265,5259.0,5265.0,-0.4444444444444444,0.0,-0.23809523809523808,1,at_or_above_ask_touch,5262.5,5254.0,5284.5,5250.5,5284.5,5232.0,5284.5,5260.5,-2.0,5250.5,-12.0,5255.0,-7.5,False,False,False,False,False,False,False,False,False,False,False,False,False,False,False,False,False,False,14.5,19.5
772300,,,VELVETFRUIT_EXTRACT,XIRECS,5259.0,10,0,5258.5,5258,5259,5257.0,5263.0,0.3103448275862069,-0.08771929824561403,-0.2235294117647059,1,at_or_above_ask_touch,5258.5,5254.0,5282.5,5254.0,5284.5,5232.0,5284.5,5250.5,-8.0,5251.5,-7.0,5254.0,-4.5,False,False,False,False,False,False,False,False,False,False,False,False,False,False,False,False,False,False,5.0,25.5
774500,,,VELVETFRUIT_EXTRACT,XIRECS,5264.0,8,0,5261.0,5258,5264,5258.0,5264.0,0.0,0.0,0.0,1,at_or_above_ask_touch,5261.0,5254.0,5273.5,5254.0,5284.5,5232.0,5284.5,5249.5,-11.5,5246.5,-14.5,5246.0,-15.0,False,False,False,False,False,False,False,False,False,False,False,False,False,False,False,False,False,False,10.0,20.5
775200,,,VELVETFRUIT_EXTRACT,XIRECS,5257.0,3,0,5259.5,5257,5262,5257.0,5263.0,0.5142857142857142,0.0,0.19101123595505617,-1,at_or_below_bid_touch,5259.5,5254.0,5273.5,5254.0,5284.5,5232.5,5284.5,5249.5,-10.0,5247.5,-12.0,5246.5,-13.0,False,False,False,False,False,False,False,False,False,False,False,False,False,False,False,False,False,False,3.0,27.5
777400,,,VELVETFRUIT_EXTRACT,XIRECS,5255.0,4,0,5252.5,5250,5255,5249.0,5256.0,0.0,0.0,0.0,1,at_or_above_ask_touch,5252.5,5250.5,5273.5,5250.5,5284.5,5234.5,5284.5,5250.5,-2.0,5246.5,-6.0,5253.5,1.0,False,False,False,False,False,False,False,False,False,False,False,False,False,False,False,False,False,False,4.5,29.5
781500,,,VELVETFRUIT_EXTRACT,XIRECS,5247.0,7,0,5249.5,5247,5252,5247.0,5253.0,0.4166666666666667,0.0,0.25925925925925924,-1,at_or_below_bid_touch,5249.5,5247.5,5264.5,5247.5,5284.5,5234.5,5284.5,5252.5,3.0,5243.0,-6.5,5256.0,6.5,True,False,True,False,True,False,True,False,True,False,True,False,False,False,False,False,False,False,-0.5,37.5
783500,,,VELVETFRUIT_EXTRACT,XIRECS,5249.0,7,0,5246.5,5244,5249,5244.0,5250.0,0.5529411764705883,0.0,0.168141592920354,1,at_or_above_ask_touch,5246.5,5246.0,5264.5,5246.0,5284.5,5234.5,5284.5,5248.0,1.5,5243.5,-3.0,5257.0,10.5,False,False,False,False,False,False,False,False,False,False,False,False,False,False,False,False,False,False,3.0,35.5
784600,,,VELVETFRUIT_EXTRACT,XIRECS,5244.0,8,0,5246.5,5244,5249,5244.0,5250.0,0.5135135135135135,0.0,0.19148936170212766,-1,at_or_below_bid_touch,5246.5,5244.5,5264.5,5244.5,5284.5,5242.0,5284.5,5241.0,-5.5,5240.5,-6.0,5253.5,7.0,True,False,True,False,True,False,True,False,True,False,True,False,False,False,False,False,True,False,-0.5,40.5
792300,,,VELVETFRUIT_EXTRACT,XIRECS,5239.0,5,0,5241.5,5239,5244,5239.0,5245.0,0.4523809523809524,0.0,0.23232323232323232,-1,at_or_below_bid_touch,5241.5,5240.0,5264.5,5240.0,5284.5,5240.0,5284.5,5241.5,0.0,5250.5,9.0,5257.5,16.0,True,False,True,False,True,False,True,False,True,False,True,False,True,False,True,False,True,False,-1.0,45.5
793000,,,VELVETFRUIT_EXTRACT,XIRECS,5247.0,6,0,5244.5,5242,5247,5241.0,5248.0,0.0,0.0,0.0,1,at_or_above_ask_touch,5244.5,5240.0,5264.5,5240.0,5284.5,5240.0,5284.5,5243.5,-1.0,5249.5,5.0,5253.5,9.0,False,False,False,False,False,False,False,False,False,False,False,False,False,False,False,False,False,False,7.0,37.5
793900,,,VELVETFRUIT_EXTRACT,XIRECS,5241.0,6,0,5244.0,5241,5247,5241.0,5247.0,0.0,0.0,0.0,-1,at_or_below_bid_touch,5244.0,5240.0,5264.5,5240.0,5284.5,5240.0,5284.5,5243.5,-0.5,5251.0,7.0,5250.5,6.5,False,False,True,False,True,False,False,False,True,False,True,False,False,False,True,False,True,False,1.0,43.5
796800,,,VELVETFRUIT_EXTRACT,XIRECS,5242.0,7,0,5239.5,5237,5242,5237.0,5243.0,0.47126436781609193,0.0,0.21904761904761905,1,at_or_above_ask_touch,5239.5,5235.5,5253.0,5235.5,5284.5,5235.5,5284.5,5250.5,11.0,5246.5,7.0,5263.5,24.0,False,False,False,False,False,False,False,False,False,False,False,False,False,False,False,False,False,False,6.5,42.5
797900,,,VELVETFRUIT_EXTRACT,XIRECS,5241.0,5,0,5243.5,5241,5246,5240.0,5247.0,0.0,0.0,0.0,-1,at_or_below_bid_touch,5243.5,5235.5,5253.0,5235.5,5284.5,5235.5,5284.5,5249.5,6.0,5244.5,1.0,5260.0,16.5,False,False,False,False,False,False,False,False,False,False,False,False,False,False,False,False,False,False,5.5,43.5
798400,,,VELVETFRUIT_EXTRACT,XIRECS,5246.0,5,0,5243.5,5241,5246,5241.0,5247.0,0.43902439024390244,0.0,0.24210526315789474,1,at_or_above_ask_touch,5243.5,5235.5,5253.0,5235.5,5284.5,5235.5,5284.5,5247.0,3.5,5242.5,-1.0,5258.0,14.5,False,False,False,False,False,False,False,False,False,False,False,False,False,False,False,False,False,False,10.5,38.5
799800,,,VELVETFRUIT_EXTRACT,XIRECS,5245.0,6,0,5248.0,5245,5251,5245.0,5251.0,0.0,0.0,0.0,-1,at_or_below_bid_touch,5248.0,5235.5,5253.0,5235.5,5284.5,5235.5,5284.5,5254.5,6.5,5245.0,-3.0,5251.5,3.5,False,False,False,False,False,False,False,False,False,False,False,False,False,False,False,False,False,False,9.5,39.5
800600,,,VELVETFRUIT_EXTRACT,XIRECS,5247.0,4,0,5249.5,5247,5252,5246.0,5253.0,0.0,0.0,0.0,-1,at_or_below_bid_touch,5249.5,5235.5,5253.0,5235.5,5284.5,5235.5,5284.5,5252.5,3.0,5249.5,0.0,5252.5,3.0,False,False,False,False,False,False,False,False,False,False,False,False,False,False,False,False,False,False,11.5,37.5
807100,,,VELVETFRUIT_EXTRACT,XIRECS,5244.0,8,0,5243.5,5243,5244,5242.0,5248.0,0.42857142857142855,-0.05405405405405406,-0.16666666666666666,1,at_or_above_ask_touch,5243.5,5235.5,5256.5,5235.5,5273.5,5235.5,5284.5,5246.5,3.0,5254.5,11.0,5256.0,12.5,False,False,False,False,False,False,False,False,False,False,False,False,False,False,False,False,False,False,8.5,29.5
809500,,,VELVETFRUIT_EXTRACT,XIRECS,5242.0,5,0,5243.5,5242,5245,5239.0,5246.0,-0.5238095238095238,0.04504504504504504,0.0,-1,at_or_below_bid_touch,5243.5,5235.5,5256.5,5235.5,5265.5,5235.5,5284.5,5249.5,6.0,5249.5,6.0,5253.5,10.0,False,False,False,False,False,False,False,False,False,False,False,False,False,False,False,False,False,False,6.5,23.5
810600,,,VELVETFRUIT_EXTRACT,XIRECS,5247.0,4,0,5249.5,5247,5252,5246.0,5252.0,-0.5362318840579711,0.0,-0.17777777777777778,-1,at_or_below_bid_touch,5249.5,5235.5,5256.5,5235.5,5264.5,5235.5,5284.5,5252.5,3.0,5256.5,7.0,5253.5,4.0,False,False,False,False,False,False,False,False,False,False,False,False,False,False,False,False,False,False,11.5,17.5
812700,,,VELVETFRUIT_EXTRACT,XIRECS,5250.0,7,0,5247.5,5245,5250,5244.0,5251.0,0.0,0.0,0.0,1,at_or_above_ask_touch,5247.5,5235.5,5256.5,5235.5,5264.5,5235.5,5284.5,5252.5,5.0,5254.0,6.5,5249.5,2.0,False,False,False,False,False,False,False,False,False,False,False,False,False,False,False,False,False,False,14.5,14.5
815500,,,VELVETFRUIT_EXTRACT,XIRECS,5249.0,7,0,5251.5,5249,5254,5248.0,5254.0,-0.5227272727272727,0.0,-0.18584070796460178,-1,at_or_below_bid_touch,5251.5,5235.5,5256.5,5235.5,5264.5,5235.5,5284.5,5255.5,4.0,5247.5,-4.0,5253.5,2.0,False,False,False,False,False,False,False,False,False,False,False,False,False,False,False,False,False,False,13.5,15.5
816900,,,VELVETFRUIT_EXTRACT,XIRECS,5255.0,5,0,5254.0,5253,5255,5252.0,5259.0,0.5652173913043478,-0.037037037037037035,0.0,1,at_or_above_ask_touch,5254.0,5239.5,5256.5,5235.5,5264.5,5235.5,5284.5,5254.5,0.5,5252.5,-1.5,5261.0,7.0,False,False,False,False,False,True,False,False,False,False,False,False,False,False,False,False,False,False,19.5,9.5
818500,,,VELVETFRUIT_EXTRACT,XIRECS,5256.0,3,0,5253.0,5250,5256,5250.0,5256.0,0.0,0.0,0.0,1,at_or_above_ask_touch,5253.0,5240.0,5256.5,5235.5,5264.5,5235.5,5284.5,5253.5,0.5,5255.5,2.5,5263.5,10.5,False,False,False,True,False,True,False,False,False,False,False,False,False,False,False,False,False,False,20.5,8.5
819500,,,VELVETFRUIT_EXTRACT,XIRECS,5250.0,14,0,5249.5,5249,5250,5248.0,5254.0,0.2631578947368421,-0.10294117647058823,-0.24489795918367346,1,at_or_above_ask_touch,5249.5,5240.0,5256.5,5235.5,5264.5,5235.5,5284.5,5246.0,-3.5,5262.0,12.5,5269.5,20.0,False,False,False,False,False,False,False,False,False,False,False,False,False,False,False,False,False,False,14.5,14.5
821700,,,VELVETFRUIT_EXTRACT,XIRECS,5256.0,8,0,5254.5,5253,5256,5250.0,5256.0,-0.8360655737704918,0.042735042735042736,-0.17894736842105263,1,at_or_above_ask_touch,5254.5,5240.0,5261.5,5235.5,5264.5,5235.5,5284.5,5251.5,-3.0,5255.5,1.0,5263.0,8.5,False,False,False,False,False,False,False,False,False,False,False,False,False,False,False,False,False,False,20.5,8.5
822000,,,VELVETFRUIT_EXTRACT,XIRECS,5253.0,8,0,5255.5,5253,5258,5252.0,5258.0,-0.5609756097560976,0.0,-0.16363636363636364,-1,at_or_below_bid_touch,5255.5,5240.0,5261.5,5235.5,5264.5,5235.5,5284.5,5254.0,-1.5,5256.5,1.0,5260.0,4.5,False,False,False,False,False,False,False,False,False,False,False,False,False,False,False,False,False,False,17.5,11.5
822400,,,VELVETFRUIT_EXTRACT,XIRECS,5250.0,8,0,5252.5,5250,5255,5249.0,5256.0,0.0,0.0,0.0,-1,at_or_below_bid_touch,5252.5,5240.0,5261.5,5235.5,5264.5,5235.5,5284.5,5253.5,1.0,5256.0,3.5,5261.0,8.5,False,False,False,False,False,False,False,False,False,False,False,False,False,False,False,False,False,False,14.5,14.5
822700,,,VELVETFRUIT_EXTRACT,XIRECS,5255.0,10,0,5254.0,5253,5255,5253.0,5259.0,0.7530864197530864,-0.06578947368421052,0.17355371900826447,1,at_or_above_ask_touch,5254.0,5240.0,5261.5,5235.5,5264.5,5235.5,5284.5,5253.0,-1.0,5256.5,2.5,5262.5,8.5,False,False,False,False,False,False,False,False,False,False,False,False,False,False,False,False,False,False,19.5,9.5
824700,,,VELVETFRUIT_EXTRACT,XIRECS,5249.0,8,0,5246.5,5244,5249,5244.0,5250.0,0.4246575342465753,0.0,0.25301204819277107,1,at_or_above_ask_touch,5246.5,5240.0,5261.5,5235.5,5261.5,5235.5,5284.5,5261.5,15.0,5252.5,6.0,5259.5,13.0,False,False,False,False,False,False,False,False,False,False,False,False,False,False,False,False,False,False,13.5,12.5
825200,,,VELVETFRUIT_EXTRACT,XIRECS,5244.0,3,0,5246.5,5244,5249,5244.0,5250.0,0.4588235294117647,0.0,0.22772277227722773,-1,at_or_below_bid_touch,5246.5,5240.0,5261.5,5235.5,5261.5,5235.5,5284.5,5261.5,15.0,5254.5,8.0,5259.5,13.0,False,False,False,False,False,False,False,False,False,False,False,False,False,False,False,False,False,False,8.5,17.5
827000,,,VELVETFRUIT_EXTRACT,XIRECS,5257.0,8,0,5254.0,5251,5257,5251.0,5257.0,0.0,0.0,0.0,1,at_or_above_ask_touch,5254.0,5240.0,5261.5,5235.5,5261.5,5235.5,5284.5,5256.5,2.5,5261.5,7.5,5256.5,2.5,False,False,False,False,False,False,False,False,False,False,False,False,False,False,False,False,False,False,21.5,4.5
830900,,,VELVETFRUIT_EXTRACT,XIRECS,5254.0,7,0,5256.5,5254,5259,5254.0,5260.0,0.550561797752809,0.0,0.1694915254237288,-1,at_or_below_bid_touch,5256.5,5244.0,5262.0,5235.5,5262.0,5235.5,5284.5,5252.5,-4.0,5263.0,6.5,5255.5,-1.0,False,False,False,False,False,False,False,False,False,False,False,False,False,False,False,False,False,False,18.5,8.0
831400,,,VELVETFRUIT_EXTRACT,XIRECS,5258.0,8,0,5256.5,5255,5258,5253.0,5259.0,-0.6551724137931034,0.04424778761061947,0.2857142857142857,1,at_or_above_ask_touch,5256.5,5244.0,5262.0,5235.5,5262.0,5235.5,5284.5,5255.5,-1.0,5256.0,-0.5,5254.0,-2.5,False,False,False,False,False,False,False,False,False,False,False,False,False,False,False,False,False,False,22.5,4.0
832500,,,VELVETFRUIT_EXTRACT,XIRECS,5255.0,14,0,5254.5,5254,5255,5253.0,5259.0,0.034482758620689655,-0.12727272727272726,-0.18518518518518517,1,at_or_above_ask_touch,5254.5,5244.0,5262.0,5235.5,5262.0,5235.5,5284.5,5258.5,4.0,5255.0,0.5,5253.0,-1.5,False,False,False,False,False,False,False,False,False,False,False,False,False,False,False,False,False,False,19.5,7.0
836300,,,VELVETFRUIT_EXTRACT,XIRECS,5252.0,7,0,5255.0,5252,5258,5252.0,5258.0,0.0,0.0,0.0,-1,at_or_below_bid_touch,5255.0,5244.0,5262.0,5235.5,5262.0,5235.5,5284.5,5260.5,5.5,5259.0,4.0,5253.5,-1.5,False,False,False,False,False,False,False,False,False,False,False,False,False,False,False,False,False,False,16.5,10.0
838200,,,VELVETFRUIT_EXTRACT,XIRECS,5259.0,6,0,5256.0,5253,5259,5253.0,5259.0,0.0,0.0,0.0,1,at_or_above_ask_touch,5256.0,5244.0,5262.0,5235.5,5262.0,5235.5,5284.5,5252.0,-4.0,5259.5,3.5,5250.0,-6.0,False,False,False,False,False,False,False,False,False,False,False,False,False,False,False,False,False,False,23.5,3.0
838500,,,VELVETFRUIT_EXTRACT,XIRECS,5255.0,5,0,5254.0,5253,5255,5253.0,5259.0,0.8275862068965517,-0.04504504504504504,0.0,1,at_or_above_ask_touch,5254.0,5244.0,5262.0,5235.5,5262.0,5235.5,5284.5,5251.5,-2.5,5256.5,2.5,5250.5,-3.5,False,False,False,False,False,False,False,False,False,False,False,False,False,False,False,False,False,False,19.5,7.0
838800,,,VELVETFRUIT_EXTRACT,XIRECS,5259.0,5,0,5256.5,5254,5259,5254.0,5260.0,0.4936708860759494,0.0,0.20408163265306123,1,at_or_above_ask_touch,5256.5,5244.0,5262.0,5235.5,5262.0,5235.5,5284.5,5250.5,-6.0,5254.5,-2.0,5253.5,-3.0,False,False,False,False,False,False,False,False,False,False,False,False,False,False,False,False,False,False,23.5,3.0
840700,,,VELVETFRUIT_EXTRACT,XIRECS,5260.0,13,0,5259.0,5258,5260,5258.0,5264.0,0.59375,-0.11304347826086956,0.0,1,at_or_above_ask_touch,5259.0,5244.0,5262.0,5235.5,5262.0,5235.5,5284.5,5258.5,-0.5,5253.5,-5.5,5254.5,-4.5,False,False,False,False,False,True,False,False,False,False,False,True,False,False,False,False,False,False,24.5,2.0
841900,,,VELVETFRUIT_EXTRACT,XIRECS,5259.0,3,0,5256.5,5254,5259,5253.0,5259.0,-0.4647887323943662,0.0,-0.2235294117647059,1,at_or_above_ask_touch,5256.5,5244.0,5263.0,5235.5,5263.0,5235.5,5284.5,5262.5,6.0,5256.5,0.0,5258.5,2.0,False,False,False,False,False,False,False,False,False,False,False,False,False,False,False,False,False,False,23.5,4.0
842800,,,VELVETFRUIT_EXTRACT,XIRECS,5256.0,8,0,5253.5,5251,5256,5251.0,5257.0,0.4945054945054945,0.0,0.20353982300884957,1,at_or_above_ask_touch,5253.5,5244.0,5263.0,5235.5,5263.0,5235.5,5284.5,5258.5,5.0,5250.5,-3.0,5259.5,6.0,False,False,False,False,False,False,False,False,False,False,False,False,False,False,False,False,False,False,20.5,7.0
844000,,,VELVETFRUIT_EXTRACT,XIRECS,5254.0,7,0,5251.0,5248,5254,5248.0,5254.0,0.0,0.0,0.0,1,at_or_above_ask_touch,5251.0,5244.0,5263.0,5235.5,5263.0,5235.5,5284.5,5252.5,1.5,5255.5,4.5,5253.5,2.5,False,False,False,False,False,False,False,False,False,False,False,False,False,False,False,False,False,False,18.5,9.0
851700,,,VELVETFRUIT_EXTRACT,XIRECS,5252.0,4,0,5254.5,5252,5257,5252.0,5258.0,0.5384615384615384,0.0,0.17647058823529413,-1,at_or_below_bid_touch,5254.5,5250.5,5263.5,5240.0,5263.5,5235.5,5284.5,5256.5,2.0,5253.0,-1.5,5253.5,-1.0,False,False,False,False,True,False,False,False,False,False,False,False,False,False,False,False,False,False,12.0,11.5
856600,,,VELVETFRUIT_EXTRACT,XIRECS,5257.0,10,0,5258.5,5257,5260,5254.0,5260.0,-0.9016393442622951,0.025210084033613446,-0.23404255319148937,-1,at_or_below_bid_touch,5258.5,5250.5,5263.5,5240.0,5263.5,5235.5,5273.5,5253.5,-5.0,5259.5,1.0,5241.5,-17.0,False,False,False,False,False,False,False,False,False,False,False,False,False,False,False,False,False,False,17.0,6.5
861800,,,VELVETFRUIT_EXTRACT,XIRECS,5256.0,3,0,5253.5,5251,5256,5250.0,5257.0,0.0,0.0,0.0,1,at_or_above_ask_touch,5253.5,5250.5,5263.5,5244.0,5263.5,5235.5,5264.5,5257.5,4.0,5262.0,8.5,5257.5,4.0,False,False,False,False,False,False,False,False,False,False,False,False,False,False,False,False,False,False,12.0,7.5
863700,,,VELVETFRUIT_EXTRACT,XIRECS,5255.0,5,0,5252.5,5250,5255,5249.0,5255.0,-0.5164835164835165,0.0,-0.1896551724137931,1,at_or_above_ask_touch,5252.5,5245.5,5263.5,5244.0,5263.5,5235.5,5264.5,5263.5,11.0,5263.0,10.5,5264.5,12.0,False,False,False,False,False,False,False,False,False,False,False,False,False,False,False,False,False,False,11.0,8.5
864900,,,VELVETFRUIT_EXTRACT,XIRECS,5251.0,7,0,5248.5,5246,5251,5246.0,5252.0,0.375,0.0,0.29411764705882354,1,at_or_above_ask_touch,5248.5,5245.5,5263.5,5244.0,5263.5,5235.5,5264.5,5268.5,20.0,5258.5,10.0,5259.5,11.0,False,False,False,False,False,False,False,False,False,False,False,False,False,False,False,False,False,False,7.0,12.5
866200,,,VELVETFRUIT_EXTRACT,XIRECS,5255.0,3,0,5257.5,5255,5260,5254.0,5261.0,0.0,0.0,0.0,-1,at_or_below_bid_touch,5257.5,5245.5,5263.5,5244.0,5263.5,5235.5,5264.5,5263.0,5.5,5257.5,0.0,5255.5,-2.0,False,False,False,False,False,False,False,False,False,False,False,False,False,False,False,False,False,False,11.0,8.5
869000,,,VELVETFRUIT_EXTRACT,XIRECS,5265.0,5,0,5267.5,5265,5270,5264.0,5270.0,-0.5161290322580645,0.0,-0.189873417721519,-1,at_or_below_bid_touch,5267.5,5245.5,5267.5,5244.0,5267.5,5235.5,5267.5,5263.5,-4.0,5259.5,-8.0,5254.0,-13.5,False,False,False,False,False,False,False,False,False,False,False,False,False,False,False,False,False,False,21.0,2.5
870200,,,VELVETFRUIT_EXTRACT,XIRECS,5271.0,6,0,5268.5,5266,5271,5265.0,5272.0,0.0,0.0,0.0,1,at_or_above_ask_touch,5268.5,5245.5,5270.0,5244.0,5270.0,5235.5,5270.0,5259.5,-9.0,5256.5,-12.0,5258.5,-10.0,False,True,False,True,False,True,False,True,False,True,False,True,False,True,False,True,False,True,27.0,-1.0
871100,,,VELVETFRUIT_EXTRACT,XIRECS,5270.0,4,0,5267.0,5264,5270,5264.0,5270.0,0.0,0.0,0.0,1,at_or_above_ask_touch,5267.0,5245.5,5270.0,5244.0,5270.0,5235.5,5270.0,5259.5,-7.5,5253.5,-13.5,5260.5,-6.5,False,True,False,True,False,True,False,True,False,True,False,True,False,True,False,True,False,True,26.0,0.0
871200,,,VELVETFRUIT_EXTRACT,XIRECS,5264.0,9,0,5263.0,5262,5264,5262.0,5268.0,0.7352941176470589,-0.07086614173228346,0.2553191489361702,1,at_or_above_ask_touch,5263.0,5245.5,5270.0,5244.0,5270.0,5235.5,5270.0,5257.5,-5.5,5254.0,-9.0,5263.0,0.0,False,False,False,False,False,False,False,False,False,False,False,False,False,False,False,False,False,False,20.0,6.0
878600,,,VELVETFRUIT_EXTRACT,XIRECS,5260.0,5,0,5257.5,5255,5260,5255.0,5261.0,0.5632183908045977,0.0,0.1623931623931624,1,at_or_above_ask_touch,5257.5,5245.5,5270.0,5245.5,5270.0,5235.5,5270.0,5250.5,-7.0,5250.5,-7.0,5274.5,17.0,False,False,False,False,False,False,False,False,False,False,False,False,False,False,False,False,False,False,14.5,10.0
880800,,,VELVETFRUIT_EXTRACT,XIRECS,5258.0,5,0,5255.5,5253,5258,5252.0,5259.0,0.0,0.0,0.0,1,at_or_above_ask_touch,5255.5,5245.5,5270.0,5245.5,5270.0,5235.5,5270.0,5252.5,-3.0,5254.0,-1.5,5265.5,10.0,False,False,False,False,False,False,False,False,False,False,False,False,False,False,False,False,False,False,12.5,12.0
882600,,,VELVETFRUIT_EXTRACT,XIRECS,5251.0,10,0,5250.5,5250,5251,5249.0,5256.0,0.25925925925925924,-0.09259259259259259,0.0,1,at_or_above_ask_touch,5250.5,5245.5,5270.0,5245.5,5270.0,5235.5,5270.0,5249.5,-1.0,5259.0,8.5,5263.5,13.0,False,False,False,False,False,False,False,False,False,False,False,False,False,False,False,False,False,False,5.5,19.0
882800,,,VELVETFRUIT_EXTRACT,XIRECS,5248.0,8,0,5251.0,5248,5254,5248.0,5254.0,0.0,0.0,0.0,-1,at_or_below_bid_touch,5251.0,5245.5,5270.0,5245.5,5270.0,5235.5,5270.0,5247.5,-3.5,5259.5,8.5,5263.5,12.5,False,False,False,False,False,False,False,False,False,False,False,False,False,False,False,False,False,False,2.5,22.0
885800,,,VELVETFRUIT_EXTRACT,XIRECS,5250.0,5,0,5252.5,5250,5255,5249.0,5255.0,-0.46808510638297873,0.0,-0.22123893805309736,-1,at_or_below_bid_touch,5252.5,5248.0,5270.0,5245.5,5270.0,5235.5,5270.0,5254.0,1.5,5260.5,8.0,5261.5,9.0,False,False,False,False,True,False,False,False,False,False,False,False,False,False,False,False,False,False,4.5,20.0
886700,,,VELVETFRUIT_EXTRACT,XIRECS,5252.0,6,0,5251.0,5250,5252,5250.0,5256.0,0.8064516129032258,-0.05084745762711865,0.15463917525773196,1,at_or_above_ask_touch,5251.0,5248.0,5270.0,5245.5,5270.0,5235.5,5270.0,5258.5,7.5,5259.0,8.0,5259.0,8.0,False,False,False,False,False,False,False,False,False,False,False,False,False,False,False,False,False,False,6.5,18.0
891400,,,VELVETFRUIT_EXTRACT,XIRECS,5255.0,6,0,5257.5,5255,5260,5254.0,5260.0,-0.49295774647887325,0.0,-0.20454545454545456,-1,at_or_below_bid_touch,5257.5,5247.5,5265.5,5245.5,5270.0,5235.5,5270.0,5260.0,2.5,5254.5,-3.0,5250.0,-7.5,False,False,False,False,False,False,False,False,False,False,False,False,False,False,False,False,False,False,9.5,15.0
893500,,,VELVETFRUIT_EXTRACT,XIRECS,5254.0,3,0,5256.5,5254,5259,5253.0,5259.0,-0.5238095238095238,0.0,-0.18518518518518517,-1,at_or_below_bid_touch,5256.5,5247.5,5265.5,5245.5,5270.0,5235.5,5270.0,5261.5,5.0,5245.5,-11.0,5250.0,-6.5,False,False,False,False,False,False,False,False,False,False,False,False,False,False,False,False,False,False,8.5,16.0
893800,,,VELVETFRUIT_EXTRACT,XIRECS,5253.0,5,0,5252.0,5251,5253,5251.0,5257.0,0.8245614035087719,-0.045871559633027525,0.18181818181818182,1,at_or_above_ask_touch,5252.0,5247.5,5265.5,5245.5,5270.0,5235.5,5270.0,5262.5,10.5,5244.5,-7.5,5250.5,-1.5,False,False,False,False,False,False,False,False,False,False,False,False,False,False,False,False,False,False,7.5,17.0
895100,,,VELVETFRUIT_EXTRACT,XIRECS,5255.0,5,0,5254.0,5253,5255,5253.0,5259.0,0.7922077922077922,-0.0547945205479452,0.2,1,at_or_above_ask_touch,5254.0,5247.5,5261.5,5245.5,5270.0,5235.5,5270.0,5256.0,2.0,5238.5,-15.5,5246.5,-7.5,False,False,False,False,False,False,False,False,False,False,False,False,False,False,False,False,False,False,9.5,15.0
898300,,,VELVETFRUIT_EXTRACT,XIRECS,5259.0,8,0,5260.5,5259,5262,5259.0,5265.0,0.8,-0.05263157894736842,0.0,-1,at_or_below_bid_touch,5260.5,5247.5,5261.5,5245.5,5270.0,5240.0,5270.0,5246.0,-14.5,5246.5,-14.0,5244.5,-16.0,False,False,False,False,False,False,False,False,False,False,False,False,False,False,False,False,False,False,13.5,11.0
904700,,,VELVETFRUIT_EXTRACT,XIRECS,5239.0,7,0,5241.5,5239,5244,5238.0,5244.0,-0.5802469135802469,0.0,-0.15315315315315314,-1,at_or_below_bid_touch,5241.5,5240.0,5263.0,5240.0,5270.0,5240.0,5270.0,5246.0,4.5,5258.0,16.5,5232.5,-9.0,True,False,True,False,True,False,True,False,True,False,True,False,True,False,True,False,True,False,-1.0,31.0
908800,,,VELVETFRUIT_EXTRACT,XIRECS,5243.0,7,0,5246.0,5243,5249,5243.0,5249.0,0.0,0.0,0.0,-1,at_or_below_bid_touch,5246.0,5238.5,5263.0,5238.5,5270.0,5238.5,5270.0,5262.5,16.5,5254.0,8.0,5232.5,-13.5,False,False,False,False,False,False,False,False,False,False,False,False,False,False,False,False,False,False,4.5,27.0
909100,,,VELVETFRUIT_EXTRACT,XIRECS,5243.0,3,0,5245.5,5243,5248,5242.0,5248.0,-0.5161290322580645,0.0,-0.189873417721519,-1,at_or_below_bid_touch,5245.5,5238.5,5263.0,5238.5,5270.0,5238.5,5270.0,5262.0,16.5,5254.0,8.5,5232.5,-13.0,False,False,False,False,False,False,False,False,False,False,False,False,False,False,False,False,False,False,4.5,27.0
910400,,,VELVETFRUIT_EXTRACT,XIRECS,5247.0,5,0,5249.5,5247,5252,5247.0,5253.0,0.5348837209302325,0.0,0.17857142857142858,-1,at_or_below_bid_touch,5249.5,5238.5,5263.0,5238.5,5270.0,5238.5,5270.0,5257.5,8.0,5257.5,8.0,5234.5,-15.0,False,False,False,False,False,False,False,False,False,False,False,False,False,False,False,False,False,False,8.5,23.0
912800,,,VELVETFRUIT_EXTRACT,XIRECS,5259.0,5,0,5261.5,5259,5264,5258.0,5265.0,0.0,0.0,0.0,-1,at_or_below_bid_touch,5261.5,5238.5,5263.0,5238.5,5270.0,5238.5,5270.0,5253.5,-8.0,5266.5,5.0,5234.5,-27.0,False,False,False,False,False,False,False,False,False,False,False,False,False,False,False,False,False,False,20.5,11.0
913400,,,VELVETFRUIT_EXTRACT,XIRECS,5267.0,5,0,5264.5,5262,5267,5261.0,5267.0,-0.5280898876404494,0.0,-0.1826086956521739,1,at_or_above_ask_touch,5264.5,5238.5,5265.5,5238.5,5270.0,5238.5,5270.0,5251.5,-13.0,5268.5,4.0,5237.5,-27.0,False,True,False,True,False,True,False,False,False,False,False,False,False,False,False,False,False,False,28.5,3.0
913800,,,VELVETFRUIT_EXTRACT,XIRECS,5260.0,7,0,5262.5,5260,5265,5259.0,5266.0,0.0,0.0,0.0,-1,at_or_below_bid_touch,5262.5,5238.5,5265.5,5238.5,5270.0,5238.5,5270.0,5254.0,-8.5,5270.5,8.0,5239.5,-23.0,False,False,False,False,False,False,False,False,False,False,False,False,False,False,False,False,False,False,21.5,10.0
914400,,,VELVETFRUIT_EXTRACT,XIRECS,5256.0,7,0,5258.5,5256,5261,5256.0,5262.0,0.475,0.0,0.21649484536082475,-1,at_or_below_bid_touch,5258.5,5238.5,5265.5,5238.5,5270.0,5238.5,5270.0,5255.5,-3.0,5274.5,16.0,5240.5,-18.0,False,False,False,False,False,False,False,False,False,False,False,False,False,False,False,False,False,False,17.5,14.0
915000,,,VELVETFRUIT_EXTRACT,XIRECS,5257.0,7,0,5259.5,5257,5262,5256.0,5262.0,-0.5277777777777778,0.0,-0.1827956989247312,-1,at_or_below_bid_touch,5259.5,5238.5,5265.5,5238.5,5270.0,5238.5,5270.0,5257.5,-2.0,5276.5,17.0,5241.5,-18.0,False,False,False,False,False,False,False,False,False,False,False,False,False,False,False,False,False,False,18.5,13.0
916300,,,VELVETFRUIT_EXTRACT,XIRECS,5259.0,6,0,5256.5,5254,5259,5254.0,5260.0,0.4473684210526316,0.0,0.23595505617977527,1,at_or_above_ask_touch,5256.5,5238.5,5265.5,5238.5,5270.0,5238.5,5270.0,5262.0,5.5,5273.5,17.0,5239.0,-17.5,False,False,False,False,False,False,False,False,False,False,False,False,False,False,False,False,False,False,20.5,11.0
917000,,,VELVETFRUIT_EXTRACT,XIRECS,5259.0,4,0,5256.5,5254,5259,5253.0,5259.0,-0.5121951219512195,0.0,-0.19230769230769232,1,at_or_above_ask_touch,5256.5,5238.5,5265.5,5238.5,5270.0,5238.5,5270.0,5262.5,6.0,5276.0,19.5,5236.0,-20.5,False,False,False,False,False,False,False,False,False,False,False,False,False,False,False,False,False,False,20.5,11.0
920500,,,VELVETFRUIT_EXTRACT,XIRECS,5255.0,8,0,5257.5,5255,5260,5254.0,5260.0,-0.5428571428571428,0.0,-0.17391304347826086,-1,at_or_below_bid_touch,5257.5,5238.5,5265.5,5238.5,5269.5,5238.5,5270.0,5274.0,16.5,5268.5,11.0,5225.5,-32.0,False,False,False,False,False,False,False,False,False,False,False,False,False,False,False,False,False,False,16.5,14.5
920600,,,VELVETFRUIT_EXTRACT,XIRECS,5254.0,7,0,5256.5,5254,5259,5254.0,5260.0,0.42857142857142855,0.0,0.25,-1,at_or_below_bid_touch,5256.5,5238.5,5265.5,5238.5,5268.5,5238.5,5270.0,5272.0,15.5,5267.5,11.0,5225.0,-31.5,False,False,False,False,False,False,False,False,False,False,False,False,False,False,False,False,False,False,15.5,14.5
922000,,,VELVETFRUIT_EXTRACT,XIRECS,5260.0,6,0,5262.5,5260,5265,5260.0,5266.0,0.5072463768115942,0.0,0.19540229885057472,-1,at_or_below_bid_touch,5262.5,5238.5,5265.5,5238.5,5265.5,5238.5,5270.0,5276.0,13.5,5264.5,2.0,5228.5,-34.0,False,False,False,False,False,False,False,False,False,False,False,False,False,False,False,False,False,False,21.5,5.5
925100,,,VELVETFRUIT_EXTRACT,XIRECS,5279.0,4,0,5276.5,5274,5279,5273.0,5279.0,-0.5,0.0,-0.2,1,at_or_above_ask_touch,5276.5,5238.5,5276.5,5238.5,5276.5,5238.5,5276.5,5270.5,-6.0,5261.5,-15.0,5233.0,-43.5,False,True,False,True,False,True,False,True,False,True,False,True,False,True,False,True,False,True,40.5,-2.5
925200,,,VELVETFRUIT_EXTRACT,XIRECS,5279.0,4,0,5276.0,5273,5279,5273.0,5279.0,0.0,0.0,0.0,1,at_or_above_ask_touch,5276.0,5239.5,5276.5,5238.5,5276.5,5238.5,5276.5,5268.5,-7.5,5260.0,-16.0,5234.0,-42.0,False,True,False,True,False,True,False,True,False,True,False,True,False,True,False,True,False,True,40.5,-2.5
925600,,,VELVETFRUIT_EXTRACT,XIRECS,5273.0,6,0,5272.0,5271,5273,5271.0,5277.0,0.7735849056603774,-0.06,0.22077922077922077,1,at_or_above_ask_touch,5272.0,5240.5,5276.5,5238.5,5276.5,5238.5,5276.5,5267.5,-4.5,5261.5,-10.5,5233.5,-38.5,False,False,False,False,False,False,False,False,False,False,False,False,False,False,False,False,False,False,34.5,3.5
928800,,,VELVETFRUIT_EXTRACT,XIRECS,5273.0,5,0,5275.5,5273,5278,5272.0,5278.0,-0.5106382978723404,0.0,-0.19327731092436976,-1,at_or_below_bid_touch,5275.5,5244.0,5278.0,5238.5,5278.0,5238.5,5278.0,5262.0,-13.5,5257.0,-18.5,5239.5,-36.0,False,False,False,False,False,False,False,False,False,False,False,False,False,False,False,False,False,False,34.5,5.0
930900,,,VELVETFRUIT_EXTRACT,XIRECS,5264.0,6,0,5266.5,5264,5269,5263.0,5270.0,0.0,0.0,0.0,-1,at_or_below_bid_touch,5266.5,5250.5,5278.0,5238.5,5278.0,5238.5,5278.0,5263.5,-3.0,5250.5,-16.0,5245.5,-21.0,False,False,False,False,False,False,False,False,False,False,False,False,False,False,False,False,False,False,25.5,14.0
932600,,,VELVETFRUIT_EXTRACT,XIRECS,5262.0,8,0,5263.5,5262,5265,5259.0,5265.0,-0.96875,0.007874015748031496,-0.1559633027522936,-1,at_or_below_bid_touch,5263.5,5250.5,5278.0,5238.5,5278.0,5238.5,5278.0,5260.5,-3.0,5248.5,-15.0,5244.5,-19.0,False,False,False,False,False,False,False,False,False,False,False,False,False,False,False,False,False,False,23.5,16.0
933200,,,VELVETFRUIT_EXTRACT,XIRECS,5266.0,4,0,5263.5,5261,5266,5261.0,5267.0,0.5348837209302325,0.0,0.17857142857142858,1,at_or_above_ask_touch,5263.5,5250.5,5278.0,5238.5,5278.0,5238.5,5278.0,5259.0,-4.5,5250.0,-13.5,5242.5,-21.0,False,False,False,False,False,False,False,False,False,False,False,False,False,False,False,False,False,False,27.5,12.0
935100,,,VELVETFRUIT_EXTRACT,XIRECS,5259.0,4,0,5261.5,5259,5264,5258.0,5265.0,0.0,0.0,0.0,-1,at_or_below_bid_touch,5261.5,5250.5,5278.0,5238.5,5278.0,5238.5,5278.0,5253.5,-8.0,5246.5,-15.0,5242.5,-19.0,False,False,False,False,False,False,False,False,False,False,False,False,False,False,False,False,False,False,20.5,19.0
936200,,,VELVETFRUIT_EXTRACT,XIRECS,5257.0,7,0,5260.0,5257,5263,5257.0,5263.0,0.0,0.0,0.0,-1,at_or_below_bid_touch,5260.0,5250.5,5278.0,5238.5,5278.0,5238.5,5278.0,5250.5,-9.5,5246.5,-13.5,5242.5,-17.5,False,False,False,False,False,False,False,False,False,False,False,False,False,False,False,False,False,False,18.5,21.0
937400,,,VELVETFRUIT_EXTRACT,XIRECS,5265.0,3,0,5262.5,5260,5265,5260.0,5266.0,0.4025974025974026,0.0,0.27058823529411763,1,at_or_above_ask_touch,5262.5,5250.5,5278.0,5238.5,5278.0,5238.5,5278.0,5248.5,-14.0,5242.5,-20.0,5248.5,-14.0,False,False,False,False,False,False,False,False,False,False,False,False,False,False,False,False,False,False,26.5,13.0
937600,,,VELVETFRUIT_EXTRACT,XIRECS,5258.0,3,0,5260.5,5258,5263,5258.0,5264.0,0.5454545454545454,0.0,0.1724137931034483,-1,at_or_below_bid_touch,5260.5,5250.5,5278.0,5238.5,5278.0,5238.5,5278.0,5248.5,-12.0,5244.5,-16.0,5247.0,-13.5,False,False,False,False,False,False,False,False,False,False,False,False,False,False,False,False,False,False,19.5,20.0
938300,,,VELVETFRUIT_EXTRACT,XIRECS,5254.0,4,0,5257.0,5254,5260,5254.0,5260.0,0.0,0.0,0.0,-1,at_or_below_bid_touch,5257.0,5251.5,5278.0,5238.5,5278.0,5238.5,5278.0,5249.5,-7.5,5244.5,-12.5,5245.5,-11.5,False,False,False,False,False,False,False,False,False,False,False,False,False,False,False,False,False,False,15.5,24.0
938600,,,VELVETFRUIT_EXTRACT,XIRECS,5254.0,6,0,5256.5,5254,5259,5254.0,5260.0,0.5319148936170213,0.0,0.18032786885245902,-1,at_or_below_bid_touch,5256.5,5253.5,5278.0,5238.5,5278.0,5238.5,5278.0,5250.5,-6.0,5243.5,-13.0,5246.5,-10.0,False,False,True,False,True,False,False,False,False,False,False,False,False,False,False,False,False,False,15.5,24.0
939400,,,VELVETFRUIT_EXTRACT,XIRECS,5255.0,8,0,5252.5,5250,5255,5249.0,5255.0,-0.5064935064935064,0.0,-0.1958762886597938,1,at_or_above_ask_touch,5252.5,5252.5,5278.0,5238.5,5278.0,5238.5,5278.0,5249.5,-3.0,5243.0,-9.5,5246.5,-6.0,False,False,False,False,False,False,False,False,False,False,False,False,False,False,False,False,False,False,16.5,23.0
947500,,,VELVETFRUIT_EXTRACT,XIRECS,5242.0,8,0,5241.0,5240,5242,5240.0,5246.0,0.7681159420289855,-0.06153846153846154,0.0,1,at_or_above_ask_touch,5241.0,5241.0,5278.0,5238.5,5278.0,5238.5,5278.0,5240.5,-0.5,5229.5,-11.5,5246.5,5.5,False,False,True,False,True,False,False,False,False,False,False,False,False,False,False,False,False,False,3.5,36.0
949500,,,VELVETFRUIT_EXTRACT,XIRECS,5246.0,6,0,5243.5,5241,5246,5240.0,5246.0,-0.5555555555555556,0.0,-0.16666666666666666,1,at_or_above_ask_touch,5243.5,5241.0,5271.5,5238.5,5278.0,5238.5,5278.0,5233.5,-10.0,5232.5,-11.0,5244.5,1.0,False,False,False,False,False,False,False,False,False,False,False,False,False,False,False,False,False,False,7.5,32.0
951600,,,VELVETFRUIT_EXTRACT,XIRECS,5236.0,5,0,5238.5,5236,5241,5235.0,5241.0,-0.47368421052631576,0.0,-0.21739130434782608,-1,at_or_below_bid_touch,5238.5,5237.5,5266.5,5237.5,5278.0,5237.5,5278.0,5228.5,-10.0,5235.5,-3.0,,,True,False,True,False,True,False,True,False,True,False,True,False,True,False,True,False,True,False,-1.5,42.0
952000,,,VELVETFRUIT_EXTRACT,XIRECS,5242.0,7,0,5239.5,5237,5242,5236.0,5242.0,-0.6049382716049383,0.0,-0.14035087719298245,1,at_or_above_ask_touch,5239.5,5237.5,5266.5,5237.5,5278.0,5237.5,5278.0,5226.5,-13.0,5236.0,-3.5,,,False,False,False,False,False,False,False,False,False,False,False,False,False,False,False,False,False,False,4.5,36.0
954600,,,VELVETFRUIT_EXTRACT,XIRECS,5235.0,3,0,5232.5,5230,5235,5230.0,5236.0,0.5581395348837209,0.0,0.16521739130434782,1,at_or_above_ask_touch,5232.5,5231.5,5263.5,5231.5,5278.0,5231.5,5278.0,5230.5,-2.0,5242.5,10.0,,,False,False,False,False,False,False,False,False,False,False,False,False,False,False,False,False,False,False,3.5,43.0
955100,,,VELVETFRUIT_EXTRACT,XIRECS,5226.0,8,0,5229.0,5226,5232,5226.0,5232.0,0.0,0.0,0.0,-1,at_or_below_bid_touch,5229.0,5228.5,5263.5,5228.5,5278.0,5228.5,5278.0,5233.5,4.5,5240.5,11.5,,,True,False,True,False,True,False,True,False,True,False,True,False,True,False,True,False,True,False,-2.5,52.0
958900,,,VELVETFRUIT_EXTRACT,XIRECS,5228.0,7,0,5230.5,5228,5233,5228.0,5234.0,0.44,0.0,0.2413793103448276,-1,at_or_below_bid_touch,5230.5,5226.5,5254.5,5226.5,5278.0,5226.5,5278.0,5240.5,10.0,5230.5,0.0,,,False,False,False,False,True,False,False,False,False,False,True,False,False,False,False,False,True,False,1.5,50.0
960600,,,VELVETFRUIT_EXTRACT,XIRECS,5231.0,5,0,5233.5,5231,5236,5230.0,5237.0,0.0,0.0,0.0,-1,at_or_below_bid_touch,5233.5,5226.5,5252.5,5226.5,5278.0,5226.5,5278.0,5237.0,3.5,5225.0,-8.5,,,False,False,False,False,False,False,False,False,False,False,False,False,False,False,False,False,False,False,4.5,47.0
961200,,,VELVETFRUIT_EXTRACT,XIRECS,5230.0,8,0,5233.0,5230,5236,5230.0,5236.0,0.0,0.0,0.0,-1,at_or_below_bid_touch,5233.0,5226.5,5251.5,5226.5,5278.0,5226.5,5278.0,5238.5,5.5,5226.0,-7.0,,,False,False,False,False,False,False,False,False,False,False,False,False,False,False,False,False,False,False,3.5,48.0
963500,,,VELVETFRUIT_EXTRACT,XIRECS,5236.0,3,0,5238.5,5236,5241,5235.0,5241.0,-0.5308641975308642,0.0,-0.18095238095238095,-1,at_or_below_bid_touch,5238.5,5226.5,5251.5,5226.5,5278.0,5226.5,5278.0,5231.5,-7.0,5233.5,-5.0,,,False,False,False,False,False,False,False,False,False,False,False,False,False,False,False,False,False,False,9.5,42.0
965600,,,VELVETFRUIT_EXTRACT,XIRECS,5238.0,8,0,5237.0,5236,5238,5236.0,5242.0,0.7922077922077922,-0.0547945205479452,0.21052631578947367,1,at_or_above_ask_touch,5237.0,5226.5,5247.5,5226.5,5278.0,5226.5,5278.0,5225.0,-12.0,5233.5,-3.5,,,False,False,False,False,False,False,False,False,False,False,False,False,False,False,False,False,False,False,11.5,40.0
968200,,,VELVETFRUIT_EXTRACT,XIRECS,5232.0,6,0,5234.5,5232,5237,5231.0,5238.0,0.0,0.0,0.0,-1,at_or_below_bid_touch,5234.5,5226.5,5244.5,5226.5,5278.0,5226.5,5278.0,5232.5,-2.0,5236.5,2.0,,,False,False,False,False,False,False,False,False,False,False,False,False,False,False,False,False,False,False,5.5,46.0
969800,,,VELVETFRUIT_EXTRACT,XIRECS,5232.0,8,0,5229.5,5227,5232,5226.0,5233.0,0.0,0.0,0.0,1,at_or_above_ask_touch,5229.5,5226.5,5244.5,5226.5,5278.0,5226.5,5278.0,5231.5,2.0,5240.0,10.5,,,False,False,False,False,False,False,False,False,False,False,False,False,False,False,False,False,False,False,5.5,46.0
971300,,,VELVETFRUIT_EXTRACT,XIRECS,5229.0,3,0,5226.0,5223,5229,5223.0,5229.0,0.0,0.0,0.0,1,at_or_above_ask_touch,5226.0,5224.5,5242.5,5224.5,5278.0,5224.5,5278.0,5235.5,9.5,5243.5,17.5,,,False,False,False,False,False,False,False,False,False,False,False,False,False,False,False,False,False,False,4.5,49.0
971600,,,VELVETFRUIT_EXTRACT,XIRECS,5225.0,7,0,5227.5,5225,5230,5224.0,5230.0,-0.45454545454545453,0.0,-0.23076923076923078,-1,at_or_below_bid_touch,5227.5,5224.5,5242.5,5224.5,5278.0,5224.5,5278.0,5234.0,6.5,5244.5,17.0,,,False,False,True,False,True,False,False,False,True,False,True,False,False,False,True,False,True,False,0.5,53.0
976600,,,VELVETFRUIT_EXTRACT,XIRECS,5231.0,7,0,5234.0,5231,5237,5231.0,5237.0,0.0,0.0,0.0,-1,at_or_below_bid_touch,5234.0,5224.5,5242.5,5224.5,5278.0,5224.5,5278.0,5244.5,10.5,5244.0,10.0,,,False,False,False,False,False,False,False,False,False,False,False,False,False,False,False,False,False,False,6.5,47.0
978300,,,VELVETFRUIT_EXTRACT,XIRECS,5241.0,5,0,5238.5,5236,5241,5235.0,5241.0,-0.4523809523809524,0.0,-0.23232323232323232,1,at_or_above_ask_touch,5238.5,5224.5,5242.5,5224.5,5276.5,5224.5,5278.0,5242.5,4.0,5245.5,7.0,,,False,False,False,False,False,True,False,False,False,False,False,False,False,False,False,False,False,False,16.5,35.5
980400,,,VELVETFRUIT_EXTRACT,XIRECS,5239.0,8,0,5241.5,5239,5244,5238.0,5245.0,0.0,0.0,0.0,-1,at_or_below_bid_touch,5241.5,5224.5,5242.5,5224.5,5268.5,5224.5,5278.0,5243.0,1.5,5244.5,3.0,,,False,False,False,False,False,False,False,False,False,False,False,False,False,False,False,False,False,False,14.5,29.5
984900,,,VELVETFRUIT_EXTRACT,XIRECS,5239.0,4,0,5241.5,5239,5244,5238.0,5245.0,0.0,0.0,0.0,-1,at_or_below_bid_touch,5241.5,5224.5,5245.5,5224.5,5263.5,5224.5,5278.0,5243.5,2.0,5248.5,7.0,,,False,False,False,False,False,False,False,False,False,False,False,False,False,False,False,False,False,False,14.5,24.5
985800,,,VELVETFRUIT_EXTRACT,XIRECS,5239.0,5,0,5241.5,5239,5244,5239.0,5245.0,0.5,0.0,0.2,-1,at_or_below_bid_touch,5241.5,5224.5,5245.5,5224.5,5263.5,5224.5,5278.0,5243.0,1.5,5242.5,1.0,,,False,False,False,False,False,False,False,False,False,False,False,False,False,False,False,False,False,False,14.5,24.5
986900,,,VELVETFRUIT_EXTRACT,XIRECS,5250.0,8,0,5247.5,5245,5250,5244.0,5251.0,0.0,0.0,0.0,1,at_or_above_ask_touch,5247.5,5224.5,5247.5,5224.5,5262.5,5224.5,5278.0,5243.5,-4.0,5242.0,-5.5,,,False,True,False,True,False,True,False,False,False,False,False,False,False,False,False,False,False,False,25.5,12.5
989200,,,VELVETFRUIT_EXTRACT,XIRECS,5247.0,8,0,5244.5,5242,5247,5241.0,5248.0,0.0,0.0,0.0,1,at_or_above_ask_touch,5244.5,5224.5,5248.5,5224.5,5253.5,5224.5,5278.0,5243.5,-1.0,5242.0,-2.5,,,False,False,False,False,False,True,False,False,False,False,False,False,False,False,False,False,False,False,22.5,6.5
989900,,,VELVETFRUIT_EXTRACT,XIRECS,5241.0,4,0,5243.5,5241,5246,5240.0,5246.0,-0.5952380952380952,0.0,-0.1452991452991453,-1,at_or_below_bid_touch,5243.5,5224.5,5248.5,5224.5,5253.5,5224.5,5278.0,5248.5,5.0,5244.0,0.5,,,False,False,False,False,False,False,False,False,False,False,False,False,False,False,False,False,False,False,16.5,12.5
991100,,,VELVETFRUIT_EXTRACT,XIRECS,5244.0,13,0,5243.5,5243,5244,5242.0,5248.0,0.2972972972972973,-0.087248322147651,-0.21428571428571427,1,at_or_above_ask_touch,5243.5,5226.0,5248.5,5224.5,5251.5,5224.5,5278.0,5242.5,-1.0,,,,,False,False,False,False,False,False,False,False,False,False,False,False,False,False,False,False,False,False,19.5,7.5
6100,,,VELVETFRUIT_EXTRACT,XIRECS,5255.0,3,1,5252.5,5250,5255,5249.0,5255.0,-0.4146341463414634,0.0,-0.2608695652173913,1,at_or_above_ask_touch,5252.5,5245.0,5254.5,5245.0,5254.5,5245.0,5254.5,5244.5,-8.0,5231.5,-21.0,5245.5,-7.0,False,True,False,True,False,True,False,True,False,True,False,True,False,True,False,True,False,True,10.0,-0.5
9400,,,VELVETFRUIT_EXTRACT,XIRECS,5244.0,8,1,5243.5,5243,5244,5242.0,5248.0,0.125,-0.11290322580645161,-0.1956521739130435,1,at_or_above_ask_touch,5243.5,5243.5,5254.5,5243.5,5254.5,5243.5,5254.5,5233.5,-10.0,5228.5,-15.0,5247.0,3.5,False,False,True,False,True,False,False,False,True,False,True,False,False,False,True,False,True,False,0.5,10.5
10400,,,VELVETFRUIT_EXTRACT,XIRECS,5240.0,12,1,5239.5,5239,5240,5238.0,5244.0,0.25,-0.08450704225352113,-0.18181818181818182,1,at_or_above_ask_touch,5239.5,5239.5,5254.5,5239.5,5254.5,5239.5,5254.5,5233.5,-6.0,5228.5,-11.0,5248.5,9.0,False,False,True,False,True,False,False,False,True,False,True,False,False,False,True,False,True,False,0.5,14.5
14300,,,VELVETFRUIT_EXTRACT,XIRECS,5238.0,6,1,5235.5,5233,5238,5232.0,5238.0,-0.45054945054945056,0.0,-0.2336448598130841,1,at_or_above_ask_touch,5235.5,5235.5,5254.5,5235.5,5254.5,5235.5,5254.5,5228.5,-7.0,5234.5,-1.0,5242.5,7.0,False,False,False,False,False,False,False,False,False,False,False,False,False,False,False,False,False,False,2.5,16.5
14800,,,VELVETFRUIT_EXTRACT,XIRECS,5232.0,6,1,5234.5,5232,5237,5232.0,5238.0,0.5384615384615384,0.0,0.17647058823529413,-1,at_or_below_bid_touch,5234.5,5233.5,5254.5,5233.5,5254.5,5233.5,5254.5,5228.5,-6.0,5233.5,-1.0,5242.5,8.0,True,False,True,False,True,False,True,False,True,False,True,False,True,False,True,False,True,False,-1.5,22.5
17400,,,VELVETFRUIT_EXTRACT,XIRECS,5230.0,8,1,5229.0,5228,5230,5228.0,5234.0,0.7142857142857143,-0.07692307692307693,0.0,1,at_or_above_ask_touch,5229.0,5229.0,5254.5,5229.0,5254.5,5229.0,5254.5,5229.5,0.5,5236.5,7.5,5248.5,19.5,False,False,True,False,True,False,False,False,True,False,True,False,False,False,True,False,True,False,1.0,24.5
19300,,,VELVETFRUIT_EXTRACT,XIRECS,5226.0,5,1,5228.5,5226,5231,5225.0,5231.0,-0.4864864864864865,0.0,-0.2087912087912088,-1,at_or_below_bid_touch,5228.5,5227.0,5254.5,5227.0,5254.5,5227.0,5254.5,5234.5,6.0,5239.5,11.0,5245.5,17.0,True,False,True,False,True,False,True,False,True,False,True,False,True,False,True,False,True,False,-1.0,28.5
20200,,,VELVETFRUIT_EXTRACT,XIRECS,5224.0,5,1,5226.5,5224,5229,5223.0,5230.0,0.0,0.0,0.0,-1,at_or_below_bid_touch,5226.5,5226.5,5254.5,5226.5,5254.5,5226.5,5254.5,5231.5,5.0,5237.5,11.0,5241.5,15.0,True,False,True,False,True,False,True,False,True,False,True,False,True,False,True,False,True,False,-2.5,30.5
29300,,,VELVETFRUIT_EXTRACT,XIRECS,5237.0,4,1,5239.5,5237,5242,5236.0,5243.0,0.0,0.0,0.0,-1,at_or_below_bid_touch,5239.5,5226.0,5246.5,5226.0,5254.5,5226.0,5254.5,5234.5,-5.0,5234.5,-5.0,5239.5,0.0,False,False,False,False,False,False,False,False,False,False,False,False,False,False,False,False,False,False,11.0,17.5
31700,,,VELVETFRUIT_EXTRACT,XIRECS,5237.0,4,1,5234.5,5232,5237,5231.0,5237.0,-0.4246575342465753,0.0,-0.25301204819277107,1,at_or_above_ask_touch,5234.5,5226.0,5243.0,5226.0,5254.5,5226.0,5254.5,5233.0,-1.5,5228.0,-6.5,5237.0,2.5,False,False,False,False,False,False,False,False,False,False,False,False,False,False,False,False,False,False,11.0,17.5
32600,,,VELVETFRUIT_EXTRACT,XIRECS,5240.0,5,1,5237.5,5235,5240,5234.0,5240.0,-0.48717948717948717,0.0,-0.20833333333333334,1,at_or_above_ask_touch,5237.5,5226.0,5242.5,5226.0,5254.5,5226.0,5254.5,5232.0,-5.5,5230.5,-7.0,5237.5,0.0,False,False,False,False,False,False,False,False,False,False,False,False,False,False,False,False,False,False,14.0,14.5
32800,,,VELVETFRUIT_EXTRACT,XIRECS,5238.0,7,1,5237.0,5236,5238,5236.0,5242.0,0.7586206896551724,-0.06422018348623854,0.0,1,at_or_above_ask_touch,5237.0,5226.0,5242.5,5226.0,5254.5,5226.0,5254.5,5231.5,-5.5,5231.5,-5.5,5235.5,-1.5,False,False,False,False,False,False,False,False,False,False,False,False,False,False,False,False,False,False,12.0,16.5
36500,,,VELVETFRUIT_EXTRACT,XIRECS,5232.0,7,1,5233.5,5232,5235,5229.0,5235.0,-0.7230769230769231,0.0743801652892562,-0.16666666666666666,-1,at_or_below_bid_touch,5233.5,5226.0,5242.5,5226.0,5254.5,5226.0,5254.5,5228.5,-5.0,5246.5,13.0,5236.5,3.0,False,False,False,False,False,False,False,False,False,False,False,False,False,False,False,False,False,False,6.0,22.5
38700,,,VELVETFRUIT_EXTRACT,XIRECS,5228.0,8,1,5231.0,5228,5234,5228.0,5234.0,0.0,0.0,0.0,-1,at_or_below_bid_touch,5231.0,5226.0,5242.5,5226.0,5254.5,5226.0,5254.5,5232.5,1.5,5245.5,14.5,5242.0,11.0,False,False,False,False,True,False,False,False,False,False,True,False,False,False,False,False,True,False,2.0,26.5
39400,,,VELVETFRUIT_EXTRACT,XIRECS,5234.0,5,1,5232.5,5232,5233,5231.0,5237.0,0.3793103448275862,-0.06040268456375839,-0.16666666666666666,1,at_or_above_ask_touch,5232.5,5226.0,5242.5,5226.0,5254.5,5226.0,5254.5,5239.5,7.0,5243.5,11.0,5242.5,10.0,False,False,False,False,False,False,False,False,False,False,False,False,False,False,False,False,False,False,8.0,20.5
39400,,,VELVETFRUIT_EXTRACT,XIRECS,5233.0,9,1,5232.5,5232,5233,5231.0,5237.0,0.3793103448275862,-0.06040268456375839,-0.16666666666666666,1,at_or_above_ask_touch,5232.5,5226.0,5242.5,5226.0,5254.5,5226.0,5254.5,5239.5,7.0,5243.5,11.0,5242.5,10.0,False,False,False,False,False,False,False,False,False,False,False,False,False,False,False,False,False,False,7.0,21.5
39800,,,VELVETFRUIT_EXTRACT,XIRECS,5232.0,4,1,5235.0,5232,5238,5232.0,5238.0,0.0,0.0,0.0,-1,at_or_below_bid_touch,5235.0,5226.0,5242.5,5226.0,5254.5,5226.0,5254.5,5243.5,8.5,5246.5,11.5,5243.5,8.5,False,False,False,False,False,False,False,False,False,False,False,False,False,False,False,False,False,False,6.0,22.5
43600,,,VELVETFRUIT_EXTRACT,XIRECS,5229.0,4,1,5231.5,5229,5234,5229.0,5235.0,0.4117647058823529,0.0,0.2631578947368421,-1,at_or_below_bid_touch,5231.5,5226.0,5242.5,5226.0,5254.5,5226.0,5254.5,5245.5,14.0,5243.5,12.0,5243.5,12.0,False,False,False,False,False,False,False,False,False,False,False,False,False,False,False,False,False,False,3.0,25.5
45400,,,VELVETFRUIT_EXTRACT,XIRECS,5241.0,8,1,5240.0,5239,5241,5239.0,5245.0,0.7647058823529411,-0.0625,0.15384615384615385,1,at_or_above_ask_touch,5240.0,5226.0,5244.5,5226.0,5254.5,5226.0,5254.5,5246.5,6.5,5247.5,7.5,5244.5,4.5,False,False,False,False,False,False,False,False,False,False,False,False,False,False,False,False,False,False,15.0,13.5
47700,,,VELVETFRUIT_EXTRACT,XIRECS,5243.0,4,1,5244.0,5243,5245,5243.0,5249.0,0.7142857142857143,-0.07692307692307693,0.27058823529411763,-1,at_or_below_bid_touch,5244.0,5226.0,5248.5,5226.0,5254.5,5226.0,5254.5,5246.0,2.0,5247.5,3.5,5243.0,-1.0,False,False,False,False,False,False,False,False,False,False,False,False,False,False,False,False,False,False,17.0,11.5
48900,,,VELVETFRUIT_EXTRACT,XIRECS,5241.0,6,1,5243.5,5241,5246,5241.0,5247.0,0.375,0.0,0.29411764705882354,-1,at_or_below_bid_touch,5243.5,5226.0,5248.5,5226.0,5254.5,5226.0,5254.5,5244.5,1.0,5245.5,2.0,5246.5,3.0,False,False,False,False,False,False,False,False,False,False,False,False,False,False,False,False,False,False,15.0,13.5
49800,,,VELVETFRUIT_EXTRACT,XIRECS,5244.0,3,1,5246.5,5244,5249,5244.0,5250.0,0.5208333333333334,0.0,0.18699186991869918,-1,at_or_below_bid_touch,5246.5,5226.0,5248.5,5226.0,5254.5,5226.0,5254.5,5244.5,-2.0,5247.0,0.5,5247.5,1.0,False,False,False,False,False,False,False,False,False,False,False,False,False,False,False,False,False,False,18.0,10.5
51700,,,VELVETFRUIT_EXTRACT,XIRECS,5243.0,4,1,5245.5,5243,5248,5242.0,5249.0,0.0,0.0,0.0,-1,at_or_below_bid_touch,5245.5,5226.0,5248.5,5226.0,5254.5,5226.0,5254.5,5246.0,0.5,5245.5,0.0,5248.5,3.0,False,False,False,False,False,False,False,False,False,False,False,False,False,False,False,False,False,False,17.0,11.5
59600,,,VELVETFRUIT_EXTRACT,XIRECS,5244.0,4,1,5246.5,5244,5249,5243.0,5249.0,-0.5402298850574713,0.0,-0.17543859649122806,-1,at_or_below_bid_touch,5246.5,5226.0,5248.5,5226.0,5248.5,5226.0,5254.5,5242.5,-4.0,5244.5,-2.0,5270.5,24.0,False,False,False,False,False,False,False,False,False,False,False,False,False,False,False,False,False,False,18.0,4.5
60300,,,VELVETFRUIT_EXTRACT,XIRECS,5245.0,5,1,5247.5,5245,5250,5244.0,5251.0,0.0,0.0,0.0,-1,at_or_below_bid_touch,5247.5,5226.0,5248.5,5226.0,5248.5,5226.0,5254.5,5243.5,-4.0,5242.5,-5.0,5267.5,20.0,False,False,False,False,False,False,False,False,False,False,False,False,False,False,False,False,False,False,19.0,3.5
62100,,,VELVETFRUIT_EXTRACT,XIRECS,5243.0,6,1,5245.5,5243,5248,5242.0,5249.0,0.0,0.0,0.0,-1,at_or_below_bid_touch,5245.5,5229.5,5248.5,5226.0,5248.5,5226.0,5254.5,5245.0,-0.5,5243.5,-2.0,5263.5,18.0,False,False,False,False,False,False,False,False,False,False,False,False,False,False,False,False,False,False,17.0,5.5
63200,,,VELVETFRUIT_EXTRACT,XIRECS,5240.0,8,1,5242.5,5240,5245,5239.0,5245.0,-0.48484848484848486,0.0,-0.20987654320987653,-1,at_or_below_bid_touch,5242.5,5229.5,5248.5,5226.0,5248.5,5226.0,5254.5,5246.5,4.0,5237.5,-5.0,5260.0,17.5,False,False,False,False,False,False,False,False,False,False,False,False,False,False,False,False,False,False,14.0,8.5
64200,,,VELVETFRUIT_EXTRACT,XIRECS,5245.0,6,1,5242.5,5240,5245,5239.0,5246.0,0.0,0.0,0.0,1,at_or_above_ask_touch,5242.5,5239.0,5248.5,5226.0,5248.5,5226.0,5254.5,5244.5,2.0,5237.0,-5.5,5264.5,22.0,False,False,False,False,False,False,False,False,False,False,False,False,False,False,False,False,False,False,19.0,3.5
65700,,,VELVETFRUIT_EXTRACT,XIRECS,5240.0,8,1,5242.5,5240,5245,5239.0,5246.0,0.0,0.0,0.0,-1,at_or_below_bid_touch,5242.5,5239.5,5248.5,5226.0,5248.5,5226.0,5254.5,5242.0,-0.5,5237.5,-5.0,5256.5,14.0,False,False,True,False,True,False,False,False,False,False,False,False,False,False,False,False,False,False,14.0,8.5
67700,,,VELVETFRUIT_EXTRACT,XIRECS,5250.0,4,1,5248.5,5247,5250,5244.0,5251.0,-0.3333333333333333,0.072,0.0,1,at_or_above_ask_touch,5248.5,5239.5,5248.5,5226.0,5248.5,5226.0,5254.5,5238.0,-10.5,5237.5,-11.0,5257.5,9.0,False,True,False,True,False,True,False,True,False,True,False,True,False,False,False,False,False,False,24.0,-1.5
73400,,,VELVETFRUIT_EXTRACT,XIRECS,5237.0,8,1,5235.5,5235,5236,5234.0,5240.0,0.42857142857142855,-0.04838709677419355,-0.14563106796116504,1,at_or_above_ask_touch,5235.5,5235.5,5248.5,5226.0,5248.5,5226.0,5254.5,5237.0,1.5,5235.5,0.0,5264.5,29.0,False,False,False,False,True,False,False,False,False,False,False,False,False,False,False,False,False,False,11.0,11.5
73400,,,VELVETFRUIT_EXTRACT,XIRECS,5236.0,6,1,5235.5,5235,5236,5234.0,5240.0,0.42857142857142855,-0.04838709677419355,-0.14563106796116504,1,at_or_above_ask_touch,5235.5,5235.5,5248.5,5226.0,5248.5,5226.0,5254.5,5237.0,1.5,5235.5,0.0,5264.5,29.0,False,False,True,False,True,False,False,False,False,False,False,False,False,False,False,False,False,False,10.0,12.5
74300,,,VELVETFRUIT_EXTRACT,XIRECS,5238.0,6,1,5235.5,5233,5238,5232.0,5239.0,0.0,0.0,0.0,1,at_or_above_ask_touch,5235.5,5235.0,5248.5,5226.0,5248.5,5226.0,5254.5,5239.5,4.0,5232.5,-3.0,5262.0,26.5,False,False,False,False,False,False,False,False,False,False,False,False,False,False,False,False,False,False,12.0,10.5
74400,,,VELVETFRUIT_EXTRACT,XIRECS,5235.0,4,1,5237.5,5235,5240,5234.0,5240.0,-0.45454545454545453,0.0,-0.23076923076923078,-1,at_or_below_bid_touch,5237.5,5235.0,5248.5,5226.0,5248.5,5226.0,5254.5,5239.5,2.0,5232.5,-5.0,5261.5,24.0,True,False,True,False,True,False,False,False,False,False,False,False,False,False,False,False,False,False,9.0,13.5
77300,,,VELVETFRUIT_EXTRACT,XIRECS,5241.0,8,1,5238.5,5236,5241,5235.0,5242.0,0.0,0.0,0.0,1,at_or_above_ask_touch,5238.5,5235.0,5248.5,5226.0,5248.5,5226.0,5254.5,5237.5,-1.0,5239.5,1.0,5264.5,26.0,False,False,False,False,False,False,False,False,False,False,False,False,False,False,False,False,False,False,15.0,7.5
78400,,,VELVETFRUIT_EXTRACT,XIRECS,5238.0,7,1,5237.0,5236,5238,5236.0,5242.0,0.8205128205128205,-0.04697986577181208,0.2033898305084746,1,at_or_above_ask_touch,5237.0,5235.0,5248.5,5226.0,5248.5,5226.0,5254.5,5235.5,-1.5,5242.5,5.5,5263.5,26.5,False,False,False,False,False,False,False,False,False,False,False,False,False,False,False,False,False,False,12.0,10.5
82300,,,VELVETFRUIT_EXTRACT,XIRECS,5235.0,3,1,5237.5,5235,5240,5235.0,5241.0,0.4888888888888889,0.0,0.2072072072072072,-1,at_or_below_bid_touch,5237.5,5235.0,5248.5,5226.0,5248.5,5226.0,5254.5,5239.5,2.0,5242.5,5.0,5264.0,26.5,True,False,True,False,True,False,False,False,False,False,False,False,False,False,False,False,False,False,9.0,13.5
83200,,,VELVETFRUIT_EXTRACT,XIRECS,5237.0,7,1,5234.0,5231,5237,5231.0,5237.0,0.0,0.0,0.0,1,at_or_above_ask_touch,5234.0,5233.5,5248.5,5226.0,5248.5,5226.0,5254.5,5239.0,5.0,5244.5,10.5,5263.5,29.5,False,False,False,False,False,False,False,False,False,False,False,False,False,False,False,False,False,False,11.0,11.5
84600,,,VELVETFRUIT_EXTRACT,XIRECS,5233.0,8,1,5232.0,5231,5233,5231.0,5237.0,0.7714285714285715,-0.06060606060606061,0.0,1,at_or_above_ask_touch,5232.0,5230.5,5248.5,5226.0,5248.5,5226.0,5254.5,5242.5,10.5,5244.5,12.5,5261.5,29.5,False,False,False,False,False,False,False,False,False,False,False,False,False,False,False,False,False,False,7.0,15.5
87900,,,VELVETFRUIT_EXTRACT,XIRECS,5239.0,3,1,5241.5,5239,5244,5238.0,5244.0,-0.5402298850574713,0.0,-0.17543859649122806,-1,at_or_below_bid_touch,5241.5,5230.5,5247.5,5226.0,5248.5,5226.0,5254.5,5242.5,1.0,5242.5,1.0,5257.5,16.0,False,False,False,False,False,False,False,False,False,False,False,False,False,False,False,False,False,False,13.0,9.5
88500,,,VELVETFRUIT_EXTRACT,XIRECS,5242.0,6,1,5241.0,5240,5242,5240.0,5246.0,0.8208955223880597,-0.046875,0.24489795918367346,1,at_or_above_ask_touch,5241.0,5230.5,5245.5,5226.0,5248.5,5226.0,5254.5,5243.0,2.0,5245.5,4.5,5257.5,16.5,False,False,False,False,False,False,False,False,False,False,False,False,False,False,False,False,False,False,16.0,6.5
91100,,,VELVETFRUIT_EXTRACT,XIRECS,5244.0,6,1,5241.5,5239,5244,5238.0,5245.0,0.0,0.0,0.0,1,at_or_above_ask_touch,5241.5,5230.5,5244.5,5226.0,5248.5,5226.0,5254.5,5241.5,0.0,5248.5,7.0,5258.5,17.0,False,False,False,True,False,True,False,False,False,False,False,False,False,False,False,False,False,False,18.0,4.5
92000,,,VELVETFRUIT_EXTRACT,XIRECS,5243.0,8,1,5240.5,5238,5243,5237.0,5244.0,0.0,0.0,0.0,1,at_or_above_ask_touch,5240.5,5230.5,5244.5,5229.5,5248.5,5226.0,5254.5,5243.5,3.0,5244.0,3.5,5259.5,19.0,False,False,False,False,False,True,False,False,False,False,False,False,False,False,False,False,False,False,13.5,5.5
93700,,,VELVETFRUIT_EXTRACT,XIRECS,5246.0,6,1,5243.5,5241,5246,5240.0,5246.0,-0.6103896103896104,0.0,-0.13761467889908258,1,at_or_above_ask_touch,5243.5,5230.5,5244.5,5230.5,5248.5,5226.0,5254.5,5245.5,2.0,5246.5,3.0,5264.0,20.5,False,True,False,True,False,True,False,False,False,False,False,False,False,False,False,False,False,False,15.5,2.5
93800,,,VELVETFRUIT_EXTRACT,XIRECS,5246.0,7,1,5243.5,5241,5246,5240.0,5246.0,-0.42105263157894735,0.0,-0.2558139534883721,1,at_or_above_ask_touch,5243.5,5230.5,5244.5,5230.5,5248.5,5226.0,5254.5,5246.5,3.0,5247.5,4.0,5264.0,20.5,False,True,False,True,False,True,False,False,False,False,False,False,False,False,False,False,False,False,15.5,2.5
100500,,,VELVETFRUIT_EXTRACT,XIRECS,5248.0,4,1,5245.5,5243,5248,5242.0,5249.0,0.0,0.0,0.0,1,at_or_above_ask_touch,5245.5,5230.5,5248.5,5230.5,5248.5,5226.0,5254.5,5256.5,11.0,5267.5,22.0,5265.5,20.0,False,False,False,True,False,True,False,False,False,True,False,True,False,False,False,False,False,False,17.5,0.5
104400,,,VELVETFRUIT_EXTRACT,XIRECS,5252.0,6,1,5249.5,5247,5252,5247.0,5253.0,0.5111111111111111,0.0,0.19298245614035087,1,at_or_above_ask_touch,5249.5,5232.0,5250.5,5230.5,5250.5,5226.0,5254.5,5268.5,19.0,5265.5,16.0,5254.5,5.0,False,True,False,True,False,True,False,True,False,True,False,True,False,False,False,False,False,False,21.5,-1.5
107900,,,VELVETFRUIT_EXTRACT,XIRECS,5267.0,3,1,5264.0,5261,5267,5261.0,5267.0,0.0,0.0,0.0,1,at_or_above_ask_touch,5264.0,5239.0,5264.0,5230.5,5264.0,5226.0,5264.0,5260.5,-3.5,5257.5,-6.5,5255.0,-9.0,False,True,False,True,False,True,False,True,False,True,False,True,False,True,False,True,False,True,36.5,-3.0
109000,,,VELVETFRUIT_EXTRACT,XIRECS,5265.0,12,1,5264.5,5264,5265,5263.0,5270.0,0.3142857142857143,-0.08108108108108109,0.0,1,at_or_above_ask_touch,5264.5,5239.0,5266.5,5230.5,5266.5,5226.0,5266.5,5264.5,0.0,5257.5,-7.0,5254.5,-10.0,False,False,False,False,False,True,False,False,False,False,False,True,False,False,False,False,False,True,34.5,1.5
110100,,,VELVETFRUIT_EXTRACT,XIRECS,5265.0,4,1,5267.5,5265,5270,5265.0,5271.0,0.5526315789473685,0.0,0.16831683168316833,-1,at_or_below_bid_touch,5267.5,5239.0,5271.5,5230.5,5271.5,5226.0,5271.5,5261.5,-6.0,5258.5,-9.0,5252.5,-15.0,False,False,False,False,False,False,False,False,False,False,False,False,False,False,False,False,False,False,34.5,6.5
112000,,,VELVETFRUIT_EXTRACT,XIRECS,5260.0,3,1,5262.5,5260,5265,5259.0,5265.0,-0.5277777777777778,0.0,-0.1827956989247312,-1,at_or_below_bid_touch,5262.5,5239.0,5271.5,5230.5,5271.5,5226.0,5271.5,5254.5,-8.0,5263.5,1.0,5254.5,-8.0,False,False,False,False,False,False,False,False,False,False,False,False,False,False,False,False,False,False,29.5,11.5
118800,,,VELVETFRUIT_EXTRACT,XIRECS,5257.0,3,1,5259.5,5257,5262,5256.0,5262.0,-0.46987951807228917,0.0,-0.22,-1,at_or_below_bid_touch,5259.5,5244.0,5271.5,5230.5,5271.5,5226.0,5271.5,5264.5,5.0,5264.5,5.0,5249.5,-10.0,False,False,False,False,False,False,False,False,False,False,False,False,False,False,False,False,False,False,26.5,14.5
123300,,,VELVETFRUIT_EXTRACT,XIRECS,5262.0,7,1,5264.5,5262,5267,5262.0,5268.0,0.5897435897435898,0.0,0.14814814814814814,-1,at_or_below_bid_touch,5264.5,5245.5,5271.5,5230.5,5271.5,5226.0,5271.5,5264.5,0.0,5264.0,-0.5,5249.0,-15.5,False,False,False,False,False,False,False,False,False,False,False,False,False,False,False,False,False,False,31.5,9.5
125600,,,VELVETFRUIT_EXTRACT,XIRECS,5265.0,3,1,5262.5,5260,5265,5260.0,5266.0,0.47126436781609193,0.0,0.21904761904761905,1,at_or_above_ask_touch,5262.5,5254.5,5271.5,5230.5,5271.5,5226.0,5271.5,5262.0,-0.5,5260.5,-2.0,5246.5,-16.0,False,False,False,False,False,False,False,False,False,False,False,False,False,False,False,False,False,False,34.5,6.5
131300,,,VELVETFRUIT_EXTRACT,XIRECS,5265.0,5,1,5266.5,5265,5268,5262.0,5268.0,-0.6867469879518072,0.08496732026143791,-0.21739130434782608,-1,at_or_below_bid_touch,5266.5,5254.5,5266.5,5230.5,5271.5,5226.0,5271.5,5263.5,-3.0,5258.5,-8.0,5247.5,-19.0,False,False,False,False,False,True,False,False,False,False,False,False,False,False,False,False,False,False,34.5,6.5
131800,,,VELVETFRUIT_EXTRACT,XIRECS,5261.0,5,1,5264.0,5261,5267,5261.0,5267.0,0.0,0.0,0.0,-1,at_or_below_bid_touch,5264.0,5254.5,5266.5,5230.5,5271.5,5226.0,5271.5,5263.5,-0.5,5259.5,-4.5,5244.5,-19.5,False,False,False,False,False,False,False,False,False,False,False,False,False,False,False,False,False,False,30.5,10.5
132600,,,VELVETFRUIT_EXTRACT,XIRECS,5263.0,10,1,5262.0,5261,5263,5261.0,5267.0,0.7014925373134329,-0.08064516129032258,0.0,1,at_or_above_ask_touch,5262.0,5254.5,5266.5,5230.5,5271.5,5226.0,5271.5,5259.0,-3.0,5262.5,0.5,5246.5,-15.5,False,False,False,False,False,False,False,False,False,False,False,False,False,False,False,False,False,False,32.5,8.5
134000,,,VELVETFRUIT_EXTRACT,XIRECS,5264.0,8,1,5266.5,5264,5269,5263.0,5269.0,-0.4782608695652174,0.0,-0.21428571428571427,-1,at_or_below_bid_touch,5266.5,5254.5,5267.5,5230.5,5271.5,5226.0,5271.5,5258.5,-8.0,5262.0,-4.5,5242.5,-24.0,False,False,False,False,False,False,False,False,False,False,False,False,False,False,False,False,False,False,33.5,7.5
135200,,,VELVETFRUIT_EXTRACT,XIRECS,5264.0,8,1,5261.0,5258,5264,5258.0,5264.0,0.0,0.0,0.0,1,at_or_above_ask_touch,5261.0,5254.5,5267.5,5234.5,5271.5,5226.0,5271.5,5257.5,-3.5,5260.5,-0.5,5241.5,-19.5,False,False,False,False,False,False,False,False,False,False,False,False,False,False,False,False,False,False,29.5,7.5
135500,,,VELVETFRUIT_EXTRACT,XIRECS,5257.0,7,1,5259.5,5257,5262,5256.0,5263.0,0.0,0.0,0.0,-1,at_or_below_bid_touch,5259.5,5254.5,5267.5,5234.5,5271.5,5226.0,5271.5,5255.5,-4.0,5261.5,2.0,5236.5,-23.0,False,False,False,False,False,False,False,False,False,False,False,False,False,False,False,False,False,False,22.5,14.5
138000,,,VELVETFRUIT_EXTRACT,XIRECS,5254.0,7,1,5256.5,5254,5259,5254.0,5260.0,0.3924050632911392,0.0,0.27906976744186046,-1,at_or_below_bid_touch,5256.5,5255.5,5267.5,5239.0,5271.5,5226.0,5271.5,5264.5,8.0,5267.5,11.0,5231.5,-25.0,True,False,True,False,True,False,False,False,False,False,False,False,False,False,False,False,False,False,15.0,17.5
139700,,,VELVETFRUIT_EXTRACT,XIRECS,5257.0,8,1,5256.0,5255,5257,5255.0,5261.0,0.746031746031746,-0.06779661016949153,0.23595505617977527,1,at_or_above_ask_touch,5256.0,5255.5,5267.5,5239.0,5271.5,5226.0,5271.5,5261.5,5.5,5265.5,9.5,5240.5,-15.5,False,False,False,False,True,False,False,False,False,False,False,False,False,False,False,False,False,False,18.0,14.5
140000,,,VELVETFRUIT_EXTRACT,XIRECS,5261.0,5,1,5258.5,5256,5261,5256.0,5262.0,0.475,0.0,0.21649484536082475,1,at_or_above_ask_touch,5258.5,5255.5,5267.5,5239.0,5271.5,5226.0,5271.5,5261.0,2.5,5267.0,8.5,5238.5,-20.0,False,False,False,False,False,False,False,False,False,False,False,False,False,False,False,False,False,False,22.0,10.5
140100,,,VELVETFRUIT_EXTRACT,XIRECS,5260.0,4,1,5257.5,5255,5260,5254.0,5261.0,0.0,0.0,0.0,1,at_or_above_ask_touch,5257.5,5255.5,5267.5,5239.0,5271.5,5226.0,5271.5,5262.5,5.0,5266.0,8.5,5238.5,-19.0,False,False,False,False,False,False,False,False,False,False,False,False,False,False,False,False,False,False,21.0,11.5
141000,,,VELVETFRUIT_EXTRACT,XIRECS,5260.0,4,1,5257.5,5255,5260,5254.0,5261.0,0.0,0.0,0.0,1,at_or_above_ask_touch,5257.5,5255.0,5267.5,5239.0,5271.5,5226.0,5271.5,5264.0,6.5,5265.5,8.0,5239.0,-18.5,False,False,False,False,False,False,False,False,False,False,False,False,False,False,False,False,False,False,21.0,11.5
142000,,,VELVETFRUIT_EXTRACT,XIRECS,5262.0,6,1,5259.5,5257,5262,5257.0,5263.0,0.4647887323943662,0.0,0.2235294117647059,1,at_or_above_ask_touch,5259.5,5255.0,5267.5,5239.0,5271.5,5229.5,5271.5,5265.0,5.5,5259.0,-0.5,5238.5,-21.0,False,False,False,False,False,False,False,False,False,False,False,False,False,False,False,False,False,False,23.0,9.5
144500,,,VELVETFRUIT_EXTRACT,XIRECS,5258.0,5,1,5260.5,5258,5263,5258.0,5264.0,0.5384615384615384,0.0,0.17647058823529413,-1,at_or_below_bid_touch,5260.5,5255.0,5267.5,5239.0,5271.5,5230.5,5271.5,5265.5,5.0,5253.0,-7.5,5237.5,-23.0,False,False,False,False,False,False,False,False,False,False,False,False,False,False,False,False,False,False,19.0,13.5
146700,,,VELVETFRUIT_EXTRACT,XIRECS,5260.0,7,1,5262.5,5260,5265,5259.0,5265.0,-0.5813953488372093,0.0,-0.15254237288135594,-1,at_or_below_bid_touch,5262.5,5255.0,5267.5,5242.5,5271.5,5230.5,5271.5,5260.5,-2.0,5247.5,-15.0,5235.5,-27.0,False,False,False,False,False,False,False,False,False,False,False,False,False,False,False,False,False,False,17.5,11.5
148300,,,VELVETFRUIT_EXTRACT,XIRECS,5265.0,4,1,5266.5,5265,5268,5262.0,5269.0,-0.6129032258064516,0.04411764705882353,0.0,-1,at_or_below_bid_touch,5266.5,5255.0,5268.5,5244.0,5271.5,5230.5,5271.5,5255.5,-11.0,5256.5,-10.0,5240.5,-26.0,False,False,False,False,False,False,False,False,False,False,False,False,False,False,False,False,False,False,21.0,6.5
150700,,,VELVETFRUIT_EXTRACT,XIRECS,5268.0,7,1,5265.5,5263,5268,5262.0,5268.0,-0.45714285714285713,0.0,-0.2289156626506024,1,at_or_above_ask_touch,5265.5,5255.0,5268.5,5244.0,5271.5,5230.5,5271.5,5248.5,-17.0,5254.5,-11.0,5241.5,-24.0,False,False,False,True,False,True,False,False,False,False,False,False,False,False,False,False,False,False,24.0,3.5
151400,,,VELVETFRUIT_EXTRACT,XIRECS,5261.0,7,1,5263.5,5261,5266,5261.0,5267.0,0.5268817204301075,0.0,0.18333333333333332,-1,at_or_below_bid_touch,5263.5,5255.0,5268.5,5244.0,5271.5,5230.5,5271.5,5246.5,-17.0,5254.5,-9.0,5243.5,-20.0,False,False,False,False,False,False,False,False,False,False,False,False,False,False,False,False,False,False,17.0,10.5
163300,,,VELVETFRUIT_EXTRACT,XIRECS,5254.0,10,1,5253.0,5252,5254,5252.0,5258.0,0.6610169491525424,-0.09259259259259259,0.18072289156626506,1,at_or_above_ask_touch,5253.0,5245.5,5268.5,5245.5,5268.5,5230.5,5271.5,5252.0,-1.0,5249.0,-4.0,5256.5,3.5,False,False,False,False,False,False,False,False,False,False,False,False,False,False,False,False,False,False,8.5,14.5
164000,,,VELVETFRUIT_EXTRACT,XIRECS,5251.0,5,1,5253.5,5251,5256,5250.0,5256.0,-0.525,0.0,-0.18446601941747573,-1,at_or_below_bid_touch,5253.5,5245.5,5268.5,5245.5,5268.5,5230.5,5271.5,5252.0,-1.5,5249.0,-4.5,5255.5,2.0,False,False,False,False,False,False,False,False,False,False,False,False,False,False,False,False,False,False,5.5,17.5
165500,,,VELVETFRUIT_EXTRACT,XIRECS,5250.0,4,1,5251.0,5250,5252,5247.0,5253.0,-0.4074074074074074,0.06779661016949153,0.2087912087912088,-1,at_or_below_bid_touch,5251.0,5245.5,5268.5,5245.5,5268.5,5230.5,5271.5,5248.5,-2.5,5247.5,-3.5,5253.5,2.5,False,False,False,False,False,False,False,False,False,False,False,False,False,False,False,False,False,False,4.5,18.5
167600,,,VELVETFRUIT_EXTRACT,XIRECS,5249.0,6,1,5252.0,5249,5255,5249.0,5255.0,0.0,0.0,0.0,-1,at_or_below_bid_touch,5252.0,5245.5,5268.5,5245.5,5268.5,5230.5,5271.5,5248.5,-3.5,5245.5,-6.5,5251.0,-1.0,False,False,False,False,False,False,False,False,False,False,False,False,False,False,False,False,False,False,3.5,19.5
168400,,,VELVETFRUIT_EXTRACT,XIRECS,5248.0,3,1,5250.5,5248,5253,5247.0,5253.0,-0.4606741573033708,0.0,-0.22641509433962265,-1,at_or_below_bid_touch,5250.5,5245.5,5267.0,5245.5,5268.5,5230.5,5271.5,5247.5,-3.0,5249.5,-1.0,5252.5,2.0,False,False,False,False,False,False,False,False,False,False,False,False,False,False,False,False,False,False,2.5,20.5
171700,,,VELVETFRUIT_EXTRACT,XIRECS,5248.0,7,1,5250.5,5248,5253,5248.0,5254.0,0.5555555555555556,0.0,0.16666666666666666,-1,at_or_below_bid_touch,5250.5,5245.5,5261.5,5245.5,5268.5,5230.5,5271.5,5246.5,-4.0,5245.5,-5.0,5243.5,-7.0,False,False,False,False,False,False,False,False,False,False,False,False,False,False,False,False,False,False,2.5,20.5
179200,,,VELVETFRUIT_EXTRACT,XIRECS,5243.0,4,1,5245.5,5243,5248,5243.0,5249.0,0.45454545454545453,0.0,0.23076923076923078,-1,at_or_below_bid_touch,5245.5,5244.0,5256.0,5244.0,5268.5,5230.5,5271.5,5240.5,-5.0,5236.5,-9.0,5248.5,3.0,True,False,True,False,True,False,True,False,True,False,True,False,False,False,False,False,False,False,-1.0,25.5
180100,,,VELVETFRUIT_EXTRACT,XIRECS,5248.0,3,1,5245.5,5243,5248,5242.0,5248.0,-0.5,0.0,-0.2,1,at_or_above_ask_touch,5245.5,5243.5,5256.0,5243.5,5268.5,5230.5,5271.5,5239.5,-6.0,5238.5,-7.0,5245.5,0.0,False,False,False,False,False,False,False,False,False,False,False,False,False,False,False,False,False,False,4.5,20.5
187400,,,VELVETFRUIT_EXTRACT,XIRECS,5235.0,8,1,5232.0,5229,5235,5229.0,5235.0,0.0,0.0,0.0,1,at_or_above_ask_touch,5232.0,5231.5,5255.5,5231.5,5268.5,5231.5,5271.5,5234.5,2.5,5237.5,5.5,5250.0,18.0,False,False,False,False,False,False,False,False,False,False,False,False,False,False,False,False,False,False,3.5,33.5
187600,,,VELVETFRUIT_EXTRACT,XIRECS,5235.0,5,1,5232.0,5229,5235,5229.0,5235.0,0.0,0.0,0.0,1,at_or_above_ask_touch,5232.0,5231.5,5255.5,5231.5,5268.5,5231.5,5271.5,5233.5,1.5,5236.5,4.5,5248.5,16.5,False,False,False,False,False,False,False,False,False,False,False,False,False,False,False,False,False,False,3.5,33.5
188800,,,VELVETFRUIT_EXTRACT,XIRECS,5232.0,6,1,5233.5,5232,5235,5229.0,5236.0,-0.4375,0.07317073170731707,0.0,-1,at_or_below_bid_touch,5233.5,5230.0,5255.5,5230.0,5268.5,5230.0,5271.5,5237.0,3.5,5241.5,8.0,5251.5,18.0,False,False,False,False,True,False,False,False,False,False,True,False,False,False,False,False,True,False,2.0,36.5
190600,,,VELVETFRUIT_EXTRACT,XIRECS,5234.0,6,1,5236.5,5234,5239,5233.0,5240.0,0.0,0.0,0.0,-1,at_or_below_bid_touch,5236.5,5230.0,5251.5,5230.0,5268.5,5230.0,5271.5,5235.5,-1.0,5240.5,4.0,5256.5,20.0,False,False,False,False,False,False,False,False,False,False,False,False,False,False,False,False,False,False,4.0,34.5
190700,,,VELVETFRUIT_EXTRACT,XIRECS,5239.0,3,1,5236.5,5234,5239,5233.0,5240.0,0.0,0.0,0.0,1,at_or_above_ask_touch,5236.5,5230.0,5251.5,5230.0,5268.5,5230.0,5271.5,5234.5,-2.0,5241.5,5.0,5257.5,21.0,False,False,False,False,False,False,False,False,False,False,False,False,False,False,False,False,False,False,9.0,29.5
191100,,,VELVETFRUIT_EXTRACT,XIRECS,5237.0,8,1,5239.5,5237,5242,5236.0,5243.0,0.0,0.0,0.0,-1,at_or_below_bid_touch,5239.5,5230.0,5251.5,5230.0,5268.5,5230.0,5271.5,5233.5,-6.0,5240.5,1.0,5259.5,20.0,False,False,False,False,False,False,False,False,False,False,False,False,False,False,False,False,False,False,7.0,31.5
192600,,,VELVETFRUIT_EXTRACT,XIRECS,5231.0,3,1,5233.5,5231,5236,5230.0,5237.0,0.0,0.0,0.0,-1,at_or_below_bid_touch,5233.5,5230.0,5250.5,5230.0,5268.5,5230.0,5271.5,5236.5,3.0,5243.5,10.0,5258.5,25.0,False,False,True,False,True,False,False,False,True,False,True,False,False,False,True,False,True,False,1.0,37.5
194400,,,VELVETFRUIT_EXTRACT,XIRECS,5234.0,5,1,5236.5,5234,5239,5233.0,5239.0,-0.49295774647887325,0.0,-0.20454545454545456,-1,at_or_below_bid_touch,5236.5,5230.0,5250.5,5230.0,5268.5,5230.0,5271.5,5240.5,4.0,5240.0,3.5,5254.0,17.5,False,False,False,False,False,False,False,False,False,False,False,False,False,False,False,False,False,False,4.0,34.5
195200,,,VELVETFRUIT_EXTRACT,XIRECS,5236.0,3,1,5233.5,5231,5236,5230.0,5237.0,0.0,0.0,0.0,1,at_or_above_ask_touch,5233.5,5230.0,5250.5,5230.0,5268.5,5230.0,5271.5,5239.0,5.5,5242.0,8.5,5253.5,20.0,False,False,False,False,False,False,False,False,False,False,False,False,False,False,False,False,False,False,6.0,32.5
196100,,,VELVETFRUIT_EXTRACT,XIRECS,5236.0,5,1,5233.5,5231,5236,5231.0,5237.0,0.5106382978723404,0.0,0.19327731092436976,1,at_or_above_ask_touch,5233.5,5230.0,5250.5,5230.0,5268.5,5230.0,5271.5,5240.5,7.0,5244.5,11.0,5256.0,22.5,False,False,False,False,False,False,False,False,False,False,False,False,False,False,False,False,False,False,6.0,32.5
197600,,,VELVETFRUIT_EXTRACT,XIRECS,5237.0,9,1,5236.5,5236,5237,5235.0,5242.0,0.35714285714285715,-0.06382978723404255,0.0,1,at_or_above_ask_touch,5236.5,5230.0,5250.5,5230.0,5268.5,5230.0,5271.5,5243.5,7.0,5248.0,11.5,5256.5,20.0,False,False,False,False,False,False,False,False,False,False,False,False,False,False,False,False,False,False,7.0,31.5
198900,,,VELVETFRUIT_EXTRACT,XIRECS,5243.0,5,1,5240.5,5238,5243,5238.0,5244.0,0.5833333333333334,0.0,0.15151515151515152,1,at_or_above_ask_touch,5240.5,5230.0,5248.5,5230.0,5267.0,5230.0,5271.5,5240.5,0.0,5246.5,6.0,5263.5,23.0,False,False,False,False,False,False,False,False,False,False,False,False,False,False,False,False,False,False,13.0,24.0
199200,,,VELVETFRUIT_EXTRACT,XIRECS,5243.0,5,1,5240.5,5238,5243,5237.0,5244.0,0.0,0.0,0.0,1,at_or_above_ask_touch,5240.5,5230.0,5248.5,5230.0,5267.0,5230.0,5271.5,5242.5,2.0,5247.5,7.0,5265.0,24.5,False,False,False,False,False,False,False,False,False,False,False,False,False,False,False,False,False,False,13.0,24.0
203700,,,VELVETFRUIT_EXTRACT,XIRECS,5241.0,3,1,5238.5,5236,5241,5236.0,5242.0,0.5,0.0,0.2,1,at_or_above_ask_touch,5238.5,5230.0,5245.0,5230.0,5257.0,5230.0,5271.5,5245.0,6.5,5256.5,18.0,5264.5,26.0,False,False,False,False,False,False,False,False,False,False,False,False,False,False,False,False,False,False,11.0,16.0
206800,,,VELVETFRUIT_EXTRACT,XIRECS,5241.0,6,1,5243.5,5241,5246,5241.0,5247.0,0.4845360824742268,0.0,0.21008403361344538,-1,at_or_below_bid_touch,5243.5,5230.0,5247.5,5230.0,5257.0,5230.0,5271.5,5254.5,11.0,5251.5,8.0,5264.5,21.0,False,False,False,False,False,False,False,False,False,False,False,False,False,False,False,False,False,False,11.0,16.0
207600,,,VELVETFRUIT_EXTRACT,XIRECS,5251.0,4,1,5248.0,5245,5251,5245.0,5251.0,0.0,0.0,0.0,1,at_or_above_ask_touch,5248.0,5230.0,5248.5,5230.0,5257.0,5230.0,5271.5,5257.0,9.0,5251.0,3.0,5263.5,15.5,False,True,False,True,False,True,False,False,False,False,False,False,False,False,False,False,False,False,21.0,6.0
210300,,,VELVETFRUIT_EXTRACT,XIRECS,5250.0,5,1,5252.5,5250,5255,5249.0,5256.0,0.0,0.0,0.0,-1,at_or_below_bid_touch,5252.5,5232.5,5252.5,5230.0,5256.0,5230.0,5268.5,5253.5,1.0,5246.5,-6.0,5253.5,1.0,False,False,False,False,False,False,False,False,False,False,False,False,False,False,False,False,False,False,20.0,6.0
213700,,,VELVETFRUIT_EXTRACT,XIRECS,5259.0,5,1,5256.5,5254,5259,5253.0,5259.0,-0.5421686746987951,0.0,-0.1743119266055046,1,at_or_above_ask_touch,5256.5,5232.5,5259.0,5230.0,5259.0,5230.0,5268.5,5253.5,-3.0,5247.5,-9.0,5255.5,-1.0,False,True,False,True,False,True,False,True,False,True,False,True,False,False,False,False,False,False,29.0,0.0
214400,,,VELVETFRUIT_EXTRACT,XIRECS,5250.0,3,1,5253.0,5250,5256,5250.0,5256.0,0.0,0.0,0.0,-1,at_or_below_bid_touch,5253.0,5232.5,5259.0,5230.0,5259.0,5230.0,5268.5,5251.5,-1.5,5248.0,-5.0,5252.5,-0.5,False,False,False,False,False,False,False,False,False,False,False,False,False,False,False,False,False,False,20.0,9.0
215000,,,VELVETFRUIT_EXTRACT,XIRECS,5249.0,4,1,5251.5,5249,5254,5248.0,5254.0,-0.5609756097560976,0.0,-0.16363636363636364,-1,at_or_below_bid_touch,5251.5,5233.5,5259.0,5230.0,5259.0,5230.0,5268.5,5248.5,-3.0,5252.5,1.0,5253.5,2.0,False,False,False,False,False,False,False,False,False,False,False,False,False,False,False,False,False,False,19.0,10.0
217100,,,VELVETFRUIT_EXTRACT,XIRECS,5257.0,4,1,5254.5,5252,5257,5251.0,5258.0,0.0,0.0,0.0,1,at_or_above_ask_touch,5254.5,5236.0,5259.0,5230.0,5259.0,5230.0,5268.5,5244.0,-10.5,5254.0,-0.5,5251.0,-3.5,False,False,False,False,False,True,False,False,False,False,False,True,False,False,False,False,False,False,27.0,2.0
218900,,,VELVETFRUIT_EXTRACT,XIRECS,5249.0,8,1,5251.5,5249,5254,5248.0,5254.0,-0.4725274725274725,0.0,-0.21818181818181817,-1,at_or_below_bid_touch,5251.5,5237.0,5259.0,5230.0,5259.0,5230.0,5268.5,5248.5,-3.0,5246.5,-5.0,5247.5,-4.0,False,False,False,False,False,False,False,False,False,False,False,False,False,False,False,False,False,False,19.0,10.0
221800,,,VELVETFRUIT_EXTRACT,XIRECS,5241.0,7,1,5243.5,5241,5246,5240.0,5247.0,0.0,0.0,0.0,-1,at_or_below_bid_touch,5243.5,5238.5,5259.0,5230.0,5259.0,5230.0,5268.5,5252.5,9.0,5243.0,-0.5,5259.0,15.5,False,False,False,False,False,False,False,False,False,False,False,False,False,False,False,False,False,False,11.0,18.0
225100,,,VELVETFRUIT_EXTRACT,XIRECS,5254.0,5,1,5251.5,5249,5254,5248.0,5255.0,0.0,0.0,0.0,1,at_or_above_ask_touch,5251.5,5242.0,5259.0,5230.0,5259.0,5230.0,5268.5,5245.5,-6.0,5247.0,-4.5,5256.5,5.0,False,False,False,False,False,False,False,False,False,False,False,False,False,False,False,False,False,False,24.0,5.0
237900,,,VELVETFRUIT_EXTRACT,XIRECS,5254.0,6,1,5251.0,5248,5254,5248.0,5254.0,0.0,0.0,0.0,1,at_or_above_ask_touch,5251.0,5242.0,5255.5,5230.0,5259.0,5230.0,5268.5,5253.0,2.0,5257.0,6.0,5266.0,15.0,False,False,False,False,False,True,False,False,False,False,False,False,False,False,False,False,False,False,24.0,5.0
239400,,,VELVETFRUIT_EXTRACT,XIRECS,5251.0,6,1,5253.5,5251,5256,5250.0,5256.0,-0.4782608695652174,0.0,-0.21428571428571427,-1,at_or_below_bid_touch,5253.5,5242.0,5255.5,5232.5,5259.0,5230.0,5268.5,5254.0,0.5,5265.5,12.0,5265.5,12.0,False,False,False,False,False,False,False,False,False,False,False,False,False,False,False,False,False,False,18.5,8.0
239600,,,VELVETFRUIT_EXTRACT,XIRECS,5255.0,5,1,5253.5,5252,5255,5252.0,5258.0,0.8360655737704918,-0.042735042735042736,0.0,1,at_or_above_ask_touch,5253.5,5242.0,5255.5,5232.5,5259.0,5230.0,5268.5,5256.5,3.0,5265.5,12.0,5268.0,14.5,False,False,False,True,False,True,False,False,False,False,False,False,False,False,False,False,False,False,22.5,4.0
240200,,,VELVETFRUIT_EXTRACT,XIRECS,5258.0,3,1,5255.5,5253,5258,5252.0,5259.0,0.0,0.0,0.0,1,at_or_above_ask_touch,5255.5,5242.0,5255.5,5232.5,5259.0,5230.0,5268.5,5253.5,-2.0,5265.0,9.5,5273.5,18.0,False,True,False,True,False,True,False,False,False,True,False,True,False,False,False,False,False,False,25.5,1.0
242900,,,VELVETFRUIT_EXTRACT,XIRECS,5254.0,5,1,5253.0,5252,5254,5252.0,5258.0,0.8461538461538461,-0.04,0.0,1,at_or_above_ask_touch,5253.0,5242.0,5261.5,5232.5,5261.5,5230.0,5268.5,5257.0,4.0,5265.5,12.5,5272.5,19.5,False,False,False,False,False,False,False,False,False,False,False,False,False,False,False,False,False,False,21.5,7.5
245600,,,VELVETFRUIT_EXTRACT,XIRECS,5256.0,6,1,5253.5,5251,5256,5250.0,5257.0,0.0,0.0,0.0,1,at_or_above_ask_touch,5253.5,5242.0,5261.5,5233.5,5261.5,5230.0,5268.5,5262.5,9.0,5263.5,10.0,5274.5,21.0,False,False,False,False,False,False,False,False,False,False,False,False,False,False,False,False,False,False,22.5,5.5
248300,,,VELVETFRUIT_EXTRACT,XIRECS,5257.0,5,1,5259.5,5257,5262,5257.0,5263.0,0.5681818181818182,0.0,0.15966386554621848,-1,at_or_below_bid_touch,5259.5,5242.0,5261.5,5237.0,5261.5,5230.0,5267.0,5263.5,4.0,5258.5,-1.0,5269.0,9.5,False,False,False,False,False,False,False,False,False,False,False,False,False,False,False,False,False,False,20.0,4.5
250500,,,VELVETFRUIT_EXTRACT,XIRECS,5260.0,4,1,5262.5,5260,5265,5260.0,5266.0,0.4939759036144578,0.0,0.20388349514563106,-1,at_or_below_bid_touch,5262.5,5242.0,5266.5,5238.5,5266.5,5230.0,5266.5,5262.5,0.0,5256.0,-6.5,5269.5,7.0,False,False,False,False,False,False,False,False,False,False,False,False,False,False,False,False,False,False,21.5,6.5
251200,,,VELVETFRUIT_EXTRACT,XIRECS,5262.0,8,1,5264.5,5262,5267,5262.0,5268.0,0.5058823529411764,0.0,0.19626168224299065,-1,at_or_below_bid_touch,5264.5,5242.0,5266.5,5238.5,5266.5,5230.0,5266.5,5265.0,0.5,5257.5,-7.0,5270.5,6.0,False,False,False,False,False,False,False,False,False,False,False,False,False,False,False,False,False,False,23.5,4.5
251900,,,VELVETFRUIT_EXTRACT,XIRECS,5263.0,14,1,5262.0,5261,5263,5261.0,5267.0,0.6363636363636364,-0.1,0.0,1,at_or_above_ask_touch,5262.0,5242.0,5266.5,5238.5,5266.5,5230.0,5266.5,5265.5,3.5,5255.0,-7.0,5269.0,7.0,False,False,False,False,False,False,False,False,False,False,False,False,False,False,False,False,False,False,24.5,3.5
252400,,,VELVETFRUIT_EXTRACT,XIRECS,5267.0,6,1,5264.5,5262,5267,5261.0,5268.0,0.0,0.0,0.0,1,at_or_above_ask_touch,5264.5,5242.0,5266.5,5238.5,5266.5,5230.0,5266.5,5264.5,0.0,5253.0,-11.5,5269.5,5.0,False,True,False,True,False,True,False,True,False,True,False,True,False,True,False,True,False,True,28.5,-0.5
253900,,,VELVETFRUIT_EXTRACT,XIRECS,5266.0,3,1,5263.5,5261,5266,5260.0,5267.0,0.0,0.0,0.0,1,at_or_above_ask_touch,5263.5,5242.0,5267.5,5240.0,5267.5,5230.0,5267.5,5258.0,-5.5,5254.5,-9.0,5263.5,0.0,False,False,False,False,False,True,False,False,False,False,False,True,False,False,False,False,False,True,26.0,1.5
258400,,,VELVETFRUIT_EXTRACT,XIRECS,5257.0,8,1,5256.0,5255,5257,5255.0,5261.0,0.7894736842105263,-0.05555555555555555,0.15254237288135594,1,at_or_above_ask_touch,5256.0,5248.5,5267.5,5242.0,5267.5,5230.0,5267.5,5255.5,-0.5,5246.5,-9.5,5270.5,14.5,False,False,False,False,False,False,False,False,False,False,False,False,False,False,False,False,False,False,15.0,10.5
262200,,,VELVETFRUIT_EXTRACT,XIRECS,5250.0,4,1,5252.5,5250,5255,5250.0,5256.0,0.3924050632911392,0.0,0.27906976744186046,-1,at_or_below_bid_touch,5252.5,5252.5,5267.5,5242.0,5267.5,5230.0,5267.5,5251.5,-1.0,5259.5,7.0,5266.0,13.5,True,False,True,False,True,False,False,False,False,False,False,False,False,False,False,False,False,False,8.0,17.5
263900,,,VELVETFRUIT_EXTRACT,XIRECS,5257.0,7,1,5254.5,5252,5257,5251.0,5258.0,0.0,0.0,0.0,1,at_or_above_ask_touch,5254.5,5252.5,5267.5,5242.0,5267.5,5230.0,5267.5,5247.5,-7.0,5259.5,5.0,5259.0,4.5,False,False,False,False,False,False,False,False,False,False,False,False,False,False,False,False,False,False,15.0,10.5
265400,,,VELVETFRUIT_EXTRACT,XIRECS,5250.0,9,1,5249.0,5248,5250,5248.0,5254.0,0.7534246575342466,-0.06569343065693431,0.23076923076923078,1,at_or_above_ask_touch,5249.0,5249.0,5267.5,5242.0,5267.5,5230.0,5267.5,5255.5,6.5,5258.5,9.5,5249.5,0.5,False,False,True,False,True,False,False,False,False,False,False,False,False,False,False,False,False,False,8.0,17.5
265600,,,VELVETFRUIT_EXTRACT,XIRECS,5248.0,5,1,5250.5,5248,5253,5247.0,5253.0,-0.625,0.0,-0.13043478260869565,-1,at_or_below_bid_touch,5250.5,5249.0,5267.5,5242.0,5267.5,5230.0,5267.5,5258.5,8.0,5259.5,9.0,5250.0,-0.5,True,False,True,False,True,False,False,False,False,False,False,False,False,False,False,False,False,False,6.0,19.5
265800,,,VELVETFRUIT_EXTRACT,XIRECS,5252.0,7,1,5249.5,5247,5252,5246.0,5253.0,0.0,0.0,0.0,1,at_or_above_ask_touch,5249.5,5246.5,5267.5,5242.0,5267.5,5230.0,5267.5,5257.5,8.0,5258.5,9.0,5249.5,0.0,False,False,False,False,False,False,False,False,False,False,False,False,False,False,False,False,False,False,10.0,15.5
266500,,,VELVETFRUIT_EXTRACT,XIRECS,5253.0,5,1,5250.0,5247,5253,5247.0,5253.0,0.0,0.0,0.0,1,at_or_above_ask_touch,5250.0,5246.5,5267.5,5242.0,5267.5,5230.0,5267.5,5258.0,8.0,5254.0,4.0,5247.5,-2.5,False,False,False,False,False,False,False,False,False,False,False,False,False,False,False,False,False,False,11.0,14.5
267400,,,VELVETFRUIT_EXTRACT,XIRECS,5253.0,3,1,5250.5,5248,5253,5247.0,5254.0,0.0,0.0,0.0,1,at_or_above_ask_touch,5250.5,5246.5,5267.5,5242.0,5267.5,5230.0,5267.5,5259.5,9.0,5251.5,1.0,5247.5,-3.0,False,False,False,False,False,False,False,False,False,False,False,False,False,False,False,False,False,False,11.0,14.5
268700,,,VELVETFRUIT_EXTRACT,XIRECS,5251.0,5,1,5248.5,5246,5251,5245.0,5252.0,0.0,0.0,0.0,1,at_or_above_ask_touch,5248.5,5245.5,5267.5,5242.0,5267.5,5230.0,5267.5,5260.5,12.0,5255.0,6.5,5248.0,-0.5,False,False,False,False,False,False,False,False,False,False,False,False,False,False,False,False,False,False,9.0,16.5
269300,,,VELVETFRUIT_EXTRACT,XIRECS,5247.0,5,1,5249.5,5247,5252,5247.0,5253.0,0.43902439024390244,0.0,0.24210526315789474,-1,at_or_below_bid_touch,5249.5,5245.5,5267.5,5242.0,5267.5,5230.0,5267.5,5259.5,10.0,5256.5,7.0,5245.0,-4.5,False,False,False,False,True,False,False,False,False,False,False,False,False,False,False,False,False,False,5.0,20.5
272600,,,VELVETFRUIT_EXTRACT,XIRECS,5261.0,7,1,5260.0,5259,5261,5259.0,5265.0,0.8,-0.05263157894736842,0.0,1,at_or_above_ask_touch,5260.0,5245.5,5267.0,5242.0,5267.5,5230.0,5267.5,5251.5,-8.5,5261.5,1.5,5253.5,-6.5,False,False,False,False,False,False,False,False,False,False,False,False,False,False,False,False,False,False,19.0,6.5
275300,,,VELVETFRUIT_EXTRACT,XIRECS,5259.0,8,1,5257.5,5256,5259,5253.0,5259.0,-0.8108108108108109,0.04964539007092199,-0.2072072072072072,1,at_or_above_ask_touch,5257.5,5245.5,5267.0,5242.0,5267.5,5230.0,5267.5,5258.5,1.0,5264.5,7.0,5247.5,-10.0,False,False,False,False,False,False,False,False,False,False,False,False,False,False,False,False,False,False,17.0,8.5
276500,,,VELVETFRUIT_EXTRACT,XIRECS,5255.0,7,1,5254.0,5253,5255,5249.0,5256.0,-0.2,0.0847457627118644,0.0,1,at_or_above_ask_touch,5254.0,5245.5,5265.5,5242.0,5267.5,5230.0,5267.5,5256.5,2.5,5265.5,11.5,5250.5,-3.5,False,False,False,False,False,False,False,False,False,False,False,False,False,False,False,False,False,False,13.0,12.5
277400,,,VELVETFRUIT_EXTRACT,XIRECS,5254.0,4,1,5251.5,5249,5254,5249.0,5255.0,0.4567901234567901,0.0,0.22916666666666666,1,at_or_above_ask_touch,5251.5,5245.5,5264.0,5242.0,5267.5,5230.0,5267.5,5260.5,9.0,5266.5,15.0,5252.5,1.0,False,False,False,False,False,False,False,False,False,False,False,False,False,False,False,False,False,False,12.0,13.5
278300,,,VELVETFRUIT_EXTRACT,XIRECS,5258.0,5,1,5255.5,5253,5258,5252.0,5259.0,0.0,0.0,0.0,1,at_or_above_ask_touch,5255.5,5245.5,5262.5,5242.0,5267.5,5230.0,5267.5,5257.5,2.0,5265.5,10.0,5251.0,-4.5,False,False,False,False,False,False,False,False,False,False,False,False,False,False,False,False,False,False,16.0,9.5
279600,,,VELVETFRUIT_EXTRACT,XIRECS,5260.0,4,1,5257.0,5254,5260,5254.0,5260.0,0.0,0.0,0.0,1,at_or_above_ask_touch,5257.0,5245.5,5262.5,5242.0,5267.5,5230.0,5267.5,5261.5,4.5,5268.0,11.0,5245.0,-12.0,False,False,False,False,False,False,False,False,False,False,False,False,False,False,False,False,False,False,18.0,7.5
281400,,,VELVETFRUIT_EXTRACT,XIRECS,5253.0,15,1,5252.5,5252,5253,5251.0,5257.0,0.21052631578947367,-0.09933774834437085,-0.20353982300884957,1,at_or_above_ask_touch,5252.5,5245.5,5262.5,5242.0,5267.5,5230.0,5267.5,5263.5,11.0,5273.0,20.5,5242.5,-10.0,False,False,False,False,False,False,False,False,False,False,False,False,False,False,False,False,False,False,11.0,14.5
282200,,,VELVETFRUIT_EXTRACT,XIRECS,5260.0,7,1,5262.5,5260,5265,5259.0,5265.0,-0.47368421052631576,0.0,-0.21739130434782608,-1,at_or_below_bid_touch,5262.5,5245.5,5262.5,5242.0,5267.5,5230.0,5267.5,5267.5,5.0,5272.5,10.0,5240.5,-22.0,False,False,False,False,False,False,False,False,False,False,False,False,False,False,False,False,False,False,18.0,7.5
283400,,,VELVETFRUIT_EXTRACT,XIRECS,5259.0,7,1,5256.5,5254,5259,5254.0,5260.0,0.47692307692307695,0.0,0.21518987341772153,1,at_or_above_ask_touch,5256.5,5245.5,5262.5,5242.0,5267.5,5230.0,5267.5,5266.5,10.0,5271.0,14.5,5241.5,-15.0,False,False,False,False,False,False,False,False,False,False,False,False,False,False,False,False,False,False,17.0,8.5
286300,,,VELVETFRUIT_EXTRACT,XIRECS,5266.0,6,1,5263.0,5260,5266,5260.0,5266.0,0.0,0.0,0.0,1,at_or_above_ask_touch,5263.0,5245.5,5265.5,5245.0,5267.5,5230.0,5267.5,5274.5,11.5,5274.5,11.5,5251.5,-11.5,False,True,False,True,False,True,False,False,False,False,False,True,False,False,False,False,False,True,21.0,1.5
289100,,,VELVETFRUIT_EXTRACT,XIRECS,5271.0,5,1,5268.5,5266,5271,5265.0,5272.0,0.0,0.0,0.0,1,at_or_above_ask_touch,5268.5,5249.5,5269.5,5245.5,5269.5,5232.5,5269.5,5273.5,5.0,5268.5,0.0,5248.5,-20.0,False,True,False,True,False,True,False,True,False,True,False,True,False,True,False,True,False,True,25.5,-1.5
289200,,,VELVETFRUIT_EXTRACT,XIRECS,5266.0,11,1,5265.5,5265,5266,5264.0,5270.0,0.2413793103448276,-0.07482993197278912,-0.15254237288135594,1,at_or_above_ask_touch,5265.5,5249.5,5269.5,5245.5,5269.5,5232.5,5269.5,5272.0,6.5,5268.0,2.5,5248.5,-17.0,False,False,False,False,False,False,False,False,False,False,False,False,False,False,False,False,False,False,20.5,3.5
291400,,,VELVETFRUIT_EXTRACT,XIRECS,5274.0,5,1,5273.0,5272,5274,5271.0,5278.0,0.2857142857142857,-0.07936507936507936,0.0,1,at_or_above_ask_touch,5273.0,5249.5,5274.5,5245.5,5274.5,5232.5,5274.5,5275.5,2.5,5268.5,-4.5,5249.5,-23.5,False,False,False,True,False,True,False,False,False,True,False,True,False,False,False,True,False,True,28.5,0.5
291800,,,VELVETFRUIT_EXTRACT,XIRECS,5270.0,5,1,5269.0,5268,5270,5268.0,5274.0,0.8701298701298701,-0.03355704697986577,0.2,1,at_or_above_ask_touch,5269.0,5249.5,5274.5,5245.5,5274.5,5232.5,5274.5,5273.5,4.5,5268.5,-0.5,5249.5,-19.5,False,False,False,False,False,False,False,False,False,False,False,False,False,False,False,False,False,False,24.5,4.5
292400,,,VELVETFRUIT_EXTRACT,XIRECS,5275.0,8,1,5272.0,5269,5275,5269.0,5275.0,0.0,0.0,0.0,1,at_or_above_ask_touch,5272.0,5249.5,5274.5,5245.5,5274.5,5232.5,5274.5,5272.5,0.5,5269.5,-2.5,5250.0,-22.0,False,True,False,True,False,True,False,True,False,True,False,True,False,True,False,True,False,True,29.5,-0.5
296900,,,VELVETFRUIT_EXTRACT,XIRECS,5270.0,5,1,5273.0,5270,5276,5270.0,5276.0,0.0,0.0,0.0,-1,at_or_below_bid_touch,5273.0,5251.0,5277.5,5245.5,5277.5,5234.5,5277.5,5269.0,-4.0,5266.5,-6.5,5247.0,-26.0,False,False,False,False,False,False,False,False,False,False,False,False,False,False,False,False,False,False,24.5,7.5
297400,,,VELVETFRUIT_EXTRACT,XIRECS,5275.0,4,1,5272.5,5270,5275,5270.0,5276.0,0.5294117647058824,0.0,0.18181818181818182,1,at_or_above_ask_touch,5272.5,5251.0,5277.5,5245.5,5277.5,5236.5,5277.5,5269.5,-3.0,5271.5,-1.0,5246.0,-26.5,False,False,False,False,False,False,False,False,False,False,False,False,False,False,False,False,False,False,29.5,2.5
307500,,,VELVETFRUIT_EXTRACT,XIRECS,5275.0,8,1,5272.5,5270,5275,5269.0,5275.0,-0.4925373134328358,0.0,-0.20481927710843373,1,at_or_above_ask_touch,5272.5,5262.5,5277.5,5245.5,5277.5,5242.0,5277.5,5264.5,-8.0,5247.5,-25.0,5244.5,-28.0,False,False,False,False,False,False,False,False,False,False,False,False,False,False,False,False,False,False,29.5,2.5
308100,,,VELVETFRUIT_EXTRACT,XIRECS,5271.0,6,1,5270.0,5269,5271,5269.0,5275.0,0.7931034482758621,-0.05454545454545454,0.0,1,at_or_above_ask_touch,5270.0,5262.5,5277.5,5245.5,5277.5,5242.0,5277.5,5262.5,-7.5,5247.5,-22.5,5247.5,-22.5,False,False,False,False,False,False,False,False,False,False,False,False,False,False,False,False,False,False,25.5,6.5
309500,,,VELVETFRUIT_EXTRACT,XIRECS,5268.0,4,1,5265.5,5263,5268,5262.0,5268.0,-0.5365853658536586,0.0,-0.17757009345794392,1,at_or_above_ask_touch,5265.5,5262.5,5277.5,5245.5,5277.5,5242.0,5277.5,5253.5,-12.0,5247.0,-18.5,5248.5,-17.0,False,False,False,False,False,False,False,False,False,False,False,False,False,False,False,False,False,False,22.5,9.5
310500,,,VELVETFRUIT_EXTRACT,XIRECS,5266.0,11,1,5265.5,5265,5266,5264.0,5271.0,0.2413793103448276,-0.07913669064748201,0.0,1,at_or_above_ask_touch,5265.5,5262.5,5277.5,5245.5,5277.5,5242.0,5277.5,5251.5,-14.0,5245.0,-20.5,5248.5,-17.0,False,False,False,False,False,False,False,False,False,False,False,False,False,False,False,False,False,False,20.5,11.5
310600,,,VELVETFRUIT_EXTRACT,XIRECS,5264.0,3,1,5266.5,5264,5269,5263.0,5270.0,0.0,0.0,0.0,-1,at_or_below_bid_touch,5266.5,5262.5,5277.5,5245.5,5277.5,5242.0,5277.5,5250.0,-16.5,5246.5,-20.0,5248.0,-18.5,False,False,False,False,True,False,False,False,False,False,False,False,False,False,False,False,False,False,18.5,13.5
313000,,,VELVETFRUIT_EXTRACT,XIRECS,5267.0,5,1,5264.5,5262,5267,5261.0,5267.0,-0.575,0.0,-0.1559633027522936,1,at_or_above_ask_touch,5264.5,5262.5,5277.5,5245.5,5277.5,5242.0,5277.5,5246.5,-18.0,5253.5,-11.0,5251.5,-13.0,False,False,False,False,False,False,False,False,False,False,False,False,False,False,False,False,False,False,21.5,10.5
314500,,,VELVETFRUIT_EXTRACT,XIRECS,5251.0,4,1,5253.5,5251,5256,5250.0,5256.0,-0.38461538461538464,0.0,-0.2857142857142857,-1,at_or_below_bid_touch,5253.5,5253.5,5277.5,5245.5,5277.5,5242.0,5277.5,5247.0,-6.5,5250.5,-3.0,5252.0,-1.5,True,False,True,False,True,False,False,False,False,False,False,False,False,False,False,False,False,False,5.5,26.5
318900,,,VELVETFRUIT_EXTRACT,XIRECS,5250.0,4,1,5247.5,5245,5250,5245.0,5251.0,0.41025641025641024,0.0,0.26436781609195403,1,at_or_above_ask_touch,5247.5,5245.0,5272.5,5245.0,5277.5,5242.0,5277.5,5251.5,4.0,5248.5,1.0,5251.0,3.5,False,False,False,False,False,False,False,False,False,False,False,False,False,False,False,False,False,False,5.0,27.5
321900,,,VELVETFRUIT_EXTRACT,XIRECS,5253.0,7,1,5250.5,5248,5253,5248.0,5254.0,0.5121951219512195,0.0,0.19230769230769232,1,at_or_above_ask_touch,5250.5,5243.0,5272.5,5243.0,5277.5,5242.0,5277.5,5253.5,3.0,5241.5,-9.0,5249.5,-1.0,False,False,False,False,False,False,False,False,False,False,False,False,False,False,False,False,False,False,10.0,24.5
324100,,,VELVETFRUIT_EXTRACT,XIRECS,5254.0,7,1,5251.5,5249,5254,5248.0,5255.0,0.0,0.0,0.0,1,at_or_above_ask_touch,5251.5,5243.0,5272.5,5243.0,5277.5,5242.0,5277.5,5248.5,-3.0,5247.5,-4.0,5255.5,4.0,False,False,False,False,False,False,False,False,False,False,False,False,False,False,False,False,False,False,11.0,23.5
328500,,,VELVETFRUIT_EXTRACT,XIRECS,5249.0,4,1,5251.5,5249,5254,5248.0,5254.0,-0.4883720930232558,0.0,-0.20754716981132076,-1,at_or_below_bid_touch,5251.5,5243.0,5269.5,5243.0,5277.5,5242.0,5277.5,5244.5,-7.0,5248.5,-3.0,5250.5,-1.0,False,False,False,False,False,False,False,False,False,False,False,False,False,False,False,False,False,False,6.0,28.5
333100,,,VELVETFRUIT_EXTRACT,XIRECS,5236.0,4,1,5238.5,5236,5241,5236.0,5242.0,0.46153846153846156,0.0,0.22580645161290322,-1,at_or_below_bid_touch,5238.5,5236.5,5262.5,5236.5,5277.5,5236.5,5277.5,5251.5,13.0,5250.5,12.0,5250.5,12.0,True,False,True,False,True,False,True,False,True,False,True,False,True,False,True,False,True,False,-0.5,41.5
335300,,,VELVETFRUIT_EXTRACT,XIRECS,5245.0,3,1,5247.5,5245,5250,5245.0,5251.0,0.47368421052631576,0.0,0.21739130434782608,-1,at_or_below_bid_touch,5247.5,5236.5,5254.5,5236.5,5277.5,5236.5,5277.5,5251.5,4.0,5245.5,-2.0,5248.5,1.0,False,False,False,False,False,False,False,False,False,False,False,False,False,False,False,False,False,False,8.5,32.5
340500,,,VELVETFRUIT_EXTRACT,XIRECS,5249.0,9,1,5248.5,5248,5249,5247.0,5254.0,0.25,-0.08256880733944955,0.0,1,at_or_above_ask_touch,5248.5,5236.5,5254.5,5236.5,5277.5,5236.5,5277.5,5246.5,-2.0,5246.5,-2.0,5243.5,-5.0,False,False,False,False,False,False,False,False,False,False,False,False,False,False,False,False,False,False,12.5,28.5
342000,,,VELVETFRUIT_EXTRACT,XIRECS,5249.0,6,1,5251.5,5249,5254,5248.0,5254.0,-0.45454545454545453,0.0,-0.23076923076923078,-1,at_or_below_bid_touch,5251.5,5236.5,5254.5,5236.5,5277.5,5236.5,5277.5,5246.5,-5.0,5244.5,-7.0,5245.0,-6.5,False,False,False,False,False,False,False,False,False,False,False,False,False,False,False,False,False,False,12.5,28.5
343400,,,VELVETFRUIT_EXTRACT,XIRECS,5251.0,13,1,5250.5,5250,5251,5249.0,5255.0,0.16129032258064516,-0.09923664122137404,-0.18,1,at_or_above_ask_touch,5250.5,5236.5,5254.5,5236.5,5277.5,5236.5,5277.5,5250.0,-0.5,5245.0,-5.5,5247.5,-3.0,False,False,False,False,False,False,False,False,False,False,False,False,False,False,False,False,False,False,14.5,26.5
344200,,,VELVETFRUIT_EXTRACT,XIRECS,5253.0,4,1,5250.5,5248,5253,5247.0,5253.0,-0.45,0.0,-0.23404255319148937,1,at_or_above_ask_touch,5250.5,5236.5,5254.5,5236.5,5277.5,5236.5,5277.5,5245.5,-5.0,5243.5,-7.0,5240.5,-10.0,False,False,False,False,False,True,False,False,False,False,False,False,False,False,False,False,False,False,16.5,24.5
345700,,,VELVETFRUIT_EXTRACT,XIRECS,5245.0,7,1,5247.5,5245,5250,5244.0,5250.0,-0.5056179775280899,0.0,-0.19642857142857142,-1,at_or_below_bid_touch,5247.5,5236.5,5254.5,5236.5,5276.5,5236.5,5277.5,5247.5,0.0,5240.5,-7.0,5242.5,-5.0,False,False,False,False,False,False,False,False,False,False,False,False,False,False,False,False,False,False,8.5,31.5
358100,,,VELVETFRUIT_EXTRACT,XIRECS,5245.0,6,1,5247.5,5245,5250,5244.0,5250.0,-0.43820224719101125,0.0,-0.24271844660194175,-1,at_or_below_bid_touch,5247.5,5239.5,5253.5,5236.5,5272.0,5236.5,5277.5,5252.5,5.0,5250.5,3.0,5238.5,-9.0,False,False,False,False,False,False,False,False,False,False,False,False,False,False,False,False,False,False,8.5,27.0
364900,,,VELVETFRUIT_EXTRACT,XIRECS,5251.0,7,1,5253.5,5251,5256,5250.0,5256.0,-0.45,0.0,-0.23404255319148937,-1,at_or_below_bid_touch,5253.5,5239.5,5257.5,5236.5,5257.5,5236.5,5277.5,5251.5,-2.0,5251.5,-2.0,5236.5,-17.0,False,False,False,False,False,False,False,False,False,False,False,False,False,False,False,False,False,False,14.5,6.5
365600,,,VELVETFRUIT_EXTRACT,XIRECS,5250.0,8,1,5252.5,5250,5255,5249.0,5255.0,-0.41025641025641024,0.0,-0.26436781609195403,-1,at_or_below_bid_touch,5252.5,5239.5,5257.5,5236.5,5257.5,5236.5,5277.5,5250.5,-2.0,5249.5,-3.0,5233.5,-19.0,False,False,False,False,False,False,False,False,False,False,False,False,False,False,False,False,False,False,13.5,7.5
367900,,,VELVETFRUIT_EXTRACT,XIRECS,5248.0,5,1,5247.0,5246,5248,5246.0,5252.0,0.855072463768116,-0.03759398496240601,0.20754716981132076,1,at_or_above_ask_touch,5247.0,5239.5,5257.5,5236.5,5257.5,5236.5,5277.5,5253.5,6.5,5248.5,1.5,5231.5,-15.5,False,False,False,False,False,False,False,False,False,False,False,False,False,False,False,False,False,False,11.5,9.5
374100,,,VELVETFRUIT_EXTRACT,XIRECS,5253.0,6,1,5255.5,5253,5258,5252.0,5258.0,-0.48148148148148145,0.0,-0.21212121212121213,-1,at_or_below_bid_touch,5255.5,5239.5,5257.5,5236.5,5257.5,5236.5,5277.5,5247.5,-8.0,5249.5,-6.0,5233.0,-22.5,False,False,False,False,False,False,False,False,False,False,False,False,False,False,False,False,False,False,16.5,4.5
374400,,,VELVETFRUIT_EXTRACT,XIRECS,5253.0,4,1,5255.5,5253,5258,5252.0,5259.0,0.0,0.0,0.0,-1,at_or_below_bid_touch,5255.5,5239.5,5257.5,5236.5,5257.5,5236.5,5277.5,5252.0,-3.5,5248.5,-7.0,5232.0,-23.5,False,False,False,False,False,False,False,False,False,False,False,False,False,False,False,False,False,False,16.5,4.5
380900,,,VELVETFRUIT_EXTRACT,XIRECS,5250.0,8,1,5253.0,5250,5256,5250.0,5256.0,0.0,0.0,0.0,-1,at_or_below_bid_touch,5253.0,5245.0,5257.5,5236.5,5257.5,5236.5,5277.5,5247.5,-5.5,5245.5,-7.5,5227.5,-25.5,False,False,False,False,False,False,False,False,False,False,False,False,False,False,False,False,False,False,13.5,7.5
381700,,,VELVETFRUIT_EXTRACT,XIRECS,5255.0,8,1,5252.5,5250,5255,5249.0,5256.0,0.0,0.0,0.0,1,at_or_above_ask_touch,5252.5,5245.0,5257.5,5236.5,5257.5,5236.5,5277.5,5245.5,-7.0,5242.5,-10.0,5230.5,-22.0,False,False,False,False,False,False,False,False,False,False,False,False,False,False,False,False,False,False,18.5,2.5
383700,,,VELVETFRUIT_EXTRACT,XIRECS,5246.0,7,1,5248.5,5246,5251,5245.0,5251.0,-0.5,0.0,-0.2,-1,at_or_below_bid_touch,5248.5,5245.0,5256.5,5239.5,5257.5,5236.5,5277.5,5245.5,-3.0,5243.5,-5.0,5231.5,-17.0,False,False,True,False,True,False,False,False,False,False,False,False,False,False,False,False,False,False,6.5,11.5
385900,,,VELVETFRUIT_EXTRACT,XIRECS,5245.0,3,1,5247.5,5245,5250,5244.0,5250.0,-0.4725274725274725,0.0,-0.21818181818181817,-1,at_or_below_bid_touch,5247.5,5245.0,5256.0,5239.5,5257.5,5236.5,5277.5,5245.5,-2.0,5243.5,-4.0,5232.0,-15.5,True,False,True,False,True,False,False,False,False,False,False,False,False,False,False,False,False,False,5.5,12.5
386000,,,VELVETFRUIT_EXTRACT,XIRECS,5244.0,8,1,5246.5,5244,5249,5243.0,5249.0,-0.42857142857142855,0.0,-0.25,-1,at_or_below_bid_touch,5246.5,5245.0,5256.0,5239.5,5257.5,5236.5,5277.5,5244.5,-2.0,5243.5,-3.0,5230.5,-16.0,True,False,True,False,True,False,False,False,False,False,False,False,False,False,False,False,False,False,4.5,13.5
390100,,,VELVETFRUIT_EXTRACT,XIRECS,5244.0,10,1,5243.0,5242,5244,5242.0,5248.0,0.7183098591549296,-0.07575757575757576,0.0,1,at_or_above_ask_touch,5243.0,5241.5,5256.0,5239.5,5257.5,5236.5,5277.5,5239.0,-4.0,5242.5,-0.5,5234.5,-8.5,False,False,False,False,False,False,False,False,False,False,False,False,False,False,False,False,False,False,4.5,13.5
392300,,,VELVETFRUIT_EXTRACT,XIRECS,5242.0,5,1,5244.5,5242,5247,5241.0,5247.0,-0.45454545454545453,0.0,-0.23076923076923078,-1,at_or_below_bid_touch,5244.5,5241.5,5256.0,5239.5,5257.5,5236.5,5277.5,5240.5,-4.0,5240.5,-4.0,5234.0,-10.5,False,False,True,False,True,False,False,False,False,False,False,False,False,False,False,False,False,False,2.5,15.5
393000,,,VELVETFRUIT_EXTRACT,XIRECS,5242.0,4,1,5244.5,5242,5247,5242.0,5248.0,0.4523809523809524,0.0,0.23232323232323232,-1,at_or_below_bid_touch,5244.5,5241.5,5256.0,5239.5,5257.5,5236.5,5277.5,5240.5,-4.0,5243.5,-1.0,5236.5,-8.0,False,False,True,False,True,False,False,False,False,False,False,False,False,False,False,False,False,False,2.5,15.5
393900,,,VELVETFRUIT_EXTRACT,XIRECS,5241.0,6,1,5242.0,5241,5243,5241.0,5247.0,0.7142857142857143,-0.07692307692307693,0.17647058823529413,-1,at_or_below_bid_touch,5242.0,5241.5,5255.5,5239.5,5257.5,5236.5,5277.5,5238.5,-3.5,5243.5,1.5,5239.5,-2.5,True,False,True,False,True,False,False,False,False,False,True,False,False,False,False,False,False,False,1.5,16.5
394700,,,VELVETFRUIT_EXTRACT,XIRECS,5237.0,8,1,5239.5,5237,5242,5236.0,5242.0,-0.52,0.0,-0.1875,-1,at_or_below_bid_touch,5239.5,5239.0,5254.5,5239.0,5257.5,5236.5,5277.5,5240.5,1.0,5243.5,4.0,5241.5,2.0,True,False,True,False,True,False,True,False,True,False,True,False,False,False,True,False,True,False,-2.0,20.5
396000,,,VELVETFRUIT_EXTRACT,XIRECS,5246.0,8,1,5243.5,5241,5246,5240.0,5246.0,-0.6049382716049383,0.0,-0.14035087719298245,1,at_or_above_ask_touch,5243.5,5239.0,5254.5,5239.0,5257.5,5236.5,5275.5,5243.5,0.0,5241.0,-2.5,5247.5,4.0,False,False,False,False,False,False,False,False,False,False,False,False,False,False,False,False,False,False,7.0,11.5
396200,,,VELVETFRUIT_EXTRACT,XIRECS,5240.0,7,1,5242.5,5240,5245,5240.0,5246.0,0.6103896103896104,0.0,0.13761467889908258,-1,at_or_below_bid_touch,5242.5,5239.0,5254.5,5239.0,5257.5,5236.5,5275.5,5243.0,0.5,5242.5,0.0,5248.5,6.0,False,False,True,False,True,False,False,False,True,False,True,False,False,False,False,False,False,False,1.0,17.5
398400,,,VELVETFRUIT_EXTRACT,XIRECS,5235.0,6,1,5237.5,5235,5240,5234.0,5241.0,0.0,0.0,0.0,-1,at_or_below_bid_touch,5237.5,5237.5,5254.5,5237.5,5257.5,5236.5,5272.5,5241.5,4.0,5238.5,1.0,5249.5,12.0,True,False,True,False,True,False,True,False,True,False,True,False,True,False,True,False,True,False,-2.5,22.5
400100,,,VELVETFRUIT_EXTRACT,XIRECS,5240.0,8,1,5242.5,5240,5245,5239.0,5245.0,-0.6,0.0,-0.14285714285714285,-1,at_or_below_bid_touch,5242.5,5237.5,5254.5,5237.5,5257.5,5236.5,5272.5,5245.5,3.0,5236.5,-6.0,5246.5,4.0,False,False,False,False,False,False,False,False,False,False,False,False,False,False,False,False,False,False,2.5,17.5
401900,,,VELVETFRUIT_EXTRACT,XIRECS,5242.0,8,1,5244.5,5242,5247,5242.0,5248.0,0.5802469135802469,0.0,0.15315315315315314,-1,at_or_below_bid_touch,5244.5,5237.5,5253.5,5237.5,5257.5,5236.5,5272.5,5243.0,-1.5,5233.5,-11.0,5247.5,3.0,False,False,False,False,False,False,False,False,False,False,False,False,False,False,False,False,False,False,4.5,15.5
402400,,,VELVETFRUIT_EXTRACT,XIRECS,5240.0,6,1,5242.5,5240,5245,5239.0,5245.0,-0.45,0.0,-0.23404255319148937,-1,at_or_below_bid_touch,5242.5,5237.5,5251.5,5237.5,5257.5,5236.5,5272.5,5242.0,-0.5,5235.5,-7.0,5249.0,6.5,False,False,False,False,False,False,False,False,False,False,False,False,False,False,False,False,False,False,2.5,17.5
403500,,,VELVETFRUIT_EXTRACT,XIRECS,5239.0,8,1,5241.5,5239,5244,5239.0,5245.0,0.5268817204301075,0.0,0.18333333333333332,-1,at_or_below_bid_touch,5241.5,5237.5,5250.5,5237.5,5257.5,5236.5,5272.5,5237.5,-4.0,5235.0,-6.5,5248.0,6.5,False,False,False,False,True,False,False,False,False,False,True,False,False,False,False,False,False,False,1.5,18.5
404200,,,VELVETFRUIT_EXTRACT,XIRECS,5247.0,4,1,5244.5,5242,5247,5242.0,5248.0,0.4666666666666667,0.0,0.2222222222222222,1,at_or_above_ask_touch,5244.5,5237.5,5249.5,5237.5,5257.5,5236.5,5272.5,5236.5,-8.0,5236.0,-8.5,5249.5,5.0,False,False,False,False,False,False,False,False,False,False,False,False,False,False,False,False,False,False,9.5,10.5
406400,,,VELVETFRUIT_EXTRACT,XIRECS,5246.0,5,1,5243.5,5241,5246,5240.0,5247.0,0.0,0.0,0.0,1,at_or_above_ask_touch,5243.5,5237.5,5249.5,5237.5,5257.5,5236.5,5272.5,5232.5,-11.0,5233.5,-10.0,5246.5,3.0,False,False,False,False,False,False,False,False,False,False,False,False,False,False,False,False,False,False,8.5,11.5
410600,,,VELVETFRUIT_EXTRACT,XIRECS,5239.0,6,1,5236.5,5234,5239,5234.0,5240.0,0.5443037974683544,0.0,0.17307692307692307,1,at_or_above_ask_touch,5236.5,5232.0,5247.5,5232.0,5257.5,5232.0,5266.5,5233.5,-3.0,5225.5,-11.0,5250.5,14.0,False,False,False,False,False,False,False,False,False,False,False,False,False,False,False,False,False,False,7.0,18.5
411200,,,VELVETFRUIT_EXTRACT,XIRECS,5236.0,7,1,5233.5,5231,5236,5230.0,5236.0,-0.5,0.0,-0.2,1,at_or_above_ask_touch,5233.5,5232.0,5247.5,5232.0,5257.5,5232.0,5266.5,5233.5,0.0,5227.5,-6.0,5252.0,18.5,False,False,False,False,False,False,False,False,False,False,False,False,False,False,False,False,False,False,4.0,21.5
411300,,,VELVETFRUIT_EXTRACT,XIRECS,5236.0,7,1,5233.5,5231,5236,5230.0,5236.0,-0.5189873417721519,0.0,-0.18811881188118812,1,at_or_above_ask_touch,5233.5,5232.0,5247.5,5232.0,5257.5,5232.0,5266.5,5233.5,0.0,5229.0,-4.5,5254.0,20.5,False,False,False,False,False,False,False,False,False,False,False,False,False,False,False,False,False,False,4.0,21.5
415700,,,VELVETFRUIT_EXTRACT,XIRECS,5234.0,3,1,5231.5,5229,5234,5228.0,5235.0,0.0,0.0,0.0,1,at_or_above_ask_touch,5231.5,5231.5,5246.5,5231.5,5256.0,5231.5,5257.5,5225.5,-6.0,5235.5,4.0,5254.5,23.0,False,False,False,False,False,False,False,False,False,False,False,False,False,False,False,False,False,False,2.5,22.0
419900,,,VELVETFRUIT_EXTRACT,XIRECS,5231.0,6,1,5228.5,5226,5231,5225.0,5231.0,-0.5581395348837209,0.0,-0.16521739130434782,1,at_or_above_ask_touch,5228.5,5228.0,5246.5,5228.0,5256.0,5228.0,5257.5,5232.5,4.0,5230.5,2.0,5251.5,23.0,False,False,False,False,False,False,False,False,False,False,False,False,False,False,False,False,False,False,3.0,25.0
424500,,,VELVETFRUIT_EXTRACT,XIRECS,5235.0,7,1,5232.5,5230,5235,5230.0,5236.0,0.6153846153846154,0.0,0.13513513513513514,1,at_or_above_ask_touch,5232.5,5225.5,5245.5,5225.5,5254.5,5225.5,5257.5,5228.5,-4.0,5230.5,-2.0,5253.0,20.5,False,False,False,False,False,False,False,False,False,False,False,False,False,False,False,False,False,False,9.5,19.5
426800,,,VELVETFRUIT_EXTRACT,XIRECS,5232.0,8,1,5234.5,5232,5237,5231.0,5237.0,-0.5294117647058824,0.0,-0.18181818181818182,-1,at_or_below_bid_touch,5234.5,5225.5,5243.5,5225.5,5254.5,5225.5,5257.5,5230.5,-4.0,5235.0,0.5,5255.0,20.5,False,False,False,False,False,False,False,False,False,False,False,False,False,False,False,False,False,False,6.5,22.5
427600,,,VELVETFRUIT_EXTRACT,XIRECS,5237.0,8,1,5234.5,5232,5237,5232.0,5238.0,0.5280898876404494,0.0,0.1826086956521739,1,at_or_above_ask_touch,5234.5,5225.5,5240.5,5225.5,5254.5,5225.5,5257.5,5229.0,-5.5,5231.5,-3.0,5258.5,24.0,False,False,False,False,False,False,False,False,False,False,False,False,False,False,False,False,False,False,11.5,17.5
430200,,,VELVETFRUIT_EXTRACT,XIRECS,5230.0,3,1,5227.5,5225,5230,5225.0,5231.0,0.4606741573033708,0.0,0.22641509433962265,1,at_or_above_ask_touch,5227.5,5225.5,5237.5,5225.5,5254.5,5225.5,5257.5,5227.5,0.0,5234.5,7.0,5251.5,24.0,False,False,False,False,False,False,False,False,False,False,False,False,False,False,False,False,False,False,4.5,24.5
431000,,,VELVETFRUIT_EXTRACT,XIRECS,5233.0,5,1,5230.5,5228,5233,5227.0,5233.0,-0.5,0.0,-0.2,1,at_or_above_ask_touch,5230.5,5225.5,5237.5,5225.5,5254.5,5225.5,5257.5,5230.5,0.0,5235.5,5.0,5249.5,19.0,False,False,False,False,False,False,False,False,False,False,False,False,False,False,False,False,False,False,7.5,21.5
431700,,,VELVETFRUIT_EXTRACT,XIRECS,5233.0,4,1,5230.5,5228,5233,5227.0,5234.0,0.0,0.0,0.0,1,at_or_above_ask_touch,5230.5,5225.5,5237.5,5225.5,5253.5,5225.5,5257.5,5236.0,5.5,5232.5,2.0,5243.5,13.0,False,False,False,False,False,False,False,False,False,False,False,False,False,False,False,False,False,False,7.5,20.5
432100,,,VELVETFRUIT_EXTRACT,XIRECS,5234.0,3,1,5231.5,5229,5234,5229.0,5235.0,0.5342465753424658,0.0,0.17894736842105263,1,at_or_above_ask_touch,5231.5,5225.5,5237.5,5225.5,5253.5,5225.5,5257.5,5233.5,2.0,5233.5,2.0,5243.5,12.0,False,False,False,False,False,False,False,False,False,False,False,False,False,False,False,False,False,False,8.5,19.5
435300,,,VELVETFRUIT_EXTRACT,XIRECS,5225.0,8,1,5227.5,5225,5230,5225.0,5231.0,0.45,0.0,0.23404255319148937,-1,at_or_below_bid_touch,5227.5,5225.5,5237.0,5225.5,5249.5,5225.5,5257.5,5234.5,7.0,5244.5,17.0,5241.5,14.0,True,False,True,False,True,False,True,False,True,False,True,False,True,False,True,False,True,False,-0.5,24.5
438000,,,VELVETFRUIT_EXTRACT,XIRECS,5230.0,7,1,5233.0,5230,5236,5230.0,5236.0,0.0,0.0,0.0,-1,at_or_below_bid_touch,5233.0,5225.5,5237.0,5225.5,5249.5,5225.5,5257.5,5236.5,3.5,5251.5,18.5,5239.5,6.5,False,False,False,False,False,False,False,False,False,False,False,False,False,False,False,False,False,False,4.5,19.5
444300,,,VELVETFRUIT_EXTRACT,XIRECS,5238.0,7,1,5240.5,5238,5243,5238.0,5244.0,0.6049382716049383,0.0,0.14035087719298245,-1,at_or_below_bid_touch,5240.5,5227.0,5240.5,5225.5,5246.5,5225.5,5257.5,5244.5,4.0,5249.5,9.0,5240.5,0.0,False,False,False,False,False,False,False,False,False,False,False,False,False,False,False,False,False,False,12.5,8.5
445900,,,VELVETFRUIT_EXTRACT,XIRECS,5249.0,4,1,5246.5,5244,5249,5243.0,5250.0,0.0,0.0,0.0,1,at_or_above_ask_touch,5246.5,5227.0,5246.5,5225.5,5246.5,5225.5,5257.5,5245.0,-1.5,5246.5,0.0,5239.5,-7.0,False,True,False,True,False,True,False,True,False,True,False,True,False,False,False,False,False,False,23.5,-2.5
448100,,,VELVETFRUIT_EXTRACT,XIRECS,5254.0,3,1,5251.5,5249,5254,5248.0,5254.0,-0.5342465753424658,0.0,-0.17894736842105263,1,at_or_above_ask_touch,5251.5,5227.0,5254.5,5225.5,5254.5,5225.5,5257.5,5248.0,-3.5,5244.0,-7.5,5242.5,-9.0,False,False,False,True,False,True,False,False,False,True,False,True,False,False,False,False,False,False,28.5,0.5
453500,,,VELVETFRUIT_EXTRACT,XIRECS,5245.0,8,1,5248.0,5245,5251,5245.0,5251.0,0.0,0.0,0.0,-1,at_or_below_bid_touch,5248.0,5227.5,5254.5,5225.5,5254.5,5225.5,5257.5,5244.5,-3.5,5251.5,3.5,5250.5,2.5,False,False,False,False,False,False,False,False,False,False,False,False,False,False,False,False,False,False,19.5,9.5
453600,,,VELVETFRUIT_EXTRACT,XIRECS,5252.0,4,1,5249.5,5247,5252,5246.0,5252.0,-0.5151515151515151,0.0,-0.19047619047619047,1,at_or_above_ask_touch,5249.5,5227.5,5254.5,5225.5,5254.5,5225.5,5257.5,5244.5,-5.0,5252.5,3.0,5250.5,1.0,False,False,False,False,False,False,False,False,False,False,False,False,False,False,False,False,False,False,26.5,2.5
454800,,,VELVETFRUIT_EXTRACT,XIRECS,5245.0,3,1,5248.0,5245,5251,5245.0,5251.0,0.0,0.0,0.0,-1,at_or_below_bid_touch,5248.0,5227.5,5254.5,5225.5,5254.5,5225.5,5257.5,5249.5,1.5,5253.0,5.0,5253.5,5.5,False,False,False,False,False,False,False,False,False,False,False,False,False,False,False,False,False,False,19.5,9.5
455200,,,VELVETFRUIT_EXTRACT,XIRECS,5244.0,6,1,5247.0,5244,5250,5244.0,5250.0,0.0,0.0,0.0,-1,at_or_below_bid_touch,5247.0,5227.5,5254.5,5225.5,5254.5,5225.5,5257.5,5250.5,3.5,5250.5,3.5,5254.5,7.5,False,False,False,False,False,False,False,False,False,False,False,False,False,False,False,False,False,False,18.5,10.5
458400,,,VELVETFRUIT_EXTRACT,XIRECS,5248.0,3,1,5245.5,5243,5248,5243.0,5249.0,0.5081967213114754,0.0,0.19480519480519481,1,at_or_above_ask_touch,5245.5,5232.5,5254.5,5225.5,5254.5,5225.5,5257.5,5250.5,5.0,5249.5,4.0,5262.5,17.0,False,False,False,False,False,False,False,False,False,False,False,False,False,False,False,False,False,False,22.5,6.5
459900,,,VELVETFRUIT_EXTRACT,XIRECS,5252.0,8,1,5249.5,5247,5252,5246.0,5252.0,-0.5405405405405406,0.0,-0.17525773195876287,1,at_or_above_ask_touch,5249.5,5232.5,5254.5,5225.5,5254.5,5225.5,5257.5,5250.0,0.5,5251.5,2.0,5262.5,13.0,False,False,False,False,False,False,False,False,False,False,False,False,False,False,False,False,False,False,26.5,2.5
460700,,,VELVETFRUIT_EXTRACT,XIRECS,5254.0,6,1,5251.5,5249,5254,5248.0,5255.0,0.0,0.0,0.0,1,at_or_above_ask_touch,5251.5,5232.5,5254.5,5225.5,5254.5,5225.5,5257.5,5254.5,3.0,5254.0,2.5,5263.0,11.5,False,False,False,True,False,True,False,False,False,True,False,True,False,False,False,False,False,False,28.5,0.5
462300,,,VELVETFRUIT_EXTRACT,XIRECS,5259.0,8,1,5256.0,5253,5259,5253.0,5259.0,0.0,0.0,0.0,1,at_or_above_ask_touch,5256.0,5232.5,5256.5,5225.5,5256.5,5225.5,5257.5,5250.5,-5.5,5251.5,-4.5,5265.0,9.0,False,True,False,True,False,True,False,True,False,True,False,True,False,True,False,True,False,True,33.5,-2.5
465300,,,VELVETFRUIT_EXTRACT,XIRECS,5255.0,8,1,5252.5,5250,5255,5249.0,5256.0,0.0,0.0,0.0,1,at_or_above_ask_touch,5252.5,5239.0,5256.5,5225.5,5256.5,5225.5,5256.5,5254.0,1.5,5253.5,1.0,5267.5,15.0,False,False,False,False,False,True,False,False,False,False,False,True,False,False,False,False,False,True,29.5,1.5
468000,,,VELVETFRUIT_EXTRACT,XIRECS,5247.0,3,1,5249.5,5247,5252,5247.0,5253.0,0.45714285714285713,0.0,0.2289156626506024,-1,at_or_below_bid_touch,5249.5,5239.0,5256.5,5225.5,5256.5,5225.5,5256.5,5251.5,2.0,5255.5,6.0,5258.5,9.0,False,False,False,False,False,False,False,False,False,False,False,False,False,False,False,False,False,False,21.5,9.5
469300,,,VELVETFRUIT_EXTRACT,XIRECS,5252.0,6,1,5254.5,5252,5257,5252.0,5258.0,0.575,0.0,0.1559633027522936,-1,at_or_below_bid_touch,5254.5,5239.0,5256.5,5225.5,5256.5,5225.5,5256.5,5254.5,0.0,5249.5,-5.0,5256.5,2.0,False,False,False,False,False,False,False,False,False,False,False,False,False,False,False,False,False,False,26.5,4.5
469600,,,VELVETFRUIT_EXTRACT,XIRECS,5252.0,7,1,5254.5,5252,5257,5251.0,5258.0,0.0,0.0,0.0,-1,at_or_below_bid_touch,5254.5,5239.0,5256.5,5225.5,5256.5,5225.5,5256.5,5253.5,-1.0,5249.5,-5.0,5258.5,4.0,False,False,False,False,False,False,False,False,False,False,False,False,False,False,False,False,False,False,26.5,4.5
470400,,,VELVETFRUIT_EXTRACT,XIRECS,5257.0,4,1,5254.5,5252,5257,5252.0,5258.0,0.42857142857142855,0.0,0.25,1,at_or_above_ask_touch,5254.5,5239.0,5256.5,5225.5,5256.5,5225.5,5256.5,5253.0,-1.5,5249.5,-5.0,5260.0,5.5,False,True,False,True,False,True,False,True,False,True,False,True,False,True,False,True,False,True,31.5,-0.5
472600,,,VELVETFRUIT_EXTRACT,XIRECS,5249.0,3,1,5251.5,5249,5254,5248.0,5254.0,-0.4772727272727273,0.0,-0.21495327102803738,-1,at_or_below_bid_touch,5251.5,5239.0,5256.5,5227.0,5256.5,5225.5,5256.5,5258.5,7.0,5244.5,-7.0,5259.0,7.5,False,False,False,False,False,False,False,False,False,False,False,False,False,False,False,False,False,False,22.0,7.5
475400,,,VELVETFRUIT_EXTRACT,XIRECS,5254.0,7,1,5253.0,5252,5254,5252.0,5258.0,0.6296296296296297,-0.10204081632653061,0.0,1,at_or_above_ask_touch,5253.0,5239.0,5256.5,5227.0,5256.5,5225.5,5256.5,5249.5,-3.5,5243.5,-9.5,5257.5,4.5,False,False,False,False,False,False,False,False,False,False,False,False,False,False,False,False,False,False,27.0,2.5
477900,,,VELVETFRUIT_EXTRACT,XIRECS,5258.0,5,1,5255.0,5252,5258,5252.0,5258.0,0.0,0.0,0.0,1,at_or_above_ask_touch,5255.0,5244.0,5258.5,5227.0,5258.5,5225.5,5258.5,5242.5,-12.5,5239.5,-15.5,5252.5,-2.5,False,False,False,True,False,True,False,False,False,True,False,True,False,False,False,True,False,True,31.0,0.5
478900,,,VELVETFRUIT_EXTRACT,XIRECS,5250.0,4,1,5252.5,5250,5255,5249.0,5255.0,-0.42528735632183906,0.0,-0.25252525252525254,-1,at_or_below_bid_touch,5252.5,5244.5,5258.5,5227.0,5258.5,5225.5,5258.5,5242.5,-10.0,5241.5,-11.0,5253.0,0.5,False,False,False,False,False,False,False,False,False,False,False,False,False,False,False,False,False,False,23.0,8.5
480100,,,VELVETFRUIT_EXTRACT,XIRECS,5250.0,10,1,5249.0,5248,5250,5248.0,5254.0,0.6923076923076923,-0.08333333333333333,0.2087912087912088,1,at_or_above_ask_touch,5249.0,5247.5,5258.5,5227.0,5258.5,5225.5,5258.5,5242.0,-7.0,5242.5,-6.5,5253.0,4.0,False,False,False,False,False,False,False,False,False,False,False,False,False,False,False,False,False,False,23.0,8.5
483100,,,VELVETFRUIT_EXTRACT,XIRECS,5245.0,8,1,5242.5,5240,5245,5240.0,5246.0,0.5609756097560976,0.0,0.16363636363636364,1,at_or_above_ask_touch,5242.5,5242.5,5258.5,5227.5,5258.5,5225.5,5258.5,5240.0,-2.5,5241.5,-1.0,5248.5,6.0,False,False,False,False,False,False,False,False,False,False,False,False,False,False,False,False,False,False,17.5,13.5
483800,,,VELVETFRUIT_EXTRACT,XIRECS,5238.0,7,1,5241.0,5238,5244,5238.0,5244.0,0.0,0.0,0.0,-1,at_or_below_bid_touch,5241.0,5238.5,5258.5,5227.5,5258.5,5225.5,5258.5,5240.5,-0.5,5240.0,-1.0,5246.5,5.5,True,False,True,False,True,False,False,False,False,False,False,False,False,False,False,False,False,False,10.5,20.5
486400,,,VELVETFRUIT_EXTRACT,XIRECS,5239.0,7,1,5242.0,5239,5245,5239.0,5245.0,0.0,0.0,0.0,-1,at_or_below_bid_touch,5242.0,5238.5,5258.5,5231.0,5258.5,5225.5,5258.5,5244.5,2.5,5239.5,-2.5,5241.5,-0.5,False,False,True,False,True,False,False,False,False,False,False,False,False,False,False,False,False,False,8.0,19.5
489700,,,VELVETFRUIT_EXTRACT,XIRECS,5237.0,6,1,5239.5,5237,5242,5236.0,5243.0,0.0,0.0,0.0,-1,at_or_below_bid_touch,5239.5,5237.5,5258.5,5232.5,5258.5,5225.5,5258.5,5238.5,-1.0,5243.5,4.0,5235.5,-4.0,True,False,True,False,True,False,False,False,False,False,False,False,False,False,False,False,False,False,4.5,21.5
490900,,,VELVETFRUIT_EXTRACT,XIRECS,5246.0,5,1,5243.5,5241,5246,5240.0,5247.0,0.0,0.0,0.0,1,at_or_above_ask_touch,5243.5,5237.5,5258.5,5232.5,5258.5,5225.5,5258.5,5239.5,-4.0,5245.5,2.0,5238.5,-5.0,False,False,False,False,False,False,False,False,False,False,False,False,False,False,False,False,False,False,13.5,12.5
492100,,,VELVETFRUIT_EXTRACT,XIRECS,5241.0,5,1,5243.5,5241,5246,5240.0,5246.0,-0.6097560975609756,0.0,-0.13793103448275862,-1,at_or_below_bid_touch,5243.5,5237.5,5258.5,5232.5,5258.5,5225.5,5258.5,5241.5,-2.0,5250.5,7.0,5237.5,-6.0,False,False,False,False,False,False,False,False,False,False,False,False,False,False,False,False,False,False,8.5,17.5
493900,,,VELVETFRUIT_EXTRACT,XIRECS,5237.0,3,1,5239.5,5237,5242,5237.0,5243.0,0.5492957746478874,0.0,0.1702127659574468,-1,at_or_below_bid_touch,5239.5,5237.5,5258.5,5237.5,5258.5,5225.5,5258.5,5242.5,3.0,5249.5,10.0,5238.5,-1.0,True,False,True,False,True,False,True,False,True,False,True,False,False,False,False,False,False,False,-0.5,21.5
496200,,,VELVETFRUIT_EXTRACT,XIRECS,5239.0,5,1,5241.5,5239,5244,5238.0,5245.0,0.0,0.0,0.0,-1,at_or_below_bid_touch,5241.5,5236.5,5258.5,5236.5,5258.5,5225.5,5258.5,5245.5,4.0,5256.5,15.0,5233.5,-8.0,False,False,False,False,False,False,False,False,False,False,False,False,False,False,False,False,False,False,2.5,19.5
498200,,,VELVETFRUIT_EXTRACT,XIRECS,5241.0,5,1,5239.5,5239,5240,5238.0,5244.0,0.6,-0.03896103896103896,-0.1935483870967742,1,at_or_above_ask_touch,5239.5,5236.5,5254.5,5236.5,5258.5,5225.5,5258.5,5252.5,13.0,5262.5,23.0,5232.5,-7.0,False,False,False,False,False,False,False,False,False,False,False,False,False,False,False,False,False,False,4.5,17.5
498400,,,VELVETFRUIT_EXTRACT,XIRECS,5238.0,7,1,5240.5,5238,5243,5237.0,5244.0,0.0,0.0,0.0,-1,at_or_below_bid_touch,5240.5,5236.5,5254.5,5236.5,5258.5,5225.5,5258.5,5250.5,10.0,5262.5,22.0,5232.5,-8.0,False,False,False,False,True,False,False,False,False,False,True,False,False,False,False,False,False,False,1.5,20.5
505300,,,VELVETFRUIT_EXTRACT,XIRECS,5256.0,3,1,5254.5,5253,5256,5253.0,5259.0,0.71875,-0.07563025210084033,0.0,1,at_or_above_ask_touch,5254.5,5236.5,5254.5,5236.5,5258.5,5225.5,5258.5,5263.5,9.0,5267.5,13.0,5232.5,-22.0,False,True,False,True,False,True,False,False,False,False,False,False,False,False,False,False,False,False,19.5,2.5
506200,,,VELVETFRUIT_EXTRACT,XIRECS,5254.0,5,1,5256.5,5254,5259,5253.0,5260.0,0.0,0.0,0.0,-1,at_or_below_bid_touch,5256.5,5236.5,5258.5,5236.5,5258.5,5225.5,5258.5,5265.0,8.5,5267.5,11.0,5226.5,-30.0,False,False,False,False,False,False,False,False,False,False,False,False,False,False,False,False,False,False,17.5,4.5
509700,,,VELVETFRUIT_EXTRACT,XIRECS,5260.0,13,1,5259.5,5259,5260,5258.0,5264.0,0.2571428571428571,0.2222222222222222,0.3333333333333333,1,at_or_above_ask_touch,5259.5,5236.5,5263.5,5236.5,5263.5,5225.5,5263.5,5268.5,9.0,5259.5,0.0,5227.0,-32.5,False,False,False,False,False,False,False,False,False,False,False,False,False,False,False,False,False,False,23.5,3.5
514100,,,VELVETFRUIT_EXTRACT,XIRECS,5263.0,7,1,5264.5,5263,5266,5260.0,5266.0,-0.855072463768116,0.03759398496240601,-0.20754716981132076,-1,at_or_below_bid_touch,5264.5,5236.5,5268.5,5236.5,5268.5,5225.5,5268.5,5257.0,-7.5,5258.5,-6.0,5233.5,-31.0,False,False,False,False,False,False,False,False,False,False,False,False,False,False,False,False,False,False,26.5,5.5
514500,,,VELVETFRUIT_EXTRACT,XIRECS,5265.0,6,1,5267.5,5265,5270,5264.0,5270.0,-0.4523809523809524,0.0,-0.23232323232323232,-1,at_or_below_bid_touch,5267.5,5236.5,5268.5,5236.5,5268.5,5225.5,5268.5,5258.5,-9.0,5258.0,-9.5,5232.5,-35.0,False,False,False,False,False,False,False,False,False,False,False,False,False,False,False,False,False,False,28.5,3.5
516800,,,VELVETFRUIT_EXTRACT,XIRECS,5261.0,5,1,5263.5,5261,5266,5260.0,5267.0,0.0,0.0,0.0,-1,at_or_below_bid_touch,5263.5,5239.0,5268.5,5236.5,5268.5,5225.5,5268.5,5262.5,-1.0,5253.5,-10.0,5235.5,-28.0,False,False,False,False,False,False,False,False,False,False,False,False,False,False,False,False,False,False,24.5,7.5
520500,,,VELVETFRUIT_EXTRACT,XIRECS,5256.0,4,1,5258.5,5256,5261,5256.0,5262.0,0.5217391304347826,0.0,0.1864406779661017,-1,at_or_below_bid_touch,5258.5,5244.0,5268.5,5236.5,5268.5,5225.5,5268.5,5256.0,-2.5,5251.5,-7.0,5236.5,-22.0,False,False,False,False,False,False,False,False,False,False,False,False,False,False,False,False,False,False,19.5,12.5
521800,,,VELVETFRUIT_EXTRACT,XIRECS,5265.0,3,1,5262.5,5260,5265,5259.0,5266.0,0.0,0.0,0.0,1,at_or_above_ask_touch,5262.5,5248.5,5268.5,5236.5,5268.5,5227.0,5268.5,5253.5,-9.0,5251.5,-11.0,5237.0,-25.5,False,False,False,False,False,False,False,False,False,False,False,False,False,False,False,False,False,False,28.5,3.5
523300,,,VELVETFRUIT_EXTRACT,XIRECS,5262.0,3,1,5259.0,5256,5262,5256.0,5262.0,0.0,0.0,0.0,1,at_or_above_ask_touch,5259.0,5249.5,5268.5,5236.5,5268.5,5227.0,5268.5,5251.5,-7.5,5246.0,-13.0,5235.5,-23.5,False,False,False,False,False,False,False,False,False,False,False,False,False,False,False,False,False,False,25.5,6.5
524500,,,VELVETFRUIT_EXTRACT,XIRECS,5259.0,7,1,5258.0,5257,5259,5257.0,5263.0,0.8028169014084507,-0.05185185185185185,0.19626168224299065,1,at_or_above_ask_touch,5258.0,5253.5,5268.5,5236.5,5268.5,5227.0,5268.5,5253.5,-4.5,5245.5,-12.5,5233.5,-24.5,False,False,False,False,False,False,False,False,False,False,False,False,False,False,False,False,False,False,22.5,9.5
526200,,,VELVETFRUIT_EXTRACT,XIRECS,5250.0,8,1,5252.5,5250,5255,5250.0,5256.0,0.5064935064935064,0.0,0.1958762886597938,-1,at_or_below_bid_touch,5252.5,5252.5,5268.5,5236.5,5268.5,5227.0,5268.5,5252.5,0.0,5242.5,-10.0,5235.5,-17.0,True,False,True,False,True,False,False,False,False,False,False,False,False,False,False,False,False,False,13.5,18.5
527700,,,VELVETFRUIT_EXTRACT,XIRECS,5255.0,6,1,5252.5,5250,5255,5249.0,5256.0,0.0,0.0,0.0,1,at_or_above_ask_touch,5252.5,5249.0,5268.5,5236.5,5268.5,5227.0,5268.5,5248.5,-4.0,5237.5,-15.0,5236.5,-16.0,False,False,False,False,False,False,False,False,False,False,False,False,False,False,False,False,False,False,18.5,13.5
528600,,,VELVETFRUIT_EXTRACT,XIRECS,5254.0,4,1,5251.5,5249,5254,5249.0,5255.0,0.5238095238095238,0.0,0.18518518518518517,1,at_or_above_ask_touch,5251.5,5249.0,5268.5,5236.5,5268.5,5227.0,5268.5,5247.5,-4.0,5235.5,-16.0,5235.5,-16.0,False,False,False,False,False,False,False,False,False,False,False,False,False,False,False,False,False,False,17.5,14.5
529400,,,VELVETFRUIT_EXTRACT,XIRECS,5256.0,4,1,5253.5,5251,5256,5250.0,5257.0,0.0,0.0,0.0,1,at_or_above_ask_touch,5253.5,5249.0,5268.5,5236.5,5268.5,5227.0,5268.5,5246.5,-7.0,5237.5,-16.0,5237.5,-16.0,False,False,False,False,False,False,False,False,False,False,False,False,False,False,False,False,False,False,19.5,12.5
530000,,,VELVETFRUIT_EXTRACT,XIRECS,5249.0,6,1,5250.0,5249,5251,5249.0,5255.0,0.7183098591549296,-0.07575757575757576,0.14018691588785046,-1,at_or_below_bid_touch,5250.0,5249.0,5268.5,5236.5,5268.5,5227.0,5268.5,5244.0,-6.0,5236.5,-13.5,5234.5,-15.5,True,False,True,False,True,False,False,False,False,False,False,False,False,False,False,False,False,False,12.5,19.5
534100,,,VELVETFRUIT_EXTRACT,XIRECS,5244.0,3,1,5246.5,5244,5249,5243.0,5250.0,0.0,0.0,0.0,-1,at_or_below_bid_touch,5246.5,5245.5,5268.5,5236.5,5268.5,5227.5,5268.5,5237.5,-9.0,5238.5,-8.0,5238.5,-8.0,True,False,True,False,True,False,False,False,False,False,False,False,False,False,False,False,False,False,7.5,24.5
537500,,,VELVETFRUIT_EXTRACT,XIRECS,5241.0,4,1,5238.5,5236,5241,5235.0,5241.0,-0.5056179775280899,0.0,-0.19642857142857142,1,at_or_above_ask_touch,5238.5,5237.5,5262.5,5236.5,5268.5,5231.0,5268.5,5237.5,-1.0,5233.5,-5.0,5245.5,7.0,False,False,False,False,False,False,False,False,False,False,False,False,False,False,False,False,False,False,4.5,27.5
537900,,,VELVETFRUIT_EXTRACT,XIRECS,5239.0,6,1,5240.5,5239,5242,5236.0,5242.0,-0.7878787878787878,0.056,-0.26881720430107525,-1,at_or_below_bid_touch,5240.5,5237.5,5262.5,5236.5,5268.5,5232.5,5268.5,5236.0,-4.5,5235.5,-5.0,5246.5,6.0,False,False,False,False,True,False,False,False,False,False,False,False,False,False,False,False,False,False,2.5,29.5
540700,,,VELVETFRUIT_EXTRACT,XIRECS,5238.0,7,1,5240.5,5238,5243,5237.0,5244.0,0.0,0.0,0.0,-1,at_or_below_bid_touch,5240.5,5235.5,5262.5,5235.5,5268.5,5232.5,5268.5,5237.5,-3.0,5234.5,-6.0,5239.5,-1.0,False,False,False,False,False,False,False,False,False,False,False,False,False,False,False,False,False,False,2.5,30.5
544300,,,VELVETFRUIT_EXTRACT,XIRECS,5236.0,4,1,5238.5,5236,5241,5235.0,5241.0,-0.42857142857142855,0.0,-0.25,-1,at_or_below_bid_touch,5238.5,5234.5,5259.5,5234.5,5268.5,5234.5,5268.5,5231.5,-7.0,5230.5,-8.0,5238.5,0.0,False,False,False,False,True,False,False,False,False,False,True,False,False,False,False,False,True,False,1.5,32.5
544400,,,VELVETFRUIT_EXTRACT,XIRECS,5240.0,6,1,5237.5,5235,5240,5234.0,5240.0,-0.5833333333333334,0.0,-0.15151515151515152,1,at_or_above_ask_touch,5237.5,5234.5,5259.5,5234.5,5268.5,5234.5,5268.5,5233.0,-4.5,5231.0,-6.5,5239.5,2.0,False,False,False,False,False,False,False,False,False,False,False,False,False,False,False,False,False,False,5.5,28.5
545000,,,VELVETFRUIT_EXTRACT,XIRECS,5235.0,4,1,5237.5,5235,5240,5234.0,5241.0,0.0,0.0,0.0,-1,at_or_below_bid_touch,5237.5,5234.5,5259.0,5234.5,5268.5,5234.5,5268.5,5234.0,-3.5,5231.0,-6.5,5238.5,1.0,False,False,True,False,True,False,False,False,True,False,True,False,False,False,True,False,True,False,0.5,33.5
547800,,,VELVETFRUIT_EXTRACT,XIRECS,5232.0,3,1,5234.5,5232,5237,5231.0,5238.0,0.0,0.0,0.0,-1,at_or_below_bid_touch,5234.5,5230.5,5253.5,5230.5,5268.5,5230.5,5268.5,5232.5,-2.0,5225.5,-9.0,5238.0,3.5,False,False,False,False,True,False,False,False,False,False,True,False,False,False,False,False,True,False,1.5,36.5
549800,,,VELVETFRUIT_EXTRACT,XIRECS,5236.0,5,1,5233.5,5231,5236,5230.0,5236.0,-0.5555555555555556,0.0,-0.16666666666666666,1,at_or_above_ask_touch,5233.5,5229.5,5253.5,5229.5,5268.5,5229.5,5268.5,5231.5,-2.0,5228.0,-5.5,5235.0,1.5,False,False,False,False,False,False,False,False,False,False,False,False,False,False,False,False,False,False,6.5,32.5
551600,,,VELVETFRUIT_EXTRACT,XIRECS,5234.0,8,1,5233.0,5232,5234,5232.0,5238.0,0.7333333333333333,-0.07142857142857142,0.20930232558139536,1,at_or_above_ask_touch,5233.0,5229.5,5252.5,5229.5,5268.5,5229.5,5268.5,5225.5,-7.5,5228.5,-4.5,5233.5,0.5,False,False,False,False,False,False,False,False,False,False,False,False,False,False,False,False,False,False,4.5,34.5
556400,,,VELVETFRUIT_EXTRACT,XIRECS,5228.0,8,1,5225.5,5223,5228,5222.0,5228.0,-0.47619047619047616,0.0,-0.21568627450980393,1,at_or_above_ask_touch,5225.5,5225.0,5241.5,5225.0,5268.5,5225.0,5268.5,5231.5,6.0,5235.5,10.0,5227.5,2.0,False,False,False,False,False,False,False,False,False,False,False,False,False,False,False,False,False,False,3.0,40.5
557200,,,VELVETFRUIT_EXTRACT,XIRECS,5225.0,4,1,5227.5,5225,5230,5224.0,5231.0,0.0,0.0,0.0,-1,at_or_below_bid_touch,5227.5,5225.0,5240.5,5225.0,5268.5,5225.0,5268.5,5231.0,3.5,5234.0,6.5,5222.5,-5.0,True,False,True,False,True,False,True,False,True,False,True,False,True,False,True,False,True,False,0.0,43.5
563500,,,VELVETFRUIT_EXTRACT,XIRECS,5226.0,8,1,5228.5,5226,5231,5226.0,5232.0,0.39473684210526316,0.0,0.27710843373493976,-1,at_or_below_bid_touch,5228.5,5223.5,5239.5,5223.5,5268.5,5223.5,5268.5,5238.5,10.0,5236.5,8.0,5228.0,-0.5,False,False,False,False,False,False,False,False,False,False,False,False,False,False,False,False,False,False,2.5,42.5
564000,,,VELVETFRUIT_EXTRACT,XIRECS,5231.0,12,1,5230.5,5230,5231,5229.0,5236.0,0.14285714285714285,-0.1016949152542373,0.0,1,at_or_above_ask_touch,5230.5,5223.5,5239.5,5223.5,5268.5,5223.5,5268.5,5239.5,9.0,5235.0,4.5,5231.5,1.0,False,False,False,False,False,False,False,False,False,False,False,False,False,False,False,False,False,False,7.5,37.5
564900,,,VELVETFRUIT_EXTRACT,XIRECS,5236.0,6,1,5233.0,5230,5236,5230.0,5236.0,0.0,0.0,0.0,1,at_or_above_ask_touch,5233.0,5223.5,5239.5,5223.5,5268.5,5223.5,5268.5,5237.5,4.5,5234.0,1.0,5233.5,0.5,False,False,False,False,False,False,False,False,False,False,False,False,False,False,False,False,False,False,12.5,32.5
565500,,,VELVETFRUIT_EXTRACT,XIRECS,5239.0,7,1,5236.5,5234,5239,5233.0,5239.0,-0.5,0.0,-0.2,1,at_or_above_ask_touch,5236.5,5223.5,5238.5,5223.5,5267.5,5223.5,5268.5,5236.5,0.0,5235.5,-1.0,5229.0,-7.5,False,True,False,True,False,True,False,False,False,False,False,False,False,False,False,False,False,False,15.5,28.5
568200,,,VELVETFRUIT_EXTRACT,XIRECS,5237.0,7,1,5234.5,5232,5237,5232.0,5238.0,0.4666666666666667,0.0,0.2222222222222222,1,at_or_above_ask_touch,5234.5,5223.5,5237.5,5223.5,5262.5,5223.5,5268.5,5236.0,1.5,5237.5,3.0,5232.5,-2.0,False,False,False,True,False,True,False,False,False,False,False,False,False,False,False,False,False,False,13.5,25.5
570200,,,VELVETFRUIT_EXTRACT,XIRECS,5236.0,7,1,5235.0,5234,5236,5234.0,5240.0,0.8157894736842105,-0.04827586206896552,0.21052631578947367,1,at_or_above_ask_touch,5235.0,5223.5,5240.5,5223.5,5262.5,5223.5,5268.5,5230.0,-5.0,5232.5,-2.5,5232.5,-2.5,False,False,False,False,False,False,False,False,False,False,False,False,False,False,False,False,False,False,12.5,26.5
571600,,,VELVETFRUIT_EXTRACT,XIRECS,5235.0,7,1,5238.0,5235,5241,5235.0,5241.0,0.0,0.0,0.0,-1,at_or_below_bid_touch,5238.0,5223.5,5240.5,5223.5,5262.5,5223.5,5268.5,5236.5,-1.5,5233.5,-4.5,5234.5,-3.5,False,False,False,False,False,False,False,False,False,False,False,False,False,False,False,False,False,False,11.5,27.5
574000,,,VELVETFRUIT_EXTRACT,XIRECS,5238.0,3,1,5235.0,5232,5238,5232.0,5238.0,0.0,0.0,0.0,1,at_or_above_ask_touch,5235.0,5223.5,5240.5,5223.5,5259.5,5223.5,5268.5,5235.0,0.0,5239.5,4.5,5239.5,4.5,False,False,False,False,False,False,False,False,False,False,False,False,False,False,False,False,False,False,14.5,21.5
575800,,,VELVETFRUIT_EXTRACT,XIRECS,5235.0,8,1,5234.0,5233,5235,5233.0,5239.0,0.7333333333333333,-0.07142857142857142,0.16853932584269662,1,at_or_above_ask_touch,5234.0,5223.5,5240.5,5223.5,5255.0,5223.5,5268.5,5236.5,2.5,5238.5,4.5,5235.5,1.5,False,False,False,False,False,False,False,False,False,False,False,False,False,False,False,False,False,False,11.5,20.0
576400,,,VELVETFRUIT_EXTRACT,XIRECS,5233.0,3,1,5235.5,5233,5238,5233.0,5239.0,0.5076923076923077,0.0,0.1951219512195122,-1,at_or_below_bid_touch,5235.5,5223.5,5240.5,5223.5,5255.0,5223.5,5268.5,5233.5,-2.0,5241.5,6.0,5231.5,-4.0,False,False,False,False,False,False,False,False,False,False,False,False,False,False,False,False,False,False,9.5,22.0
578400,,,VELVETFRUIT_EXTRACT,XIRECS,5237.0,5,1,5236.0,5235,5237,5235.0,5241.0,0.868421052631579,-0.034013605442176874,0.17355371900826447,1,at_or_above_ask_touch,5236.0,5224.5,5240.5,5223.5,5253.5,5223.5,5268.5,5238.5,2.5,5243.5,7.5,5225.5,-10.5,False,False,False,False,False,False,False,False,False,False,False,False,False,False,False,False,False,False,13.5,16.5
581100,,,VELVETFRUIT_EXTRACT,XIRECS,5240.0,7,1,5237.5,5235,5240,5234.0,5241.0,0.0,0.0,0.0,1,at_or_above_ask_touch,5237.5,5228.5,5240.5,5223.5,5252.5,5223.5,5268.5,5239.5,2.0,5241.5,4.0,5221.5,-16.0,False,False,False,True,False,True,False,False,False,False,False,False,False,False,False,False,False,False,16.5,12.5
581700,,,VELVETFRUIT_EXTRACT,XIRECS,5237.0,3,1,5234.0,5231,5237,5231.0,5237.0,0.0,0.0,0.0,1,at_or_above_ask_touch,5234.0,5228.5,5240.5,5223.5,5251.5,5223.5,5268.5,5243.5,9.5,5243.0,9.0,5220.5,-13.5,False,False,False,False,False,False,False,False,False,False,False,False,False,False,False,False,False,False,13.5,14.5
582900,,,VELVETFRUIT_EXTRACT,XIRECS,5236.0,9,1,5235.0,5234,5236,5234.0,5240.0,0.9714285714285714,-0.007194244604316547,0.2,1,at_or_above_ask_touch,5235.0,5228.5,5240.5,5223.5,5249.5,5223.5,5268.5,5246.5,11.5,5241.5,6.5,5216.5,-18.5,False,False,False,False,False,False,False,False,False,False,False,False,False,False,False,False,False,False,12.5,13.5
584800,,,VELVETFRUIT_EXTRACT,XIRECS,5234.0,7,1,5236.5,5234,5239,5233.0,5240.0,0.0,0.0,0.0,-1,at_or_below_bid_touch,5236.5,5230.0,5240.5,5223.5,5244.5,5223.5,5268.5,5243.5,7.0,5241.0,4.5,5215.0,-21.5,False,False,False,False,False,False,False,False,False,False,False,False,False,False,False,False,False,False,10.5,10.5
584900,,,VELVETFRUIT_EXTRACT,XIRECS,5234.0,7,1,5236.5,5234,5239,5234.0,5240.0,0.4782608695652174,0.0,0.21428571428571427,-1,at_or_below_bid_touch,5236.5,5230.0,5240.5,5223.5,5244.5,5223.5,5268.5,5243.5,7.0,5240.5,4.0,5216.5,-20.0,False,False,False,False,False,False,False,False,False,False,False,False,False,False,False,False,False,False,10.5,10.5
587200,,,VELVETFRUIT_EXTRACT,XIRECS,5242.0,3,1,5245.0,5242,5248,5242.0,5248.0,0.0,0.0,0.0,-1,at_or_below_bid_touch,5245.0,5230.0,5245.0,5223.5,5245.0,5223.5,5268.5,5244.5,-0.5,5239.5,-5.5,5217.5,-27.5,False,False,False,False,False,False,False,False,False,False,False,False,False,False,False,False,False,False,18.5,3.0
588600,,,VELVETFRUIT_EXTRACT,XIRECS,5245.0,5,1,5246.5,5245,5248,5242.0,5248.0,-0.9032258064516129,0.024793388429752067,-0.21649484536082475,-1,at_or_below_bid_touch,5246.5,5230.0,5247.5,5223.5,5247.5,5223.5,5268.5,5239.0,-7.5,5240.5,-6.0,5215.0,-31.5,False,False,False,False,False,False,False,False,False,False,False,False,False,False,False,False,False,False,21.5,2.5
594900,,,VELVETFRUIT_EXTRACT,XIRECS,5239.0,4,1,5240.5,5239,5242,5236.0,5242.0,-0.5952380952380952,0.11258278145695365,-0.15517241379310345,-1,at_or_below_bid_touch,5240.5,5230.0,5247.5,5223.5,5247.5,5223.5,5268.5,5234.5,-6.0,5230.5,-10.0,5207.0,-33.5,False,False,False,False,False,False,False,False,False,False,False,False,False,False,False,False,False,False,15.5,8.5
595300,,,VELVETFRUIT_EXTRACT,XIRECS,5238.0,8,1,5241.0,5238,5244,5238.0,5244.0,0.0,0.0,0.0,-1,at_or_below_bid_touch,5241.0,5232.5,5247.5,5223.5,5247.5,5223.5,5268.5,5231.5,-9.5,5229.5,-11.5,5209.5,-31.5,False,False,False,False,False,False,False,False,False,False,False,False,False,False,False,False,False,False,14.5,9.5
597200,,,VELVETFRUIT_EXTRACT,XIRECS,5237.0,7,1,5239.5,5237,5242,5236.0,5242.0,-0.4358974358974359,0.0,-0.24444444444444444,-1,at_or_below_bid_touch,5239.5,5232.5,5247.5,5223.5,5247.5,5223.5,5268.5,5229.5,-10.0,5222.5,-17.0,5206.0,-33.5,False,False,False,False,False,False,False,False,False,False,False,False,False,False,False,False,False,False,13.5,10.5
597400,,,VELVETFRUIT_EXTRACT,XIRECS,5237.0,4,1,5239.5,5237,5242,5236.0,5242.0,-0.53125,0.0,-0.18072289156626506,-1,at_or_below_bid_touch,5239.5,5232.5,5247.5,5223.5,5247.5,5223.5,5268.5,5229.5,-10.0,5225.5,-14.0,5204.5,-35.0,False,False,False,False,False,False,False,False,False,False,False,False,False,False,False,False,False,False,13.5,10.5
600000,,,VELVETFRUIT_EXTRACT,XIRECS,5237.0,7,1,5234.5,5232,5237,5231.0,5237.0,-0.5238095238095238,0.0,-0.18518518518518517,1,at_or_above_ask_touch,5234.5,5232.5,5247.5,5223.5,5247.5,5223.5,5268.5,5229.5,-5.0,5223.5,-11.0,5201.5,-33.0,False,False,False,False,False,False,False,False,False,False,False,False,False,False,False,False,False,False,13.5,10.5
603000,,,VELVETFRUIT_EXTRACT,XIRECS,5234.0,6,1,5231.5,5229,5234,5228.0,5234.0,-0.5476190476190477,0.0,-0.17117117117117117,1,at_or_above_ask_touch,5231.5,5228.5,5247.5,5223.5,5247.5,5223.5,5268.5,5220.5,-11.0,5227.0,-4.5,5201.5,-30.0,False,False,False,False,False,False,False,False,False,False,False,False,False,False,False,False,False,False,10.5,13.5
605700,,,VELVETFRUIT_EXTRACT,XIRECS,5226.0,7,1,5228.5,5226,5231,5226.0,5232.0,0.42857142857142855,0.0,0.25,-1,at_or_below_bid_touch,5228.5,5228.5,5247.5,5223.5,5247.5,5223.5,5268.5,5222.5,-6.0,5229.5,1.0,5204.5,-24.0,True,False,True,False,True,False,False,False,False,False,False,False,False,False,False,False,False,False,2.5,21.5
608500,,,VELVETFRUIT_EXTRACT,XIRECS,5218.0,10,1,5217.0,5216,5218,5216.0,5222.0,0.6875,-0.0847457627118644,0.17391304347826086,1,at_or_above_ask_touch,5217.0,5217.0,5246.5,5217.0,5247.5,5217.0,5268.5,5228.0,11.0,5231.5,14.5,5209.5,-7.5,False,False,True,False,True,False,False,False,True,False,True,False,False,False,True,False,True,False,1.0,29.5
609900,,,VELVETFRUIT_EXTRACT,XIRECS,5222.0,6,1,5224.5,5222,5227,5221.0,5228.0,0.0,0.0,0.0,-1,at_or_below_bid_touch,5224.5,5217.0,5246.0,5217.0,5247.5,5217.0,5268.5,5233.5,9.0,5234.0,9.5,5212.5,-12.0,False,False,False,False,False,False,False,False,False,False,False,False,False,False,False,False,False,False,5.0,25.5
612500,,,VELVETFRUIT_EXTRACT,XIRECS,5219.0,5,1,5221.5,5219,5224,5218.0,5225.0,0.0,0.0,0.0,-1,at_or_below_bid_touch,5221.5,5217.0,5244.5,5217.0,5247.5,5217.0,5268.5,5233.5,12.0,5237.5,16.0,5214.5,-7.0,False,False,False,False,True,False,False,False,False,False,True,False,False,False,False,False,True,False,2.0,28.5
612900,,,VELVETFRUIT_EXTRACT,XIRECS,5225.0,10,1,5224.0,5223,5225,5223.0,5229.0,0.9117647058823529,-0.022556390977443608,0.0,1,at_or_above_ask_touch,5224.0,5217.0,5244.5,5217.0,5247.5,5217.0,5268.5,5234.0,10.0,5237.5,13.5,5212.5,-11.5,False,False,False,False,False,False,False,False,False,False,False,False,False,False,False,False,False,False,8.0,22.5
612900,,,VELVETFRUIT_EXTRACT,XIRECS,5223.0,8,1,5224.0,5223,5225,5223.0,5229.0,0.9117647058823529,-0.022556390977443608,0.0,-1,at_or_below_bid_touch,5224.0,5217.0,5244.5,5217.0,5247.5,5217.0,5268.5,5234.0,10.0,5237.5,13.5,5212.5,-11.5,False,False,False,False,False,False,False,False,False,False,False,False,False,False,False,False,False,False,6.0,24.5
616300,,,VELVETFRUIT_EXTRACT,XIRECS,5228.0,5,1,5230.5,5228,5233,5227.0,5233.0,-0.46808510638297873,0.0,-0.22123893805309736,-1,at_or_below_bid_touch,5230.5,5217.0,5244.5,5217.0,5247.5,5217.0,5267.5,5234.5,4.0,5232.5,2.0,5224.5,-6.0,False,False,False,False,False,False,False,False,False,False,False,False,False,False,False,False,False,False,11.0,19.5
617400,,,VELVETFRUIT_EXTRACT,XIRECS,5231.0,7,1,5233.5,5231,5236,5230.0,5237.0,0.0,0.0,0.0,-1,at_or_below_bid_touch,5233.5,5217.0,5240.5,5217.0,5247.5,5217.0,5262.5,5234.5,1.0,5228.5,-5.0,5224.0,-9.5,False,False,False,False,False,False,False,False,False,False,False,False,False,False,False,False,False,False,14.0,16.5
618900,,,VELVETFRUIT_EXTRACT,XIRECS,5231.0,3,1,5230.0,5229,5231,5228.0,5234.0,0.5,-0.042735042735042736,-0.15463917525773196,1,at_or_above_ask_touch,5230.0,5217.0,5240.5,5217.0,5247.5,5217.0,5262.5,5239.5,9.5,5222.0,-8.0,5219.5,-10.5,False,False,False,False,False,False,False,False,False,False,False,False,False,False,False,False,False,False,14.0,16.5
619800,,,VELVETFRUIT_EXTRACT,XIRECS,5236.0,7,1,5233.5,5231,5236,5230.0,5237.0,0.0,0.0,0.0,1,at_or_above_ask_touch,5233.5,5217.0,5235.0,5217.0,5247.5,5217.0,5262.5,5237.5,4.0,5220.0,-13.5,5218.5,-15.0,False,True,False,True,False,True,False,False,False,False,False,False,False,False,False,False,False,False,19.0,11.5
620500,,,VELVETFRUIT_EXTRACT,XIRECS,5235.0,3,1,5232.5,5230,5235,5229.0,5236.0,0.0,0.0,0.0,1,at_or_above_ask_touch,5232.5,5217.0,5235.0,5217.0,5247.5,5217.0,5262.5,5237.5,5.0,5219.5,-13.0,5219.5,-13.0,False,True,False,True,False,True,False,False,False,False,False,False,False,False,False,False,False,False,18.0,12.5
621900,,,VELVETFRUIT_EXTRACT,XIRECS,5236.0,6,1,5233.5,5231,5236,5231.0,5237.0,0.4936708860759494,0.0,0.20408163265306123,1,at_or_above_ask_touch,5233.5,5217.0,5235.0,5217.0,5247.5,5217.0,5262.5,5231.5,-2.0,5220.5,-13.0,5219.5,-14.0,False,True,False,True,False,True,False,False,False,False,False,False,False,False,False,False,False,False,19.0,11.5
622400,,,VELVETFRUIT_EXTRACT,XIRECS,5235.0,13,1,5234.5,5234,5235,5233.0,5239.0,0.2972972972972973,-0.08496732026143791,-0.20689655172413793,1,at_or_above_ask_touch,5234.5,5217.0,5235.5,5217.0,5247.5,5217.0,5260.5,5228.5,-6.0,5218.5,-16.0,5218.5,-16.0,False,False,False,True,False,True,False,False,False,False,False,False,False,False,False,False,False,False,18.0,12.5
624700,,,VELVETFRUIT_EXTRACT,XIRECS,5242.0,5,1,5239.0,5236,5242,5236.0,5242.0,0.0,0.0,0.0,1,at_or_above_ask_touch,5239.0,5217.0,5240.5,5217.0,5247.5,5217.0,5259.5,5217.5,-21.5,5217.5,-21.5,5227.0,-12.0,False,True,False,True,False,True,False,False,False,False,False,False,False,False,False,False,False,False,25.0,5.5
626000,,,VELVETFRUIT_EXTRACT,XIRECS,5232.0,4,1,5233.0,5232,5234,5231.0,5238.0,0.5625,-0.04697986577181208,0.0,-1,at_or_below_bid_touch,5233.0,5217.0,5240.5,5217.0,5247.5,5217.0,5255.0,5221.5,-11.5,5223.5,-9.5,5228.5,-4.5,False,False,False,False,False,False,False,False,False,False,False,False,False,False,False,False,False,False,15.0,15.5
628100,,,VELVETFRUIT_EXTRACT,XIRECS,5231.0,6,1,5228.5,5226,5231,5225.0,5231.0,-0.5,0.0,-0.2,1,at_or_above_ask_touch,5228.5,5217.0,5240.5,5217.0,5247.5,5217.0,5253.5,5216.5,-12.0,5212.5,-16.0,5227.0,-1.5,False,False,False,False,False,False,False,False,False,False,False,False,False,False,False,False,False,False,14.0,16.5
628300,,,VELVETFRUIT_EXTRACT,XIRECS,5225.0,7,1,5227.5,5225,5230,5224.0,5230.0,-0.4177215189873418,0.0,-0.25842696629213485,-1,at_or_below_bid_touch,5227.5,5217.0,5240.5,5217.0,5247.5,5217.0,5253.5,5216.5,-11.0,5213.5,-14.0,5227.5,0.0,False,False,False,False,False,False,False,False,False,False,False,False,False,False,False,False,False,False,8.0,22.5
632800,,,VELVETFRUIT_EXTRACT,XIRECS,5216.0,7,1,5215.0,5214,5216,5214.0,5220.0,0.8157894736842105,-0.04827586206896552,0.1896551724137931,1,at_or_above_ask_touch,5215.0,5215.0,5240.5,5215.0,5247.5,5215.0,5249.5,5214.5,-0.5,5212.5,-2.5,5224.5,9.5,False,False,True,False,True,False,False,False,True,False,True,False,False,False,True,False,True,False,1.0,31.5
634500,,,VELVETFRUIT_EXTRACT,XIRECS,5218.0,5,1,5215.5,5213,5218,5213.0,5219.0,0.5405405405405406,0.0,0.17525773195876287,1,at_or_above_ask_touch,5215.5,5215.0,5240.5,5215.0,5247.5,5215.0,5247.5,5216.5,1.0,5206.5,-9.0,5229.0,13.5,False,False,False,False,False,False,False,False,False,False,False,False,False,False,False,False,False,False,3.0,29.5
634800,,,VELVETFRUIT_EXTRACT,XIRECS,5214.0,6,1,5215.0,5214,5216,5214.0,5220.0,0.7866666666666666,-0.056338028169014086,0.22935779816513763,-1,at_or_below_bid_touch,5215.0,5215.0,5240.5,5215.0,5247.5,5215.0,5247.5,5216.5,1.5,5207.5,-7.5,5226.5,11.5,True,False,True,False,True,False,True,False,True,False,True,False,True,False,True,False,True,False,-1.0,33.5
634800,,,VELVETFRUIT_EXTRACT,XIRECS,5216.0,8,1,5215.0,5214,5216,5214.0,5220.0,0.7866666666666666,-0.056338028169014086,0.22935779816513763,1,at_or_above_ask_touch,5215.0,5215.0,5240.5,5215.0,5247.5,5215.0,5247.5,5216.5,1.5,5207.5,-7.5,5226.5,11.5,False,False,True,False,True,False,False,False,True,False,True,False,False,False,True,False,True,False,1.0,31.5
640500,,,VELVETFRUIT_EXTRACT,XIRECS,5212.0,3,1,5214.5,5212,5217,5212.0,5218.0,0.5342465753424658,0.0,0.17894736842105263,-1,at_or_below_bid_touch,5214.5,5212.5,5240.5,5212.5,5246.0,5212.5,5247.5,5209.0,-5.5,5202.5,-12.0,5239.5,25.0,True,False,True,False,True,False,True,False,True,False,True,False,True,False,True,False,True,False,-0.5,34.0
644900,,,VELVETFRUIT_EXTRACT,XIRECS,5210.0,6,1,5207.0,5204,5210,5204.0,5210.0,0.0,0.0,0.0,1,at_or_above_ask_touch,5207.0,5206.5,5237.5,5206.5,5244.5,5206.5,5247.5,5201.5,-5.5,5208.5,1.5,5241.5,34.5,False,False,False,False,False,False,False,False,False,False,False,False,False,False,False,False,False,False,3.5,34.5
646100,,,VELVETFRUIT_EXTRACT,XIRECS,5211.0,3,1,5208.5,5206,5211,5205.0,5212.0,0.0,0.0,0.0,1,at_or_above_ask_touch,5208.5,5206.5,5233.0,5206.5,5244.5,5206.5,5247.5,5200.5,-8.0,5206.5,-2.0,5238.0,29.5,False,False,False,False,False,False,False,False,False,False,False,False,False,False,False,False,False,False,4.5,33.5
648200,,,VELVETFRUIT_EXTRACT,XIRECS,5208.0,6,1,5206.5,5205,5208,5202.0,5209.0,-0.3333333333333333,0.06896551724137931,0.0,1,at_or_above_ask_touch,5206.5,5204.5,5227.5,5204.5,5240.5,5204.5,5247.5,5202.0,-4.5,5208.5,2.0,5236.5,30.0,False,False,False,False,False,False,False,False,False,False,False,False,False,False,False,False,False,False,3.5,32.5
650300,,,VELVETFRUIT_EXTRACT,XIRECS,5198.0,6,1,5200.5,5198,5203,5197.0,5203.0,-0.5681818181818182,0.0,-0.15966386554621848,-1,at_or_below_bid_touch,5200.5,5199.5,5223.5,5199.5,5240.5,5199.5,5247.5,5206.5,6.0,5213.5,13.0,5239.5,39.0,True,False,True,False,True,False,True,False,True,False,True,False,True,False,True,False,True,False,-1.5,42.5
652100,,,VELVETFRUIT_EXTRACT,XIRECS,5198.0,6,1,5200.5,5198,5203,5198.0,5204.0,0.4626865671641791,0.0,0.225,-1,at_or_below_bid_touch,5200.5,5198.0,5223.5,5198.0,5240.5,5198.0,5247.5,5210.5,10.0,5216.5,16.0,5243.5,43.0,True,False,True,False,True,False,True,False,True,False,True,False,True,False,True,False,True,False,0.0,42.5
654300,,,VELVETFRUIT_EXTRACT,XIRECS,5205.0,8,1,5207.5,5205,5210,5204.0,5211.0,0.0,0.0,0.0,-1,at_or_below_bid_touch,5207.5,5198.0,5223.5,5198.0,5240.5,5198.0,5247.5,5211.5,4.0,5212.5,5.0,5254.5,47.0,False,False,False,False,False,False,False,False,False,False,False,False,False,False,False,False,False,False,7.0,35.5
655100,,,VELVETFRUIT_EXTRACT,XIRECS,5210.0,8,1,5207.5,5205,5210,5204.0,5211.0,0.0,0.0,0.0,1,at_or_above_ask_touch,5207.5,5198.0,5223.5,5198.0,5240.5,5198.0,5247.5,5211.5,4.0,5217.5,10.0,5254.5,47.0,False,False,False,False,False,False,False,False,False,False,False,False,False,False,False,False,False,False,12.0,30.5
657800,,,VELVETFRUIT_EXTRACT,XIRECS,5213.0,5,1,5210.5,5208,5213,5207.0,5213.0,-0.4482758620689655,0.0,-0.23529411764705882,1,at_or_above_ask_touch,5210.5,5198.0,5216.5,5198.0,5240.5,5198.0,5247.5,5214.5,4.0,5221.5,11.0,5251.5,41.0,False,False,False,False,False,False,False,False,False,False,False,False,False,False,False,False,False,False,15.0,27.5
659200,,,VELVETFRUIT_EXTRACT,XIRECS,5215.0,7,1,5212.0,5209,5215,5209.0,5215.0,0.0,0.0,0.0,1,at_or_above_ask_touch,5212.0,5198.0,5216.5,5198.0,5240.5,5198.0,5247.5,5214.0,2.0,5220.5,8.5,5254.5,42.5,False,False,False,False,False,True,False,False,False,False,False,False,False,False,False,False,False,False,17.0,25.5
666500,,,VELVETFRUIT_EXTRACT,XIRECS,5220.0,7,1,5223.0,5220,5226,5220.0,5226.0,0.0,0.0,0.0,-1,at_or_below_bid_touch,5223.0,5198.0,5224.5,5198.0,5240.5,5198.0,5247.5,5219.5,-3.5,5228.5,5.5,5272.5,49.5,False,False,False,False,False,False,False,False,False,False,False,False,False,False,False,False,False,False,22.0,20.5
667400,,,VELVETFRUIT_EXTRACT,XIRECS,5227.0,6,1,5224.0,5221,5227,5221.0,5227.0,0.0,0.0,0.0,1,at_or_above_ask_touch,5224.0,5198.0,5225.5,5198.0,5240.5,5198.0,5247.5,5218.5,-5.5,5227.5,3.5,5270.5,46.5,False,True,False,True,False,True,False,False,False,False,False,False,False,False,False,False,False,False,29.0,13.5
669900,,,VELVETFRUIT_EXTRACT,XIRECS,5216.0,7,1,5219.0,5216,5222,5216.0,5222.0,0.0,0.0,0.0,-1,at_or_below_bid_touch,5219.0,5198.0,5225.5,5198.0,5240.5,5198.0,5247.5,5227.5,8.5,5224.5,5.5,5266.0,47.0,False,False,False,False,False,False,False,False,False,False,False,False,False,False,False,False,False,False,18.0,24.5
679600,,,VELVETFRUIT_EXTRACT,XIRECS,5227.0,6,1,5224.5,5222,5227,5222.0,5228.0,0.4,0.0,0.2727272727272727,1,at_or_above_ask_touch,5224.5,5211.5,5230.5,5198.0,5230.5,5198.0,5247.5,5227.0,2.5,5237.5,13.0,5264.5,40.0,False,False,False,False,False,False,False,False,False,False,False,False,False,False,False,False,False,False,29.0,3.5
685200,,,VELVETFRUIT_EXTRACT,XIRECS,5231.0,6,1,5228.5,5226,5231,5225.0,5231.0,-0.5,0.0,-0.2,1,at_or_above_ask_touch,5228.5,5217.5,5231.0,5198.0,5231.0,5198.0,5247.5,5238.0,9.5,5243.5,15.0,5279.5,51.0,False,True,False,True,False,True,False,True,False,True,False,True,False,False,False,False,False,False,33.0,0.0
688400,,,VELVETFRUIT_EXTRACT,XIRECS,5236.0,6,1,5234.5,5233,5236,5231.0,5237.0,-0.46153846153846156,0.058823529411764705,0.20430107526881722,1,at_or_above_ask_touch,5234.5,5217.5,5234.5,5198.0,5234.5,5198.0,5246.5,5234.5,0.0,5235.5,1.0,5270.5,36.0,False,True,False,True,False,True,False,True,False,True,False,True,False,False,False,False,False,False,38.0,-1.5
688600,,,VELVETFRUIT_EXTRACT,XIRECS,5237.0,5,1,5234.5,5232,5237,5231.0,5238.0,0.0,0.0,0.0,1,at_or_above_ask_touch,5234.5,5217.5,5234.5,5198.0,5234.5,5198.0,5246.0,5234.0,-0.5,5235.5,1.0,5270.5,36.0,False,True,False,True,False,True,False,True,False,True,False,True,False,False,False,False,False,False,39.0,-2.5
693000,,,VELVETFRUIT_EXTRACT,XIRECS,5230.0,8,1,5232.5,5230,5235,5229.0,5236.0,0.0,0.0,0.0,-1,at_or_below_bid_touch,5232.5,5220.5,5240.5,5198.0,5240.5,5198.0,5244.5,5235.5,3.0,5250.5,18.0,5266.5,34.0,False,False,False,False,False,False,False,False,False,False,False,False,False,False,False,False,False,False,32.0,10.5
693600,,,VELVETFRUIT_EXTRACT,XIRECS,5235.0,5,1,5234.0,5233,5235,5233.0,5239.0,0.8461538461538461,-0.04,0.14285714285714285,1,at_or_above_ask_touch,5234.0,5220.5,5240.5,5198.0,5240.5,5198.0,5244.5,5235.5,1.5,5252.5,18.5,5269.5,35.5,False,False,False,False,False,False,False,False,False,False,False,False,False,False,False,False,False,False,37.0,5.5
694600,,,VELVETFRUIT_EXTRACT,XIRECS,5237.0,3,1,5239.5,5237,5242,5236.0,5242.0,-0.5294117647058824,0.0,-0.18181818181818182,-1,at_or_below_bid_touch,5239.5,5220.5,5240.5,5198.0,5240.5,5198.0,5244.5,5236.5,-3.0,5255.5,16.0,5277.0,37.5,False,False,False,False,False,False,False,False,False,False,False,False,False,False,False,False,False,False,39.0,3.5
702500,,,VELVETFRUIT_EXTRACT,XIRECS,5248.0,4,1,5245.5,5243,5248,5242.0,5248.0,-0.5180722891566265,0.0,-0.18867924528301888,1,at_or_above_ask_touch,5245.5,5224.5,5245.5,5201.5,5245.5,5198.0,5245.5,5256.5,11.0,5262.5,17.0,5269.5,24.0,False,True,False,True,False,True,False,True,False,True,False,True,False,True,False,True,False,True,46.5,-2.5
702700,,,VELVETFRUIT_EXTRACT,XIRECS,5249.0,8,1,5246.5,5244,5249,5244.0,5250.0,0.5802469135802469,0.0,0.15315315315315314,1,at_or_above_ask_touch,5246.5,5224.5,5246.5,5201.5,5246.5,5198.0,5246.5,5252.5,6.0,5263.5,17.0,5268.5,22.0,False,True,False,True,False,True,False,True,False,True,False,True,False,True,False,True,False,True,47.5,-2.5
703100,,,VELVETFRUIT_EXTRACT,XIRECS,5249.0,7,1,5248.0,5247,5249,5247.0,5253.0,0.7741935483870968,-0.05982905982905983,0.1956521739130435,1,at_or_above_ask_touch,5248.0,5225.0,5250.5,5202.0,5250.5,5198.0,5250.5,5251.5,3.5,5266.5,18.5,5266.5,18.5,False,False,False,False,False,True,False,False,False,False,False,True,False,False,False,False,False,True,47.0,1.5
704700,,,VELVETFRUIT_EXTRACT,XIRECS,5257.0,8,1,5254.5,5252,5257,5251.0,5257.0,-0.5903614457831325,0.0,-0.14782608695652175,1,at_or_above_ask_touch,5254.5,5225.0,5256.5,5204.5,5256.5,5198.0,5256.5,5252.5,-2.0,5269.0,14.5,5262.0,7.5,False,True,False,True,False,True,False,True,False,True,False,True,False,True,False,True,False,True,52.5,-0.5
713400,,,VELVETFRUIT_EXTRACT,XIRECS,5269.0,13,1,5268.5,5268,5269,5267.0,5273.0,0.13333333333333333,-0.104,-0.17894736842105263,1,at_or_above_ask_touch,5268.5,5232.5,5270.0,5212.5,5270.0,5198.0,5270.0,5267.0,-1.5,5267.5,-1.0,5270.5,2.0,False,False,False,True,False,True,False,False,False,True,False,True,False,False,False,True,False,True,56.5,1.0
713900,,,VELVETFRUIT_EXTRACT,XIRECS,5275.0,6,1,5272.5,5270,5275,5270.0,5276.0,0.46153846153846156,0.0,0.22580645161290322,1,at_or_above_ask_touch,5272.5,5232.5,5272.5,5212.5,5272.5,5198.0,5272.5,5267.5,-5.0,5270.0,-2.5,5267.5,-5.0,False,True,False,True,False,True,False,True,False,True,False,True,False,True,False,True,False,True,62.5,-2.5
716000,,,VELVETFRUIT_EXTRACT,XIRECS,5270.0,7,1,5272.5,5270,5275,5269.0,5276.0,0.0,0.0,0.0,-1,at_or_below_bid_touch,5272.5,5232.5,5273.0,5217.5,5273.0,5198.0,5273.0,5265.5,-7.0,5261.5,-11.0,5272.5,0.0,False,False,False,False,False,False,False,False,False,False,False,False,False,False,False,False,False,False,52.5,3.0
720500,,,VELVETFRUIT_EXTRACT,XIRECS,5264.0,6,1,5266.5,5264,5269,5263.0,5270.0,0.0,0.0,0.0,-1,at_or_below_bid_touch,5266.5,5240.5,5274.5,5217.5,5274.5,5198.0,5274.5,5264.5,-2.0,5268.5,2.0,5267.5,1.0,False,False,False,False,False,False,False,False,False,False,False,False,False,False,False,False,False,False,46.5,10.5
721200,,,VELVETFRUIT_EXTRACT,XIRECS,5263.0,4,1,5265.5,5263,5268,5262.0,5268.0,-0.55,0.0,-0.16981132075471697,-1,at_or_below_bid_touch,5265.5,5242.0,5274.5,5217.5,5274.5,5198.0,5274.5,5263.5,-2.0,5273.5,8.0,5265.5,0.0,False,False,False,False,False,False,False,False,False,False,False,False,False,False,False,False,False,False,45.5,11.5
722300,,,VELVETFRUIT_EXTRACT,XIRECS,5265.0,6,1,5262.5,5260,5265,5259.0,5266.0,0.0,0.0,0.0,1,at_or_above_ask_touch,5262.5,5244.0,5274.5,5217.5,5274.5,5198.0,5274.5,5260.0,-2.5,5280.5,18.0,5262.5,0.0,False,False,False,False,False,False,False,False,False,False,False,False,False,False,False,False,False,False,47.5,9.5
725400,,,VELVETFRUIT_EXTRACT,XIRECS,5267.0,5,1,5264.0,5261,5267,5261.0,5267.0,0.0,0.0,0.0,1,at_or_above_ask_touch,5264.0,5250.5,5274.5,5220.5,5274.5,5198.0,5274.5,5268.0,4.0,5278.0,14.0,5261.5,-2.5,False,False,False,False,False,False,False,False,False,False,False,False,False,False,False,False,False,False,46.5,7.5
725800,,,VELVETFRUIT_EXTRACT,XIRECS,5265.0,8,1,5262.5,5260,5265,5259.0,5266.0,0.0,0.0,0.0,1,at_or_above_ask_touch,5262.5,5250.5,5274.5,5220.5,5274.5,5198.0,5274.5,5271.5,9.0,5279.5,17.0,5261.5,-1.0,False,False,False,False,False,False,False,False,False,False,False,False,False,False,False,False,False,False,44.5,9.5
726600,,,VELVETFRUIT_EXTRACT,XIRECS,5264.0,7,1,5261.5,5259,5264,5258.0,5265.0,0.0,0.0,0.0,1,at_or_above_ask_touch,5261.5,5250.5,5274.5,5220.5,5274.5,5198.0,5274.5,5278.0,16.5,5275.5,14.0,5267.5,6.0,False,False,False,False,False,False,False,False,False,False,False,False,False,False,False,False,False,False,43.5,10.5
728300,,,VELVETFRUIT_EXTRACT,XIRECS,5261.0,5,1,5258.5,5256,5261,5255.0,5262.0,0.0,0.0,0.0,1,at_or_above_ask_touch,5258.5,5251.0,5274.5,5220.5,5274.5,5198.0,5274.5,5280.5,22.0,5271.5,13.0,5268.0,9.5,False,False,False,False,False,False,False,False,False,False,False,False,False,False,False,False,False,False,40.5,13.5
731200,,,VELVETFRUIT_EXTRACT,XIRECS,5276.0,4,1,5273.5,5271,5276,5270.0,5276.0,-0.5362318840579711,0.0,-0.17777777777777778,1,at_or_above_ask_touch,5273.5,5257.0,5274.5,5222.0,5274.5,5198.0,5274.5,5274.5,1.0,5263.5,-10.0,5259.5,-14.0,False,True,False,True,False,True,False,True,False,True,False,True,False,True,False,True,False,True,54.0,-1.5
741600,,,VELVETFRUIT_EXTRACT,XIRECS,5263.0,5,1,5265.5,5263,5268,5262.0,5268.0,-0.45454545454545453,0.0,-0.23076923076923078,-1,at_or_below_bid_touch,5265.5,5257.0,5283.0,5232.5,5283.0,5198.0,5283.0,5278.5,13.0,5268.0,2.5,5259.5,-6.0,False,False,False,False,False,False,False,False,False,False,False,False,False,False,False,False,False,False,30.5,20.0
749700,,,VELVETFRUIT_EXTRACT,XIRECS,5277.0,5,1,5274.5,5272,5277,5271.0,5277.0,-0.5,0.0,-0.2,1,at_or_above_ask_touch,5274.5,5261.0,5283.0,5237.0,5283.0,5198.0,5283.0,5262.0,-12.5,5276.0,1.5,5251.5,-23.0,False,False,False,False,False,False,False,False,False,False,False,False,False,False,False,False,False,False,40.0,6.0
750500,,,VELVETFRUIT_EXTRACT,XIRECS,5273.0,7,1,5270.5,5268,5273,5267.0,5273.0,-0.43529411764705883,0.0,-0.24489795918367346,1,at_or_above_ask_touch,5270.5,5261.0,5283.0,5240.5,5283.0,5198.0,5283.0,5262.5,-8.0,5274.5,4.0,5248.0,-22.5,False,False,False,False,False,False,False,False,False,False,False,False,False,False,False,False,False,False,32.5,10.0
752500,,,VELVETFRUIT_EXTRACT,XIRECS,5272.0,3,1,5269.5,5267,5272,5266.0,5273.0,0.0,0.0,0.0,1,at_or_above_ask_touch,5269.5,5261.0,5283.0,5244.0,5283.0,5201.5,5283.0,5269.5,0.0,5271.5,2.0,5241.5,-28.0,False,False,False,False,False,False,False,False,False,False,False,False,False,False,False,False,False,False,28.0,11.0
755800,,,VELVETFRUIT_EXTRACT,XIRECS,5260.0,4,1,5262.5,5260,5265,5259.0,5266.0,0.0,0.0,0.0,-1,at_or_below_bid_touch,5262.5,5259.5,5280.5,5250.5,5283.0,5205.0,5283.0,5273.5,11.0,5270.5,8.0,5244.5,-18.0,False,False,True,False,True,False,False,False,False,False,False,False,False,False,False,False,False,False,9.5,23.0
760200,,,VELVETFRUIT_EXTRACT,XIRECS,5277.0,5,1,5274.5,5272,5277,5271.0,5277.0,-0.5833333333333334,0.0,-0.15151515151515152,1,at_or_above_ask_touch,5274.5,5259.5,5279.5,5256.5,5283.0,5212.5,5283.0,5266.5,-8.0,5268.5,-6.0,5242.5,-32.0,False,False,False,False,False,False,False,False,False,False,False,False,False,False,False,False,False,False,20.5,6.0
762400,,,VELVETFRUIT_EXTRACT,XIRECS,5268.0,3,1,5271.0,5268,5274,5268.0,5274.0,0.0,0.0,0.0,-1,at_or_below_bid_touch,5271.0,5259.5,5279.5,5257.0,5283.0,5212.5,5283.0,5274.0,3.0,5261.5,-9.5,5235.5,-35.5,False,False,False,False,False,False,False,False,False,False,False,False,False,False,False,False,False,False,11.0,15.0
765100,,,VELVETFRUIT_EXTRACT,XIRECS,5265.0,4,1,5267.5,5265,5270,5264.0,5271.0,0.0,0.0,0.0,-1,at_or_below_bid_touch,5267.5,5259.5,5279.5,5257.0,5283.0,5217.5,5283.0,5268.5,1.0,5262.0,-5.5,5227.5,-40.0,False,False,False,False,False,False,False,False,False,False,False,False,False,False,False,False,False,False,8.0,18.0
767200,,,VELVETFRUIT_EXTRACT,XIRECS,5276.0,3,1,5273.5,5271,5276,5271.0,5277.0,0.39759036144578314,0.0,0.27472527472527475,1,at_or_above_ask_touch,5273.5,5259.5,5277.5,5257.0,5283.0,5217.5,5283.0,5263.5,-10.0,5264.5,-9.0,5233.5,-40.0,False,False,False,False,False,True,False,False,False,False,False,False,False,False,False,False,False,False,19.0,7.0
768700,,,VELVETFRUIT_EXTRACT,XIRECS,5270.0,5,1,5272.5,5270,5275,5269.0,5275.0,-0.5789473684210527,0.0,-0.15384615384615385,-1,at_or_below_bid_touch,5272.5,5259.5,5277.5,5257.0,5283.0,5217.5,5283.0,5260.5,-12.0,5268.5,-4.0,5232.5,-40.0,False,False,False,False,False,False,False,False,False,False,False,False,False,False,False,False,False,False,13.0,13.0
771700,,,VELVETFRUIT_EXTRACT,XIRECS,5264.0,7,1,5261.5,5259,5264,5258.0,5265.0,0.0,0.0,0.0,1,at_or_above_ask_touch,5261.5,5259.5,5277.5,5257.0,5283.0,5217.5,5283.0,5267.5,6.0,5256.5,-5.0,5245.5,-16.0,False,False,False,False,False,False,False,False,False,False,False,False,False,False,False,False,False,False,7.0,19.0
772500,,,VELVETFRUIT_EXTRACT,XIRECS,5260.0,7,1,5262.5,5260,5265,5260.0,5266.0,0.43209876543209874,0.0,0.24731182795698925,-1,at_or_below_bid_touch,5262.5,5259.5,5277.5,5257.0,5283.0,5217.5,5283.0,5266.5,4.0,5258.5,-4.0,5241.0,-21.5,False,False,True,False,True,False,False,False,False,False,False,False,False,False,False,False,False,False,3.0,23.0
772600,,,VELVETFRUIT_EXTRACT,XIRECS,5265.0,8,1,5262.5,5260,5265,5259.0,5266.0,0.0,0.0,0.0,1,at_or_above_ask_touch,5262.5,5259.5,5277.5,5257.0,5283.0,5218.5,5283.0,5267.5,5.0,5259.5,-3.0,5242.5,-20.0,False,False,False,False,False,False,False,False,False,False,False,False,False,False,False,False,False,False,8.0,18.0
775000,,,VELVETFRUIT_EXTRACT,XIRECS,5266.0,4,1,5263.0,5260,5266,5260.0,5266.0,0.0,0.0,0.0,1,at_or_above_ask_touch,5263.0,5258.5,5277.5,5257.0,5283.0,5220.5,5283.0,5259.0,-4.0,5255.5,-7.5,5250.5,-12.5,False,False,False,False,False,False,False,False,False,False,False,False,False,False,False,False,False,False,9.0,17.0
777000,,,VELVETFRUIT_EXTRACT,XIRECS,5270.0,6,1,5267.0,5264,5270,5264.0,5270.0,0.0,0.0,0.0,1,at_or_above_ask_touch,5267.0,5258.5,5277.5,5257.0,5283.0,5220.5,5283.0,5259.0,-8.0,5258.5,-8.5,5244.5,-22.5,False,False,False,False,False,False,False,False,False,False,False,False,False,False,False,False,False,False,13.0,13.0
787700,,,VELVETFRUIT_EXTRACT,XIRECS,5260.0,6,1,5257.0,5254,5260,5254.0,5260.0,0.0,0.0,0.0,1,at_or_above_ask_touch,5257.0,5251.5,5275.5,5251.5,5279.5,5230.0,5283.0,5256.5,-0.5,5256.5,-0.5,5254.0,-3.0,False,False,False,False,False,False,False,False,False,False,False,False,False,False,False,False,False,False,8.5,19.5
787800,,,VELVETFRUIT_EXTRACT,XIRECS,5261.0,4,1,5258.5,5256,5261,5255.0,5262.0,0.0,0.0,0.0,1,at_or_above_ask_touch,5258.5,5251.5,5275.5,5251.5,5279.5,5230.0,5283.0,5256.5,-2.0,5256.5,-2.0,5253.5,-5.0,False,False,False,False,False,False,False,False,False,False,False,False,False,False,False,False,False,False,9.5,18.5
792200,,,VELVETFRUIT_EXTRACT,XIRECS,5259.0,6,1,5261.0,5259,5263,5257.0,5263.0,-0.7837837837837838,0.05714285714285714,0.0,-1,at_or_below_bid_touch,5261.0,5251.5,5269.5,5251.5,5279.5,5232.5,5283.0,5254.0,-7.0,5245.5,-15.5,5256.5,-4.5,False,False,False,False,False,False,False,False,False,False,False,False,False,False,False,False,False,False,7.5,20.5
794800,,,VELVETFRUIT_EXTRACT,XIRECS,5258.0,8,1,5256.5,5255,5258,5252.0,5258.0,-0.7837837837837838,0.05714285714285714,-0.13793103448275862,1,at_or_above_ask_touch,5256.5,5251.5,5269.5,5251.5,5279.5,5232.5,5283.0,5249.5,-7.0,5240.5,-16.0,5257.5,1.0,False,False,False,False,False,False,False,False,False,False,False,False,False,False,False,False,False,False,6.5,21.5
794900,,,VELVETFRUIT_EXTRACT,XIRECS,5251.0,6,1,5253.5,5251,5256,5250.0,5256.0,-0.4791666666666667,0.0,-0.21367521367521367,-1,at_or_below_bid_touch,5253.5,5251.5,5269.5,5251.5,5279.5,5232.5,5283.0,5251.5,-2.0,5240.0,-13.5,5258.5,5.0,True,False,True,False,True,False,True,False,True,False,True,False,False,False,False,False,False,False,-0.5,28.5
796600,,,VELVETFRUIT_EXTRACT,XIRECS,5251.0,8,1,5253.5,5251,5256,5250.0,5256.0,-0.48314606741573035,0.0,-0.21100917431192662,-1,at_or_below_bid_touch,5253.5,5251.5,5269.5,5251.5,5277.5,5232.5,5283.0,5249.5,-4.0,5247.0,-6.5,5261.5,8.0,True,False,True,False,True,False,True,False,True,False,True,False,False,False,False,False,False,False,-0.5,26.5
799900,,,VELVETFRUIT_EXTRACT,XIRECS,5249.0,8,1,5251.5,5249,5254,5248.0,5255.0,0.0,0.0,0.0,-1,at_or_below_bid_touch,5251.5,5249.5,5267.5,5249.5,5277.5,5237.5,5283.0,5240.0,-11.5,5244.5,-7.0,5264.5,13.0,True,False,True,False,True,False,True,False,True,False,True,False,False,False,False,False,False,False,-0.5,28.5
802800,,,VELVETFRUIT_EXTRACT,XIRECS,5243.0,3,1,5240.5,5238,5243,5238.0,5244.0,0.5454545454545454,0.0,0.1724137931034483,1,at_or_above_ask_touch,5240.5,5239.5,5267.5,5239.5,5277.5,5239.5,5283.0,5249.0,8.5,5233.5,-7.0,5269.0,28.5,False,False,False,False,False,False,False,False,False,False,False,False,False,False,False,False,False,False,3.5,34.5
803400,,,VELVETFRUIT_EXTRACT,XIRECS,5240.0,5,1,5239.0,5238,5240,5238.0,5244.0,0.863013698630137,-0.03546099290780142,0.1826086956521739,1,at_or_above_ask_touch,5239.0,5238.5,5267.5,5238.5,5277.5,5238.5,5283.0,5251.0,12.0,5229.0,-10.0,5270.0,31.0,False,False,False,False,True,False,False,False,False,False,True,False,False,False,False,False,True,False,1.5,37.5
807400,,,VELVETFRUIT_EXTRACT,XIRECS,5253.0,4,1,5250.0,5247,5253,5247.0,5253.0,0.0,0.0,0.0,1,at_or_above_ask_touch,5250.0,5238.5,5267.5,5238.5,5277.5,5238.5,5283.0,5235.5,-14.5,5234.5,-15.5,5267.5,17.5,False,False,False,False,False,False,False,False,False,False,False,False,False,False,False,False,False,False,14.5,24.5
810100,,,VELVETFRUIT_EXTRACT,XIRECS,5245.0,4,1,5242.5,5240,5245,5240.0,5246.0,0.4166666666666667,0.0,0.25925925925925924,1,at_or_above_ask_touch,5242.5,5238.5,5267.5,5238.5,5275.5,5238.5,5283.0,5227.5,-15.0,5236.5,-6.0,5263.0,20.5,False,False,False,False,False,False,False,False,False,False,False,False,False,False,False,False,False,False,6.5,30.5
812400,,,VELVETFRUIT_EXTRACT,XIRECS,5233.0,8,1,5235.5,5233,5238,5232.0,5238.0,-0.5342465753424658,0.0,-0.17894736842105263,-1,at_or_below_bid_touch,5235.5,5234.5,5257.5,5234.5,5275.5,5234.5,5283.0,5234.5,-1.0,5243.5,8.0,5256.0,20.5,True,False,True,False,True,False,True,False,True,False,True,False,True,False,True,False,True,False,-1.5,42.5
812900,,,VELVETFRUIT_EXTRACT,XIRECS,5233.0,7,1,5232.0,5231,5233,5231.0,5237.0,0.8028169014084507,-0.05185185185185185,0.24271844660194175,1,at_or_above_ask_touch,5232.0,5232.0,5257.5,5232.0,5275.5,5232.0,5283.0,5231.0,-1.0,5245.5,13.5,5254.5,22.5,False,False,True,False,True,False,False,False,True,False,True,False,False,False,True,False,True,False,1.0,42.5
815000,,,VELVETFRUIT_EXTRACT,XIRECS,5230.0,5,1,5227.5,5225,5230,5225.0,5231.0,0.49473684210526314,0.0,0.2033898305084746,1,at_or_above_ask_touch,5227.5,5227.5,5257.5,5227.5,5275.5,5227.5,5283.0,5236.0,8.5,5250.5,23.0,5255.5,28.0,False,False,False,False,False,False,False,False,False,False,False,False,False,False,False,False,False,False,2.5,45.5
817900,,,VELVETFRUIT_EXTRACT,XIRECS,5228.0,5,1,5231.0,5228,5234,5228.0,5234.0,0.0,0.0,0.0,-1,at_or_below_bid_touch,5231.0,5227.5,5256.5,5227.5,5275.5,5227.5,5283.0,5245.5,14.5,5242.0,11.0,5250.5,19.5,False,False,True,False,True,False,False,False,True,False,True,False,False,False,True,False,True,False,0.5,47.5
818100,,,VELVETFRUIT_EXTRACT,XIRECS,5234.0,7,1,5231.5,5229,5234,5228.0,5235.0,0.0,0.0,0.0,1,at_or_above_ask_touch,5231.5,5227.5,5256.5,5227.5,5275.5,5227.5,5283.0,5247.5,16.0,5239.5,8.0,5251.0,19.5,False,False,False,False,False,False,False,False,False,False,False,False,False,False,False,False,False,False,6.5,41.5
818500,,,VELVETFRUIT_EXTRACT,XIRECS,5231.0,7,1,5233.5,5231,5236,5230.0,5237.0,0.0,0.0,0.0,-1,at_or_below_bid_touch,5233.5,5227.5,5256.5,5227.5,5273.0,5227.5,5283.0,5247.5,14.0,5236.5,3.0,5249.5,16.0,False,False,False,False,False,False,False,False,False,False,False,False,False,False,False,False,False,False,3.5,42.0
822000,,,VELVETFRUIT_EXTRACT,XIRECS,5245.0,8,1,5242.5,5240,5245,5239.0,5246.0,0.0,0.0,0.0,1,at_or_above_ask_touch,5242.5,5227.5,5251.5,5227.5,5269.5,5227.5,5283.0,5244.5,2.0,5241.5,-1.0,5243.5,1.0,False,False,False,False,False,False,False,False,False,False,False,False,False,False,False,False,False,False,17.5,24.5
822200,,,VELVETFRUIT_EXTRACT,XIRECS,5241.0,7,1,5243.5,5241,5246,5240.0,5246.0,-0.46511627906976744,0.0,-0.22330097087378642,-1,at_or_below_bid_touch,5243.5,5227.5,5251.5,5227.5,5269.5,5227.5,5283.0,5245.5,2.0,5241.5,-2.0,5244.0,0.5,False,False,False,False,False,False,False,False,False,False,False,False,False,False,False,False,False,False,13.5,28.5
824200,,,VELVETFRUIT_EXTRACT,XIRECS,5251.0,4,1,5248.5,5246,5251,5246.0,5252.0,0.4594594594594595,0.0,0.22727272727272727,1,at_or_above_ask_touch,5248.5,5227.5,5251.5,5227.5,5269.5,5227.5,5283.0,5238.5,-10.0,5245.5,-3.0,5243.5,-5.0,False,False,False,True,False,True,False,False,False,False,False,False,False,False,False,False,False,False,23.5,18.5
827000,,,VELVETFRUIT_EXTRACT,XIRECS,5247.0,7,1,5244.5,5242,5247,5241.0,5248.0,0.0,0.0,0.0,1,at_or_above_ask_touch,5244.5,5227.5,5251.5,5227.5,5269.5,5227.5,5283.0,5241.5,-3.0,5251.5,7.0,5237.5,-7.0,False,False,False,False,False,False,False,False,False,False,False,False,False,False,False,False,False,False,19.5,22.5
827500,,,VELVETFRUIT_EXTRACT,XIRECS,5247.0,8,1,5244.5,5242,5247,5241.0,5247.0,-0.46835443037974683,0.0,-0.22105263157894736,1,at_or_above_ask_touch,5244.5,5227.5,5251.5,5227.5,5269.5,5227.5,5283.0,5242.5,-2.0,5253.0,8.5,5236.5,-8.0,False,False,False,False,False,False,False,False,False,False,False,False,False,False,False,False,False,False,19.5,22.5
832000,,,VELVETFRUIT_EXTRACT,XIRECS,5244.0,6,1,5241.5,5239,5244,5238.0,5245.0,0.0,0.0,0.0,1,at_or_above_ask_touch,5241.5,5227.5,5251.5,5227.5,5267.5,5227.5,5283.0,5251.5,10.0,5258.0,16.5,5244.5,3.0,False,False,False,False,False,False,False,False,False,False,False,False,False,False,False,False,False,False,16.5,23.5
832100,,,VELVETFRUIT_EXTRACT,XIRECS,5239.0,8,1,5241.5,5239,5244,5238.0,5245.0,0.0,0.0,0.0,-1,at_or_below_bid_touch,5241.5,5227.5,5251.5,5227.5,5267.5,5227.5,5283.0,5252.5,11.0,5258.5,17.0,5246.5,5.0,False,False,False,False,False,False,False,False,False,False,False,False,False,False,False,False,False,False,11.5,28.5
832700,,,VELVETFRUIT_EXTRACT,XIRECS,5242.0,3,1,5241.0,5240,5242,5239.0,5245.0,0.5,-0.06086956521739131,-0.2413793103448276,1,at_or_above_ask_touch,5241.0,5227.5,5251.5,5227.5,5267.5,5227.5,5283.0,5254.0,13.0,5257.5,16.5,5249.5,8.5,False,False,False,False,False,False,False,False,False,False,False,False,False,False,False,False,False,False,14.5,25.5
834900,,,VELVETFRUIT_EXTRACT,XIRECS,5243.0,7,1,5245.5,5243,5248,5242.0,5249.0,0.0,0.0,0.0,-1,at_or_below_bid_touch,5245.5,5227.5,5251.5,5227.5,5267.5,5227.5,5282.5,5254.5,9.0,5258.5,13.0,5254.5,9.0,False,False,False,False,False,False,False,False,False,False,False,False,False,False,False,False,False,False,15.5,24.5
836000,,,VELVETFRUIT_EXTRACT,XIRECS,5244.0,6,1,5246.5,5244,5249,5244.0,5250.0,0.5151515151515151,0.0,0.19047619047619047,-1,at_or_below_bid_touch,5246.5,5229.5,5251.5,5227.5,5267.5,5227.5,5279.5,5253.5,7.0,5261.5,15.0,5254.0,7.5,False,False,False,False,False,False,False,False,False,False,False,False,False,False,False,False,False,False,16.5,23.5
838700,,,VELVETFRUIT_EXTRACT,XIRECS,5252.0,11,1,5251.5,5251,5252,5250.0,5256.0,0.2903225806451613,-0.08148148148148149,-0.19230769230769232,1,at_or_above_ask_touch,5251.5,5230.5,5254.5,5227.5,5267.5,5227.5,5279.5,5257.0,5.5,5263.5,12.0,5250.5,-1.0,False,False,False,False,False,False,False,False,False,False,False,False,False,False,False,False,False,False,24.5,15.5
839600,,,VELVETFRUIT_EXTRACT,XIRECS,5253.0,8,1,5252.0,5251,5253,5251.0,5257.0,0.7808219178082192,-0.057971014492753624,0.1504424778761062,1,at_or_above_ask_touch,5252.0,5234.5,5254.5,5227.5,5267.5,5227.5,5279.5,5257.5,5.5,5267.5,15.5,5247.5,-4.5,False,False,False,False,False,True,False,False,False,False,False,False,False,False,False,False,False,False,25.5,14.5
840400,,,VELVETFRUIT_EXTRACT,XIRECS,5253.0,3,1,5255.5,5253,5258,5252.0,5258.0,-0.43820224719101125,0.0,-0.24271844660194175,-1,at_or_below_bid_touch,5255.5,5234.5,5255.5,5227.5,5263.5,5227.5,5279.5,5255.5,0.0,5261.5,6.0,5244.5,-11.0,False,False,False,False,False,False,False,False,False,False,False,False,False,False,False,False,False,False,25.5,10.5
843100,,,VELVETFRUIT_EXTRACT,XIRECS,5255.0,4,1,5257.5,5255,5260,5254.0,5260.0,-0.589041095890411,0.0,-0.1485148514851485,-1,at_or_below_bid_touch,5257.5,5234.5,5259.5,5227.5,5259.5,5227.5,5279.5,5261.0,3.5,5267.5,10.0,5251.5,-6.0,False,False,False,False,False,False,False,False,False,False,False,False,False,False,False,False,False,False,27.5,4.5
845400,,,VELVETFRUIT_EXTRACT,XIRECS,5256.0,8,1,5255.5,5255,5256,5254.0,5260.0,0.38461538461538464,-0.06666666666666667,-0.19148936170212766,1,at_or_above_ask_touch,5255.5,5234.5,5260.5,5227.5,5260.5,5227.5,5278.5,5261.5,6.0,5275.5,20.0,5250.5,-5.0,False,False,False,False,False,False,False,False,False,False,False,False,False,False,False,False,False,False,28.5,4.5
849300,,,VELVETFRUIT_EXTRACT,XIRECS,5270.0,8,1,5267.5,5265,5270,5264.0,5270.0,-0.5384615384615384,0.0,-0.17647058823529413,1,at_or_above_ask_touch,5267.5,5237.5,5267.5,5227.5,5267.5,5227.5,5277.5,5275.0,7.5,5262.5,-5.0,5249.5,-18.0,False,True,False,True,False,True,False,True,False,True,False,True,False,False,False,False,False,False,42.5,-2.5
850300,,,VELVETFRUIT_EXTRACT,XIRECS,5260.0,7,1,5261.0,5260,5262,5259.0,5265.0,0.5172413793103449,-0.05343511450381679,-0.21568627450980393,-1,at_or_below_bid_touch,5261.0,5239.5,5268.0,5227.5,5268.0,5227.5,5277.5,5275.5,14.5,5261.5,0.5,5251.0,-10.0,False,False,False,False,False,False,False,False,False,False,False,False,False,False,False,False,False,False,32.5,8.0
850600,,,VELVETFRUIT_EXTRACT,XIRECS,5261.0,5,1,5260.0,5259,5261,5259.0,5265.0,0.8666666666666667,-0.034482758620689655,0.17647058823529413,1,at_or_above_ask_touch,5260.0,5240.5,5268.0,5227.5,5268.0,5227.5,5277.5,5274.0,14.0,5258.0,-2.0,5251.0,-9.0,False,False,False,False,False,False,False,False,False,False,False,False,False,False,False,False,False,False,33.5,7.0
851700,,,VELVETFRUIT_EXTRACT,XIRECS,5260.0,6,1,5262.5,5260,5265,5259.0,5265.0,-0.46236559139784944,0.0,-0.22522522522522523,-1,at_or_below_bid_touch,5262.5,5240.5,5268.0,5227.5,5268.0,5227.5,5277.5,5272.0,9.5,5258.5,-4.0,5254.5,-8.0,False,False,False,False,False,False,False,False,False,False,False,False,False,False,False,False,False,False,32.5,8.0
852200,,,VELVETFRUIT_EXTRACT,XIRECS,5270.0,4,1,5267.0,5264,5270,5264.0,5270.0,0.0,0.0,0.0,1,at_or_above_ask_touch,5267.0,5240.5,5268.0,5227.5,5268.0,5227.5,5277.5,5270.5,3.5,5254.5,-12.5,5256.0,-11.0,False,True,False,True,False,True,False,True,False,True,False,True,False,False,False,False,False,False,42.5,-2.0
852900,,,VELVETFRUIT_EXTRACT,XIRECS,5265.0,7,1,5266.0,5265,5267,5265.0,5271.0,0.7368421052631579,-0.07042253521126761,0.168141592920354,-1,at_or_below_bid_touch,5266.0,5241.5,5269.0,5227.5,5269.0,5227.5,5277.5,5262.5,-3.5,5254.5,-11.5,5256.5,-9.5,False,False,False,False,False,False,False,False,False,False,False,False,False,False,False,False,False,False,37.5,4.0
856600,,,VELVETFRUIT_EXTRACT,XIRECS,5269.0,3,1,5271.5,5269,5274,5268.0,5274.0,-0.39473684210526316,0.0,-0.27710843373493976,-1,at_or_below_bid_touch,5271.5,5249.0,5276.0,5227.5,5276.0,5227.5,5277.5,5259.5,-12.0,5252.5,-19.0,5251.5,-20.0,False,False,False,False,False,False,False,False,False,False,False,False,False,False,False,False,False,False,41.5,7.0
863300,,,VELVETFRUIT_EXTRACT,XIRECS,5254.0,12,1,5253.5,5253,5254,5252.0,5259.0,0.3333333333333333,-0.08450704225352113,0.0,1,at_or_above_ask_touch,5253.5,5253.5,5276.0,5227.5,5276.0,5227.5,5276.0,5250.5,-3.0,5242.5,-11.0,5262.5,9.0,False,False,True,False,True,False,False,False,False,False,False,False,False,False,False,False,False,False,26.5,22.0
868700,,,VELVETFRUIT_EXTRACT,XIRECS,5246.0,4,1,5248.5,5246,5251,5246.0,5252.0,0.5365853658536586,0.0,0.17757009345794392,-1,at_or_below_bid_touch,5248.5,5248.0,5276.0,5230.5,5276.0,5227.5,5276.0,5241.5,-7.0,5238.5,-10.0,5265.0,16.5,True,False,True,False,True,False,False,False,False,False,False,False,False,False,False,False,False,False,15.5,30.0
869600,,,VELVETFRUIT_EXTRACT,XIRECS,5241.0,5,1,5243.5,5241,5246,5240.0,5247.0,0.0,0.0,0.0,-1,at_or_below_bid_touch,5243.5,5243.5,5276.0,5234.5,5276.0,5227.5,5276.0,5243.0,-0.5,5239.5,-4.0,5270.5,27.0,True,False,True,False,True,False,False,False,False,False,False,False,False,False,False,False,False,False,6.5,35.0
871500,,,VELVETFRUIT_EXTRACT,XIRECS,5241.0,8,1,5243.5,5241,5246,5241.0,5247.0,0.4805194805194805,0.0,0.2127659574468085,-1,at_or_below_bid_touch,5243.5,5242.0,5276.0,5234.5,5276.0,5227.5,5276.0,5239.5,-4.0,5243.5,0.0,5272.5,29.0,True,False,True,False,True,False,False,False,False,False,False,False,False,False,False,False,False,False,6.5,35.0
873600,,,VELVETFRUIT_EXTRACT,XIRECS,5238.0,7,1,5240.5,5238,5243,5237.0,5244.0,0.0,0.0,0.0,-1,at_or_below_bid_touch,5240.5,5240.5,5276.0,5234.5,5276.0,5227.5,5276.0,5237.5,-3.0,5250.0,9.5,5271.5,31.0,True,False,True,False,True,False,False,False,False,False,False,False,False,False,False,False,False,False,3.5,38.0
874400,,,VELVETFRUIT_EXTRACT,XIRECS,5246.0,3,1,5243.5,5241,5246,5240.0,5246.0,-0.5434782608695652,0.0,-0.17355371900826447,1,at_or_above_ask_touch,5243.5,5240.5,5275.5,5234.5,5276.0,5227.5,5276.0,5239.5,-4.0,5256.5,13.0,5273.5,30.0,False,False,False,False,False,False,False,False,False,False,False,False,False,False,False,False,False,False,11.5,30.0
876500,,,VELVETFRUIT_EXTRACT,XIRECS,5242.0,6,1,5239.5,5237,5242,5236.0,5242.0,-0.5789473684210527,0.0,-0.15384615384615385,1,at_or_above_ask_touch,5239.5,5237.5,5273.0,5234.5,5276.0,5227.5,5276.0,5243.5,4.0,5255.5,16.0,5277.0,37.5,False,False,False,False,False,False,False,False,False,False,False,False,False,False,False,False,False,False,7.5,34.0
876800,,,VELVETFRUIT_EXTRACT,XIRECS,5240.0,8,1,5237.5,5235,5240,5234.0,5240.0,-0.5053763440860215,0.0,-0.19658119658119658,1,at_or_above_ask_touch,5237.5,5237.0,5273.0,5234.5,5276.0,5227.5,5276.0,5246.5,9.0,5255.5,18.0,5275.5,38.0,False,False,False,False,False,False,False,False,False,False,False,False,False,False,False,False,False,False,5.5,36.0
877600,,,VELVETFRUIT_EXTRACT,XIRECS,5239.0,5,1,5236.5,5234,5239,5233.0,5240.0,0.0,0.0,0.0,1,at_or_above_ask_touch,5236.5,5236.5,5264.5,5234.5,5276.0,5227.5,5276.0,5247.0,10.5,5254.5,18.0,5277.5,41.0,False,False,False,False,False,False,False,False,False,False,False,False,False,False,False,False,False,False,4.5,37.0
878500,,,VELVETFRUIT_EXTRACT,XIRECS,5239.0,4,1,5236.5,5234,5239,5234.0,5240.0,0.4845360824742268,0.0,0.21008403361344538,1,at_or_above_ask_touch,5236.5,5234.5,5264.5,5234.5,5276.0,5227.5,5276.0,5250.5,14.0,5248.5,12.0,5280.5,44.0,False,False,False,False,False,False,False,False,False,False,False,False,False,False,False,False,False,False,4.5,37.0
879700,,,VELVETFRUIT_EXTRACT,XIRECS,5238.0,11,1,5237.5,5237,5238,5236.0,5243.0,0.15384615384615385,-0.08270676691729323,0.0,1,at_or_above_ask_touch,5237.5,5234.5,5263.5,5234.5,5276.0,5227.5,5276.0,5256.5,19.0,5247.5,10.0,5273.5,36.0,False,False,False,False,False,False,False,False,False,False,False,False,False,False,False,False,False,False,3.5,38.0
881800,,,VELVETFRUIT_EXTRACT,XIRECS,5244.0,4,1,5246.5,5244,5249,5243.0,5249.0,-0.4782608695652174,0.0,-0.21428571428571427,-1,at_or_below_bid_touch,5246.5,5234.5,5258.5,5234.5,5276.0,5227.5,5276.0,5255.5,9.0,5251.0,4.5,5275.5,29.0,False,False,False,False,False,False,False,False,False,False,False,False,False,False,False,False,False,False,9.5,32.0
882600,,,VELVETFRUIT_EXTRACT,XIRECS,5248.0,10,1,5247.0,5246,5248,5246.0,5252.0,0.696969696969697,-0.08196721311475409,0.23076923076923078,1,at_or_above_ask_touch,5247.0,5234.5,5258.5,5234.5,5276.0,5227.5,5276.0,5254.5,7.5,5250.5,3.5,5272.5,25.5,False,False,False,False,False,False,False,False,False,False,False,False,False,False,False,False,False,False,13.5,28.0
883800,,,VELVETFRUIT_EXTRACT,XIRECS,5251.0,8,1,5252.0,5251,5253,5250.0,5256.0,0.5151515151515151,-0.05263157894736842,-0.21008403361344538,-1,at_or_below_bid_touch,5252.0,5234.5,5258.5,5234.5,5276.0,5227.5,5276.0,5250.5,-1.5,5254.5,2.5,5268.5,16.5,False,False,False,False,False,False,False,False,False,False,False,False,False,False,False,False,False,False,16.5,25.0
883900,,,VELVETFRUIT_EXTRACT,XIRECS,5251.0,3,1,5253.5,5251,5256,5250.0,5256.0,-0.5853658536585366,0.0,-0.1504424778761062,-1,at_or_below_bid_touch,5253.5,5234.5,5258.5,5234.5,5276.0,5227.5,5276.0,5250.5,-3.0,5253.5,0.0,5267.5,14.0,False,False,False,False,False,False,False,False,False,False,False,False,False,False,False,False,False,False,16.5,25.0
884200,,,VELVETFRUIT_EXTRACT,XIRECS,5253.0,4,1,5255.5,5253,5258,5252.0,5258.0,-0.4878048780487805,0.0,-0.2079207920792079,-1,at_or_below_bid_touch,5255.5,5234.5,5258.5,5234.5,5276.0,5227.5,5276.0,5249.5,-6.0,5254.5,-1.0,5265.5,10.0,False,False,False,False,False,False,False,False,False,False,False,False,False,False,False,False,False,False,18.5,23.0
884600,,,VELVETFRUIT_EXTRACT,XIRECS,5254.0,7,1,5256.5,5254,5259,5254.0,5260.0,0.5522388059701493,0.0,0.16853932584269662,-1,at_or_below_bid_touch,5256.5,5234.5,5258.5,5234.5,5276.0,5227.5,5276.0,5247.5,-9.0,5253.5,-3.0,5265.5,9.0,False,False,False,False,False,False,False,False,False,False,False,False,False,False,False,False,False,False,19.5,22.0
886600,,,VELVETFRUIT_EXTRACT,XIRECS,5259.0,5,1,5256.0,5253,5259,5253.0,5259.0,0.0,0.0,0.0,1,at_or_above_ask_touch,5256.0,5234.5,5257.5,5234.5,5276.0,5227.5,5276.0,5250.5,-5.5,5249.5,-6.5,5264.5,8.5,False,True,False,True,False,True,False,False,False,False,False,False,False,False,False,False,False,False,24.5,17.0
887800,,,VELVETFRUIT_EXTRACT,XIRECS,5252.0,8,1,5253.5,5252,5255,5249.0,5256.0,-0.6428571428571429,0.03937007874015748,0.0,-1,at_or_below_bid_touch,5253.5,5234.5,5257.5,5234.5,5276.0,5227.5,5276.0,5250.5,-3.0,5248.5,-5.0,5262.0,8.5,False,False,False,False,False,False,False,False,False,False,False,False,False,False,False,False,False,False,17.5,24.0
890200,,,VELVETFRUIT_EXTRACT,XIRECS,5240.0,4,1,5242.5,5240,5245,5240.0,5246.0,0.4246575342465753,0.0,0.25301204819277107,-1,at_or_below_bid_touch,5242.5,5234.5,5257.5,5234.5,5276.0,5227.5,5276.0,5252.0,9.5,5251.5,9.0,5262.5,20.0,False,False,False,False,False,False,False,False,False,False,False,False,False,False,False,False,False,False,5.5,36.0
891000,,,VELVETFRUIT_EXTRACT,XIRECS,5245.0,3,1,5247.5,5245,5250,5244.0,5251.0,0.0,0.0,0.0,-1,at_or_below_bid_touch,5247.5,5234.5,5257.5,5234.5,5276.0,5227.5,5276.0,5249.5,2.0,5252.5,5.0,5257.5,10.0,False,False,False,False,False,False,False,False,False,False,False,False,False,False,False,False,False,False,10.5,31.0
896900,,,VELVETFRUIT_EXTRACT,XIRECS,5247.0,11,1,5246.5,5246,5247,5245.0,5252.0,0.21428571428571427,-0.08029197080291971,0.0,1,at_or_above_ask_touch,5246.5,5234.5,5257.5,5234.5,5276.0,5227.5,5276.0,5255.5,9.0,5252.5,6.0,5244.5,-2.0,False,False,False,False,False,False,False,False,False,False,False,False,False,False,False,False,False,False,12.5,29.0
899700,,,VELVETFRUIT_EXTRACT,XIRECS,5247.0,5,1,5249.5,5247,5252,5247.0,5253.0,0.39473684210526316,0.0,0.27710843373493976,-1,at_or_below_bid_touch,5249.5,5237.5,5257.5,5234.5,5276.0,5227.5,5276.0,5258.0,8.5,5261.5,12.0,5249.5,0.0,False,False,False,False,False,False,False,False,False,False,False,False,False,False,False,False,False,False,12.5,29.0
901000,,,VELVETFRUIT_EXTRACT,XIRECS,5255.0,7,1,5252.5,5250,5255,5249.0,5255.0,-0.5522388059701493,0.0,-0.16853932584269662,1,at_or_above_ask_touch,5252.5,5239.5,5257.5,5234.5,5276.0,5227.5,5276.0,5257.5,5.0,5262.5,10.0,5256.0,3.5,False,False,False,False,False,False,False,False,False,False,False,False,False,False,False,False,False,False,20.5,21.0
901900,,,VELVETFRUIT_EXTRACT,XIRECS,5253.0,3,1,5255.5,5253,5258,5252.0,5259.0,0.0,0.0,0.0,-1,at_or_below_bid_touch,5255.5,5242.5,5257.5,5234.5,5276.0,5227.5,5276.0,5252.5,-3.0,5261.5,6.0,5258.5,3.0,False,False,False,False,False,False,False,False,False,False,False,False,False,False,False,False,False,False,18.5,23.0
904000,,,VELVETFRUIT_EXTRACT,XIRECS,5261.0,6,1,5258.5,5256,5261,5255.0,5262.0,0.0,0.0,0.0,1,at_or_above_ask_touch,5258.5,5242.5,5261.5,5234.5,5276.0,5227.5,5276.0,5256.5,-2.0,5264.5,6.0,5260.5,2.0,False,False,False,True,False,True,False,False,False,False,False,False,False,False,False,False,False,False,26.5,15.0
905200,,,VELVETFRUIT_EXTRACT,XIRECS,5257.0,6,1,5259.5,5257,5262,5256.0,5263.0,0.0,0.0,0.0,-1,at_or_below_bid_touch,5259.5,5242.5,5261.5,5234.5,5275.5,5227.5,5276.0,5260.5,1.0,5264.0,4.5,5265.0,5.5,False,False,False,False,False,False,False,False,False,False,False,False,False,False,False,False,False,False,22.5,18.5
907000,,,VELVETFRUIT_EXTRACT,XIRECS,5255.0,4,1,5252.5,5250,5255,5249.0,5256.0,0.0,0.0,0.0,1,at_or_above_ask_touch,5252.5,5242.5,5261.5,5234.5,5271.5,5227.5,5276.0,5263.5,11.0,5260.5,8.0,5264.5,12.0,False,False,False,False,False,False,False,False,False,False,False,False,False,False,False,False,False,False,20.5,16.5
907300,,,VELVETFRUIT_EXTRACT,XIRECS,5252.0,4,1,5254.5,5252,5257,5251.0,5257.0,-0.5492957746478874,0.0,-0.1702127659574468,-1,at_or_below_bid_touch,5254.5,5242.5,5261.5,5234.5,5267.5,5227.5,5276.0,5264.5,10.0,5263.0,8.5,5263.5,9.0,False,False,False,False,False,False,False,False,False,False,False,False,False,False,False,False,False,False,17.5,15.5
911600,,,VELVETFRUIT_EXTRACT,XIRECS,5264.0,5,1,5261.5,5259,5264,5258.0,5264.0,-0.5616438356164384,0.0,-0.16326530612244897,1,at_or_above_ask_touch,5261.5,5245.0,5263.5,5234.5,5263.5,5227.5,5276.0,5259.5,-2.0,5271.5,10.0,5263.5,2.0,False,True,False,True,False,True,False,True,False,True,False,True,False,False,False,False,False,False,29.5,-0.5
913100,,,VELVETFRUIT_EXTRACT,XIRECS,5260.0,7,1,5262.5,5260,5265,5259.0,5266.0,0.0,0.0,0.0,-1,at_or_below_bid_touch,5262.5,5245.0,5264.5,5234.5,5264.5,5227.5,5276.0,5266.5,4.0,5273.5,11.0,5267.5,5.0,False,False,False,False,False,False,False,False,False,False,False,False,False,False,False,False,False,False,25.5,4.5
914700,,,VELVETFRUIT_EXTRACT,XIRECS,5263.0,8,1,5262.0,5261,5263,5261.0,5267.0,0.7681159420289855,-0.06153846153846154,0.22,1,at_or_above_ask_touch,5262.0,5245.0,5265.0,5234.5,5265.0,5227.5,5276.0,5268.5,6.5,5273.5,11.5,5275.5,13.5,False,False,False,False,False,True,False,False,False,False,False,True,False,False,False,False,False,False,28.5,2.0
917300,,,VELVETFRUIT_EXTRACT,XIRECS,5266.0,6,1,5263.0,5260,5266,5260.0,5266.0,0.0,0.0,0.0,1,at_or_above_ask_touch,5263.0,5246.5,5267.5,5234.5,5267.5,5230.0,5276.0,5273.0,10.0,5277.0,14.0,5275.0,12.0,False,False,False,False,False,True,False,False,False,False,False,True,False,False,False,False,False,False,31.5,1.5
923000,,,VELVETFRUIT_EXTRACT,XIRECS,5270.0,6,1,5272.5,5270,5275,5269.0,5276.0,0.0,0.0,0.0,-1,at_or_below_bid_touch,5272.5,5250.5,5275.5,5234.5,5275.5,5234.5,5276.0,5277.5,5.0,5272.0,-0.5,5259.5,-13.0,False,False,False,False,False,False,False,False,False,False,False,False,False,False,False,False,False,False,35.5,5.5
931200,,,VELVETFRUIT_EXTRACT,XIRECS,5271.0,6,1,5273.5,5271,5276,5271.0,5277.0,0.48148148148148145,0.0,0.21212121212121213,-1,at_or_below_bid_touch,5273.5,5259.0,5280.5,5239.5,5280.5,5234.5,5280.5,5265.0,-8.5,5256.5,-17.0,5257.5,-16.0,False,False,False,False,False,False,False,False,False,False,False,False,False,False,False,False,False,False,31.5,9.5
936600,,,VELVETFRUIT_EXTRACT,XIRECS,5262.0,7,1,5264.5,5262,5267,5261.0,5267.0,-0.4567901234567901,0.0,-0.22916666666666666,-1,at_or_below_bid_touch,5264.5,5259.0,5280.5,5242.5,5280.5,5234.5,5280.5,5253.5,-11.0,5245.5,-19.0,5254.5,-10.0,False,False,False,False,False,False,False,False,False,False,False,False,False,False,False,False,False,False,19.5,18.5
937800,,,VELVETFRUIT_EXTRACT,XIRECS,5259.0,6,1,5262.0,5259,5265,5259.0,5265.0,0.0,0.0,0.0,-1,at_or_below_bid_touch,5262.0,5259.0,5280.5,5242.5,5280.5,5234.5,5280.5,5248.5,-13.5,5249.0,-13.0,5253.5,-8.5,True,False,True,False,True,False,False,False,False,False,False,False,False,False,False,False,False,False,16.5,21.5
938200,,,VELVETFRUIT_EXTRACT,XIRECS,5266.0,3,1,5263.5,5261,5266,5260.0,5267.0,0.0,0.0,0.0,1,at_or_above_ask_touch,5263.5,5259.0,5280.5,5242.5,5280.5,5234.5,5280.5,5245.5,-18.0,5248.0,-15.5,5254.5,-9.0,False,False,False,False,False,False,False,False,False,False,False,False,False,False,False,False,False,False,23.5,14.5
944800,,,VELVETFRUIT_EXTRACT,XIRECS,5245.0,8,1,5242.0,5239,5245,5239.0,5245.0,0.0,0.0,0.0,1,at_or_above_ask_touch,5242.0,5240.5,5280.5,5240.5,5280.5,5234.5,5280.5,5248.5,6.5,5263.5,21.5,5267.0,25.0,False,False,False,False,False,False,False,False,False,False,False,False,False,False,False,False,False,False,4.5,35.5
946800,,,VELVETFRUIT_EXTRACT,XIRECS,5248.0,8,1,5245.5,5243,5248,5242.0,5249.0,0.0,0.0,0.0,1,at_or_above_ask_touch,5245.5,5240.5,5280.5,5240.5,5280.5,5234.5,5280.5,5258.5,13.0,5263.5,18.0,5266.0,20.5,False,False,False,False,False,False,False,False,False,False,False,False,False,False,False,False,False,False,7.5,32.5
948700,,,VELVETFRUIT_EXTRACT,XIRECS,5247.0,6,1,5246.0,5245,5247,5245.0,5251.0,0.8333333333333334,-0.043478260869565216,0.0,1,at_or_above_ask_touch,5246.0,5240.5,5279.0,5240.5,5280.5,5234.5,5280.5,5258.0,12.0,5262.0,16.0,5268.5,22.5,False,False,False,False,False,False,False,False,False,False,False,False,False,False,False,False,False,False,6.5,33.5
949400,,,VELVETFRUIT_EXTRACT,XIRECS,5248.0,9,1,5247.0,5246,5248,5246.0,5252.0,0.7352941176470589,-0.07086614173228346,0.0,1,at_or_above_ask_touch,5247.0,5240.5,5277.5,5240.5,5280.5,5234.5,5280.5,5262.5,15.5,5261.5,14.5,5270.0,23.0,False,False,False,False,False,False,False,False,False,False,False,False,False,False,False,False,False,False,7.5,32.5
951500,,,VELVETFRUIT_EXTRACT,XIRECS,5262.0,6,1,5259.5,5257,5262,5256.0,5262.0,-0.4794520547945205,0.0,-0.21348314606741572,1,at_or_above_ask_touch,5259.5,5240.5,5276.5,5240.5,5280.5,5234.5,5280.5,5264.5,5.0,5263.5,4.0,,,False,False,False,False,False,False,False,False,False,False,False,False,False,False,False,False,False,False,21.5,18.5
960700,,,VELVETFRUIT_EXTRACT,XIRECS,5263.0,4,1,5260.0,5257,5263,5257.0,5263.0,0.0,0.0,0.0,1,at_or_above_ask_touch,5260.0,5240.5,5266.5,5240.5,5280.5,5234.5,5280.5,5272.5,12.5,5267.5,7.5,,,False,False,False,False,False,False,False,False,False,False,False,False,False,False,False,False,False,False,22.5,17.5
963300,,,VELVETFRUIT_EXTRACT,XIRECS,5267.0,5,1,5269.5,5267,5272,5266.0,5272.0,-0.48936170212765956,0.0,-0.20689655172413793,-1,at_or_below_bid_touch,5269.5,5240.5,5269.5,5240.5,5280.5,5234.5,5280.5,5270.5,1.0,5258.5,-11.0,,,False,False,False,False,False,False,False,False,False,False,False,False,False,False,False,False,False,False,26.5,13.5
963500,,,VELVETFRUIT_EXTRACT,XIRECS,5267.0,5,1,5269.5,5267,5272,5266.0,5273.0,0.0,0.0,0.0,-1,at_or_below_bid_touch,5269.5,5240.5,5269.5,5240.5,5280.5,5234.5,5280.5,5271.5,2.0,5257.5,-12.0,,,False,False,False,False,False,False,False,False,False,False,False,False,False,False,False,False,False,False,26.5,13.5
965000,,,VELVETFRUIT_EXTRACT,XIRECS,5272.0,4,1,5274.5,5272,5277,5272.0,5278.0,0.4482758620689655,0.0,0.23529411764705882,-1,at_or_below_bid_touch,5274.5,5241.5,5276.5,5240.5,5280.5,5234.5,5280.5,5265.5,-9.0,5258.5,-16.0,,,False,False,False,False,False,False,False,False,False,False,False,False,False,False,False,False,False,False,31.5,8.5
966200,,,VELVETFRUIT_EXTRACT,XIRECS,5268.0,7,1,5270.5,5268,5273,5268.0,5274.0,0.5443037974683544,0.0,0.17307692307692307,-1,at_or_below_bid_touch,5270.5,5244.0,5276.5,5240.5,5280.5,5234.5,5280.5,5267.5,-3.0,5255.5,-15.0,,,False,False,False,False,False,False,False,False,False,False,False,False,False,False,False,False,False,False,27.5,12.5
972800,,,VELVETFRUIT_EXTRACT,XIRECS,5256.0,3,1,5259.0,5256,5262,5256.0,5262.0,0.0,0.0,0.0,-1,at_or_below_bid_touch,5259.0,5257.0,5276.5,5240.5,5280.5,5234.5,5280.5,5258.5,-0.5,5253.5,-5.5,,,True,False,True,False,True,False,False,False,False,False,False,False,False,False,False,False,False,False,15.5,24.5
973300,,,VELVETFRUIT_EXTRACT,XIRECS,5261.0,8,1,5258.5,5256,5261,5255.0,5261.0,-0.43902439024390244,0.0,-0.24210526315789474,1,at_or_above_ask_touch,5258.5,5258.0,5276.5,5240.5,5280.5,5234.5,5280.5,5260.5,2.0,5255.5,-3.0,,,False,False,False,False,False,False,False,False,False,False,False,False,False,False,False,False,False,False,20.5,19.5
975400,,,VELVETFRUIT_EXTRACT,XIRECS,5255.0,3,1,5257.5,5255,5260,5255.0,5261.0,0.4897959183673469,0.0,0.2066115702479339,-1,at_or_below_bid_touch,5257.5,5255.5,5276.5,5240.5,5280.5,5234.5,5280.5,5257.5,0.0,5252.5,-5.0,,,True,False,True,False,True,False,False,False,False,False,False,False,False,False,False,False,False,False,14.5,25.5
982000,,,VELVETFRUIT_EXTRACT,XIRECS,5257.0,3,1,5254.5,5252,5257,5251.0,5257.0,-0.5,0.0,-0.2,1,at_or_above_ask_touch,5254.5,5253.5,5276.5,5240.5,5276.5,5240.5,5280.5,5256.5,2.0,5263.0,8.5,,,False,False,False,False,False,False,False,False,False,False,False,False,False,False,False,False,False,False,16.5,19.5
984700,,,VELVETFRUIT_EXTRACT,XIRECS,5251.0,9,1,5250.0,5249,5251,5249.0,5255.0,0.7142857142857143,-0.07692307692307693,0.0,1,at_or_above_ask_touch,5250.0,5249.5,5276.5,5240.5,5276.5,5240.5,5280.5,5258.0,8.0,5267.0,17.0,,,False,False,False,False,True,False,False,False,False,False,False,False,False,False,False,False,False,False,10.5,25.5
984900,,,VELVETFRUIT_EXTRACT,XIRECS,5254.0,6,1,5251.5,5249,5254,5248.0,5255.0,0.0,0.0,0.0,1,at_or_above_ask_touch,5251.5,5249.5,5276.0,5240.5,5276.5,5240.5,5280.5,5257.5,6.0,5267.5,16.0,,,False,False,False,False,False,False,False,False,False,False,False,False,False,False,False,False,False,False,13.5,22.5
985600,,,VELVETFRUIT_EXTRACT,XIRECS,5252.0,14,1,5251.5,5251,5252,5250.0,5257.0,0.17647058823529413,-0.10294117647058823,0.0,1,at_or_above_ask_touch,5251.5,5249.5,5276.0,5240.5,5276.5,5240.5,5280.5,5262.5,11.0,5267.0,15.5,,,False,False,False,False,False,False,False,False,False,False,False,False,False,False,False,False,False,False,11.5,24.5
986300,,,VELVETFRUIT_EXTRACT,XIRECS,5254.0,10,1,5253.0,5252,5254,5252.0,5258.0,0.6825396825396826,-0.08620689655172414,0.0,1,at_or_above_ask_touch,5253.0,5249.5,5276.0,5240.5,5276.5,5240.5,5280.5,5260.5,7.5,5266.0,13.0,,,False,False,False,False,False,False,False,False,False,False,False,False,False,False,False,False,False,False,13.5,22.5
988000,,,VELVETFRUIT_EXTRACT,XIRECS,5256.0,4,1,5253.5,5251,5256,5250.0,5256.0,-0.5151515151515151,0.0,-0.19047619047619047,1,at_or_above_ask_touch,5253.5,5249.5,5272.5,5240.5,5276.5,5240.5,5280.5,5261.0,7.5,5268.5,15.0,,,False,False,False,False,False,False,False,False,False,False,False,False,False,False,False,False,False,False,15.5,20.5
991500,,,VELVETFRUIT_EXTRACT,XIRECS,5260.0,4,1,5262.5,5260,5265,5259.0,5265.0,-0.5949367088607594,0.0,-0.14545454545454545,-1,at_or_below_bid_touch,5262.5,5249.5,5268.0,5240.5,5276.5,5240.5,5280.5,5265.5,3.0,,,,,False,False,False,False,False,False,False,False,False,False,False,False,False,False,False,False,False,False,19.5,16.5
991600,,,VELVETFRUIT_EXTRACT,XIRECS,5260.0,7,1,5262.5,5260,5265,5259.0,5265.0,-0.5616438356164384,0.0,-0.16326530612244897,-1,at_or_below_bid_touch,5262.5,5249.5,5268.0,5240.5,5276.5,5240.5,5280.5,5266.5,4.0,,,,,False,False,False,False,False,False,False,False,False,False,False,False,False,False,False,False,False,False,19.5,16.5
900,,,VELVETFRUIT_EXTRACT,XIRECS,5262.0,8,2,5261.0,5260,5262,5260.0,5266.0,0.7837837837837838,-0.05714285714285714,0.2336448598130841,1,at_or_above_ask_touch,5261.0,5261.0,5267.5,5261.0,5267.5,5261.0,5267.5,5276.0,15.0,5261.5,0.5,5265.5,4.5,False,False,True,False,True,False,False,False,True,False,True,False,False,False,True,False,True,False,1.0,5.5
2700,,,VELVETFRUIT_EXTRACT,XIRECS,5269.0,8,2,5272.0,5269,5275,5269.0,5275.0,0.0,0.0,0.0,-1,at_or_below_bid_touch,5272.0,5261.0,5272.5,5261.0,5272.5,5261.0,5272.5,5273.0,1.0,5265.0,-7.0,5259.5,-12.5,False,False,False,False,False,False,False,False,False,False,False,False,False,False,False,False,False,False,8.0,3.5
2900,,,VELVETFRUIT_EXTRACT,XIRECS,5272.0,8,2,5269.5,5267,5272,5266.0,5273.0,0.0,0.0,0.0,1,at_or_above_ask_touch,5269.5,5261.0,5272.5,5261.0,5272.5,5261.0,5272.5,5271.5,2.0,5266.5,-3.0,5261.0,-8.5,False,False,False,True,False,True,False,False,False,True,False,True,False,False,False,True,False,True,11.0,0.5
4800,,,VELVETFRUIT_EXTRACT,XIRECS,5273.0,3,2,5270.5,5268,5273,5268.0,5274.0,0.5,0.0,0.2,1,at_or_above_ask_touch,5270.5,5261.0,5274.5,5261.0,5274.5,5261.0,5274.5,5262.5,-8.0,5267.0,-3.5,5258.5,-12.0,False,False,False,False,False,True,False,False,False,False,False,True,False,False,False,False,False,True,12.0,1.5
5700,,,VELVETFRUIT_EXTRACT,XIRECS,5273.0,5,2,5276.0,5273,5279,5273.0,5279.0,0.0,0.0,0.0,-1,at_or_below_bid_touch,5276.0,5261.0,5276.0,5261.0,5276.0,5261.0,5276.0,5262.5,-13.5,5270.0,-6.0,5256.5,-19.5,False,False,False,False,False,False,False,False,False,False,False,False,False,False,False,False,False,False,12.0,3.0
9900,,,VELVETFRUIT_EXTRACT,XIRECS,5261.0,5,2,5263.0,5261,5265,5259.0,5265.0,-0.8461538461538461,0.04,0.0,-1,at_or_below_bid_touch,5263.0,5261.0,5276.5,5261.0,5276.5,5261.0,5276.5,5267.5,4.5,5268.5,5.5,5241.5,-21.5,True,False,True,False,True,False,True,False,True,False,True,False,True,False,True,False,True,False,0.0,15.5
10700,,,VELVETFRUIT_EXTRACT,XIRECS,5265.0,4,2,5262.5,5260,5265,5259.0,5266.0,0.0,0.0,0.0,1,at_or_above_ask_touch,5262.5,5260.5,5276.5,5260.5,5276.5,5260.5,5276.5,5270.0,7.5,5268.5,6.0,5245.5,-17.0,False,False,False,False,False,False,False,False,False,False,False,False,False,False,False,False,False,False,4.5,11.5
12100,,,VELVETFRUIT_EXTRACT,XIRECS,5268.0,5,2,5267.0,5266,5268,5266.0,5272.0,0.8701298701298701,-0.03355704697986577,0.2,1,at_or_above_ask_touch,5267.0,5260.5,5276.5,5260.5,5276.5,5260.5,5276.5,5273.5,6.5,5270.5,3.5,5248.0,-19.0,False,False,False,False,False,False,False,False,False,False,False,False,False,False,False,False,False,False,7.5,8.5
12600,,,VELVETFRUIT_EXTRACT,XIRECS,5264.0,3,2,5266.5,5264,5269,5264.0,5270.0,0.5263157894736842,0.0,0.1836734693877551,-1,at_or_below_bid_touch,5266.5,5260.5,5276.5,5260.5,5276.5,5260.5,5276.5,5275.5,9.0,5269.5,3.0,5249.0,-17.5,False,False,False,False,False,False,False,False,False,False,False,False,False,False,False,False,False,False,3.5,12.5
13900,,,VELVETFRUIT_EXTRACT,XIRECS,5269.0,4,2,5266.5,5264,5269,5263.0,5270.0,0.0,0.0,0.0,1,at_or_above_ask_touch,5266.5,5260.5,5276.5,5260.5,5276.5,5260.5,5276.5,5272.5,6.0,5265.0,-1.5,5250.5,-16.0,False,False,False,False,False,False,False,False,False,False,False,False,False,False,False,False,False,False,8.5,7.5
16300,,,VELVETFRUIT_EXTRACT,XIRECS,5275.0,5,2,5272.5,5270,5275,5269.0,5275.0,-0.5492957746478874,0.0,-0.1702127659574468,1,at_or_above_ask_touch,5272.5,5260.5,5276.5,5260.5,5276.5,5260.5,5276.5,5271.0,-1.5,5265.5,-7.0,5252.0,-20.5,False,False,False,False,False,True,False,False,False,False,False,True,False,False,False,False,False,True,14.5,1.5
17400,,,VELVETFRUIT_EXTRACT,XIRECS,5274.0,3,2,5276.5,5274,5279,5273.0,5279.0,-0.5903614457831325,0.0,-0.14782608695652175,-1,at_or_below_bid_touch,5276.5,5260.5,5276.5,5260.5,5276.5,5260.5,5276.5,5269.5,-7.0,5264.0,-12.5,5256.5,-20.0,False,False,False,False,False,False,False,False,False,False,False,False,False,False,False,False,False,False,13.5,2.5
23100,,,VELVETFRUIT_EXTRACT,XIRECS,5264.0,4,2,5267.0,5264,5270,5264.0,5270.0,0.0,0.0,0.0,-1,at_or_below_bid_touch,5267.0,5260.5,5276.5,5260.5,5276.5,5260.5,5276.5,5265.5,-1.5,5268.0,1.0,5258.5,-8.5,False,False,False,False,False,False,False,False,False,False,False,False,False,False,False,False,False,False,3.5,12.5
25500,,,VELVETFRUIT_EXTRACT,XIRECS,5264.0,6,2,5266.5,5264,5269,5263.0,5269.0,-0.4782608695652174,0.0,-0.21428571428571427,-1,at_or_below_bid_touch,5266.5,5260.5,5276.5,5260.5,5276.5,5260.5,5276.5,5262.5,-4.0,5269.0,2.5,5256.5,-10.0,False,False,False,False,False,False,False,False,False,False,False,False,False,False,False,False,False,False,3.5,12.5
26500,,,VELVETFRUIT_EXTRACT,XIRECS,5269.0,6,2,5266.5,5264,5269,5263.0,5270.0,0.0,0.0,0.0,1,at_or_above_ask_touch,5266.5,5260.5,5276.5,5260.5,5276.5,5260.5,5276.5,5261.5,-5.0,5268.5,2.0,5255.0,-11.5,False,False,False,False,False,False,False,False,False,False,False,False,False,False,False,False,False,False,8.5,7.5
32500,,,VELVETFRUIT_EXTRACT,XIRECS,5266.0,4,2,5265.0,5264,5266,5263.0,5270.0,0.5833333333333334,-0.04504504504504504,0.0,1,at_or_above_ask_touch,5265.0,5257.0,5276.5,5257.0,5276.5,5257.0,5276.5,5266.5,1.5,5253.5,-11.5,5270.5,5.5,False,False,False,False,False,False,False,False,False,False,False,False,False,False,False,False,False,False,9.0,10.5
33300,,,VELVETFRUIT_EXTRACT,XIRECS,5271.0,7,2,5268.5,5266,5271,5265.0,5271.0,-0.5402298850574713,0.0,-0.17543859649122806,1,at_or_above_ask_touch,5268.5,5257.0,5276.5,5257.0,5276.5,5257.0,5276.5,5267.5,-1.0,5252.5,-16.0,5265.5,-3.0,False,False,False,False,False,False,False,False,False,False,False,False,False,False,False,False,False,False,14.0,5.5
35700,,,VELVETFRUIT_EXTRACT,XIRECS,5270.0,3,2,5267.5,5265,5270,5264.0,5271.0,0.0,0.0,0.0,1,at_or_above_ask_touch,5267.5,5257.0,5276.5,5257.0,5276.5,5257.0,5276.5,5254.5,-13.0,5255.5,-12.0,5271.5,4.0,False,False,False,False,False,False,False,False,False,False,False,False,False,False,False,False,False,False,13.0,6.5
35800,,,VELVETFRUIT_EXTRACT,XIRECS,5264.0,7,2,5266.5,5264,5269,5263.0,5269.0,-0.5421686746987951,0.0,-0.1743119266055046,-1,at_or_below_bid_touch,5266.5,5257.0,5276.5,5257.0,5276.5,5257.0,5276.5,5255.0,-11.5,5255.5,-11.0,5269.5,3.0,False,False,False,False,False,False,False,False,False,False,False,False,False,False,False,False,False,False,7.0,12.5
36100,,,VELVETFRUIT_EXTRACT,XIRECS,5271.0,4,2,5268.5,5266,5271,5265.0,5271.0,-0.5111111111111111,0.0,-0.19298245614035087,1,at_or_above_ask_touch,5268.5,5257.0,5276.5,5257.0,5276.5,5257.0,5276.5,5253.5,-15.0,5254.5,-14.0,5269.5,1.0,False,False,False,False,False,False,False,False,False,False,False,False,False,False,False,False,False,False,14.0,5.5
38400,,,VELVETFRUIT_EXTRACT,XIRECS,5265.0,8,2,5267.5,5265,5270,5264.0,5270.0,-0.41025641025641024,0.0,-0.26436781609195403,-1,at_or_below_bid_touch,5267.5,5257.0,5273.5,5257.0,5276.5,5257.0,5276.5,5254.5,-13.0,5257.0,-10.5,5268.0,0.5,False,False,False,False,False,False,False,False,False,False,False,False,False,False,False,False,False,False,8.0,11.5
41700,,,VELVETFRUIT_EXTRACT,XIRECS,5254.0,5,2,5251.5,5249,5254,5248.0,5254.0,-0.43209876543209874,0.0,-0.24731182795698925,1,at_or_above_ask_touch,5251.5,5251.0,5272.5,5251.0,5276.5,5251.0,5276.5,5258.0,6.5,5262.5,11.0,5266.5,15.0,False,False,False,False,False,False,False,False,False,False,False,False,False,False,False,False,False,False,3.0,22.5
42000,,,VELVETFRUIT_EXTRACT,XIRECS,5247.0,8,2,5249.5,5247,5252,5246.0,5253.0,0.0,0.0,0.0,-1,at_or_below_bid_touch,5249.5,5249.5,5272.5,5249.5,5276.5,5249.5,5276.5,5258.5,9.0,5261.5,12.0,5268.5,19.0,True,False,True,False,True,False,True,False,True,False,True,False,True,False,True,False,True,False,-2.5,29.5
43000,,,VELVETFRUIT_EXTRACT,XIRECS,5250.0,8,2,5252.5,5250,5255,5250.0,5256.0,0.589041095890411,0.0,0.1485148514851485,-1,at_or_below_bid_touch,5252.5,5249.5,5272.5,5249.5,5276.5,5249.5,5276.5,5259.5,7.0,5258.5,6.0,5270.5,18.0,False,False,True,False,True,False,False,False,True,False,True,False,False,False,True,False,True,False,0.5,26.5
44700,,,VELVETFRUIT_EXTRACT,XIRECS,5255.0,8,2,5257.5,5255,5260,5254.0,5261.0,0.0,0.0,0.0,-1,at_or_below_bid_touch,5257.5,5249.5,5272.5,5249.5,5276.5,5249.5,5276.5,5259.0,1.5,5258.5,1.0,5265.5,8.0,False,False,False,False,False,False,False,False,False,False,False,False,False,False,False,False,False,False,5.5,21.5
44900,,,VELVETFRUIT_EXTRACT,XIRECS,5257.0,14,2,5256.5,5256,5257,5255.0,5261.0,0.24324324324324326,-0.1044776119402985,-0.23711340206185566,1,at_or_above_ask_touch,5256.5,5249.5,5272.5,5249.5,5276.5,5249.5,5276.5,5260.5,4.0,5257.5,1.0,5263.0,6.5,False,False,False,False,False,False,False,False,False,False,False,False,False,False,False,False,False,False,7.5,19.5
46800,,,VELVETFRUIT_EXTRACT,XIRECS,5256.0,8,2,5258.5,5256,5261,5255.0,5261.0,-0.4838709677419355,0.0,-0.21052631578947367,-1,at_or_below_bid_touch,5258.5,5249.5,5272.5,5249.5,5276.5,5249.5,5276.5,5262.5,4.0,5253.5,-5.0,5263.0,4.5,False,False,False,False,False,False,False,False,False,False,False,False,False,False,False,False,False,False,6.5,20.5
48100,,,VELVETFRUIT_EXTRACT,XIRECS,5261.0,7,2,5258.5,5256,5261,5255.0,5261.0,-0.41025641025641024,0.0,-0.26436781609195403,1,at_or_above_ask_touch,5258.5,5249.5,5272.5,5249.5,5276.5,5249.5,5276.5,5260.5,2.0,5248.5,-10.0,5264.5,6.0,False,False,False,False,False,False,False,False,False,False,False,False,False,False,False,False,False,False,11.5,15.5
48400,,,VELVETFRUIT_EXTRACT,XIRECS,5258.0,5,2,5257.0,5256,5258,5256.0,5262.0,0.8611111111111112,-0.03597122302158273,0.17543859649122806,1,at_or_above_ask_touch,5257.0,5249.5,5272.5,5249.5,5276.5,5249.5,5276.5,5261.5,4.5,5248.5,-8.5,5264.5,7.5,False,False,False,False,False,False,False,False,False,False,False,False,False,False,False,False,False,False,8.5,18.5
52600,,,VELVETFRUIT_EXTRACT,XIRECS,5263.0,8,2,5260.0,5257,5263,5257.0,5263.0,0.0,0.0,0.0,1,at_or_above_ask_touch,5260.0,5249.5,5272.5,5249.5,5276.5,5249.5,5276.5,5248.5,-11.5,5249.0,-11.0,5265.0,5.0,False,False,False,False,False,False,False,False,False,False,False,False,False,False,False,False,False,False,13.5,13.5
53200,,,VELVETFRUIT_EXTRACT,XIRECS,5264.0,5,2,5261.5,5259,5264,5258.0,5264.0,-0.4838709677419355,0.0,-0.21052631578947367,1,at_or_above_ask_touch,5261.5,5249.5,5272.5,5249.5,5276.5,5249.5,5276.5,5250.0,-11.5,5253.0,-8.5,5265.5,4.0,False,False,False,False,False,False,False,False,False,False,False,False,False,False,False,False,False,False,14.5,12.5
53600,,,VELVETFRUIT_EXTRACT,XIRECS,5257.0,5,2,5259.5,5257,5262,5257.0,5263.0,0.46511627906976744,0.0,0.22330097087378642,-1,at_or_below_bid_touch,5259.5,5249.5,5272.5,5249.5,5276.5,5249.5,5276.5,5247.5,-12.0,5252.5,-7.0,5264.5,5.0,False,False,False,False,False,False,False,False,False,False,False,False,False,False,False,False,False,False,7.5,19.5
59200,,,VELVETFRUIT_EXTRACT,XIRECS,5244.0,8,2,5241.5,5239,5244,5238.0,5244.0,-0.46236559139784944,0.0,-0.22522522522522523,1,at_or_above_ask_touch,5241.5,5241.5,5265.5,5241.5,5276.5,5241.5,5276.5,5252.5,11.0,5252.0,10.5,5264.0,22.5,False,False,False,False,False,False,False,False,False,False,False,False,False,False,False,False,False,False,2.5,32.5
64300,,,VELVETFRUIT_EXTRACT,XIRECS,5249.0,3,2,5252.0,5249,5255,5249.0,5255.0,0.0,0.0,0.0,-1,at_or_below_bid_touch,5252.0,5241.5,5265.5,5241.5,5276.5,5241.5,5276.5,5254.5,2.5,5257.0,5.0,5257.5,5.5,False,False,False,False,False,False,False,False,False,False,False,False,False,False,False,False,False,False,7.5,27.5
67600,,,VELVETFRUIT_EXTRACT,XIRECS,5262.0,4,2,5259.5,5257,5262,5256.0,5262.0,-0.4523809523809524,0.0,-0.23232323232323232,1,at_or_above_ask_touch,5259.5,5241.5,5265.5,5241.5,5275.5,5241.5,5276.5,5259.0,-0.5,5253.5,-6.0,5259.5,0.0,False,False,False,False,False,False,False,False,False,False,False,False,False,False,False,False,False,False,20.5,13.5
70000,,,VELVETFRUIT_EXTRACT,XIRECS,5255.0,6,2,5257.5,5255,5260,5255.0,5261.0,0.49206349206349204,0.0,0.20512820512820512,-1,at_or_below_bid_touch,5257.5,5241.5,5265.5,5241.5,5272.5,5241.5,5276.5,5256.5,-1.0,5259.5,2.0,5253.0,-4.5,False,False,False,False,False,False,False,False,False,False,False,False,False,False,False,False,False,False,13.5,17.5
70400,,,VELVETFRUIT_EXTRACT,XIRECS,5260.0,5,2,5257.5,5255,5260,5255.0,5261.0,0.5362318840579711,0.0,0.17777777777777778,1,at_or_above_ask_touch,5257.5,5241.5,5265.5,5241.5,5272.5,5241.5,5276.5,5256.5,-1.0,5262.5,5.0,5256.5,-1.0,False,False,False,False,False,False,False,False,False,False,False,False,False,False,False,False,False,False,18.5,12.5
71500,,,VELVETFRUIT_EXTRACT,XIRECS,5251.0,4,2,5253.0,5251,5255,5249.0,5255.0,-0.7647058823529411,0.0625,0.0,-1,at_or_below_bid_touch,5253.0,5241.5,5264.5,5241.5,5272.5,5241.5,5276.5,5255.0,2.0,5266.0,13.0,5257.5,4.5,False,False,False,False,False,False,False,False,False,False,False,False,False,False,False,False,False,False,9.5,21.5
73100,,,VELVETFRUIT_EXTRACT,XIRECS,5256.0,7,2,5258.5,5256,5261,5256.0,5262.0,0.5,0.0,0.2,-1,at_or_below_bid_touch,5258.5,5241.5,5261.5,5241.5,5272.5,5241.5,5276.5,5256.5,-2.0,5267.0,8.5,5263.0,4.5,False,False,False,False,False,False,False,False,False,False,False,False,False,False,False,False,False,False,14.5,16.5
73200,,,VELVETFRUIT_EXTRACT,XIRECS,5254.0,5,2,5257.0,5254,5260,5254.0,5260.0,0.0,0.0,0.0,-1,at_or_below_bid_touch,5257.0,5241.5,5261.5,5241.5,5272.5,5241.5,5276.5,5255.5,-1.5,5266.5,9.5,5262.5,5.5,False,False,False,False,False,False,False,False,False,False,False,False,False,False,False,False,False,False,12.5,18.5
76700,,,VELVETFRUIT_EXTRACT,XIRECS,5258.0,4,2,5255.0,5252,5258,5252.0,5258.0,0.0,0.0,0.0,1,at_or_above_ask_touch,5255.0,5241.5,5259.5,5241.5,5272.5,5241.5,5276.5,5266.5,11.5,5267.5,12.5,5261.5,6.5,False,False,False,False,False,True,False,False,False,False,False,False,False,False,False,False,False,False,16.5,14.5
82100,,,VELVETFRUIT_EXTRACT,XIRECS,5270.0,5,2,5269.0,5268,5270,5267.0,5274.0,0.6153846153846154,-0.03597122302158273,0.0,1,at_or_above_ask_touch,5269.0,5247.5,5269.5,5241.5,5272.5,5241.5,5276.5,5270.0,1.0,5267.5,-1.5,5257.5,-11.5,False,True,False,True,False,True,False,False,False,False,False,False,False,False,False,False,False,False,28.5,2.5
83000,,,VELVETFRUIT_EXTRACT,XIRECS,5271.0,6,2,5268.0,5265,5271,5265.0,5271.0,0.0,0.0,0.0,1,at_or_above_ask_touch,5268.0,5249.0,5272.5,5241.5,5272.5,5241.5,5276.5,5270.5,2.5,5270.5,2.5,5257.5,-10.5,False,False,False,False,False,True,False,False,False,False,False,True,False,False,False,False,False,False,29.5,1.5
84100,,,VELVETFRUIT_EXTRACT,XIRECS,5272.0,8,2,5269.0,5266,5272,5266.0,5272.0,0.0,0.0,0.0,1,at_or_above_ask_touch,5269.0,5249.5,5272.5,5241.5,5272.5,5241.5,5276.5,5268.5,-0.5,5267.0,-2.0,5255.5,-13.5,False,False,False,True,False,True,False,False,False,True,False,True,False,False,False,False,False,False,30.5,0.5
84400,,,VELVETFRUIT_EXTRACT,XIRECS,5273.0,5,2,5270.5,5268,5273,5268.0,5274.0,0.4,0.0,0.2727272727272727,1,at_or_above_ask_touch,5270.5,5249.5,5272.5,5241.5,5272.5,5241.5,5276.5,5269.5,-1.0,5267.5,-3.0,5256.5,-14.0,False,True,False,True,False,True,False,True,False,True,False,True,False,False,False,False,False,False,31.5,-0.5
84800,,,VELVETFRUIT_EXTRACT,XIRECS,5276.0,5,2,5273.5,5271,5276,5271.0,5277.0,0.45,0.0,0.23404255319148937,1,at_or_above_ask_touch,5273.5,5249.5,5275.5,5241.5,5275.5,5241.5,5276.5,5267.5,-6.0,5264.5,-9.0,5257.5,-16.0,False,True,False,True,False,True,False,True,False,True,False,True,False,False,False,True,False,True,34.5,-0.5
85500,,,VELVETFRUIT_EXTRACT,XIRECS,5273.0,8,2,5270.5,5268,5273,5267.0,5273.0,-0.5405405405405406,0.0,-0.17525773195876287,1,at_or_above_ask_touch,5270.5,5250.5,5275.5,5241.5,5275.5,5241.5,5276.5,5268.5,-2.0,5262.5,-8.0,5256.5,-14.0,False,False,False,False,False,False,False,False,False,False,False,False,False,False,False,False,False,False,31.5,2.5
91700,,,VELVETFRUIT_EXTRACT,XIRECS,5264.0,8,2,5266.5,5264,5269,5263.0,5270.0,0.0,0.0,0.0,-1,at_or_below_bid_touch,5266.5,5251.5,5275.5,5241.5,5275.5,5241.5,5276.5,5263.5,-3.0,5263.5,-3.0,5258.5,-8.0,False,False,False,False,False,False,False,False,False,False,False,False,False,False,False,False,False,False,22.5,11.5
92600,,,VELVETFRUIT_EXTRACT,XIRECS,5271.0,4,2,5268.5,5266,5271,5265.0,5271.0,-0.43661971830985913,0.0,-0.24390243902439024,1,at_or_above_ask_touch,5268.5,5251.5,5275.5,5241.5,5275.5,5241.5,5276.5,5261.5,-7.0,5265.0,-3.5,5257.5,-11.0,False,False,False,False,False,False,False,False,False,False,False,False,False,False,False,False,False,False,29.5,4.5
95100,,,VELVETFRUIT_EXTRACT,XIRECS,5262.0,8,2,5264.5,5262,5267,5262.0,5268.0,0.47619047619047616,0.0,0.21568627450980393,-1,at_or_below_bid_touch,5264.5,5251.5,5275.5,5241.5,5275.5,5241.5,5276.5,5263.5,-1.0,5261.5,-3.0,5269.0,4.5,False,False,False,False,False,False,False,False,False,False,False,False,False,False,False,False,False,False,20.5,13.5
97200,,,VELVETFRUIT_EXTRACT,XIRECS,5265.0,7,2,5262.5,5260,5265,5259.0,5266.0,0.0,0.0,0.0,1,at_or_above_ask_touch,5262.5,5251.5,5275.5,5241.5,5275.5,5241.5,5276.5,5263.5,1.0,5258.5,-4.0,5261.5,-1.0,False,False,False,False,False,False,False,False,False,False,False,False,False,False,False,False,False,False,23.5,10.5
97400,,,VELVETFRUIT_EXTRACT,XIRECS,5258.0,5,2,5260.5,5258,5263,5258.0,5264.0,0.4430379746835443,0.0,0.2391304347826087,-1,at_or_below_bid_touch,5260.5,5253.5,5275.5,5241.5,5275.5,5241.5,5276.5,5263.5,3.0,5260.5,0.0,5262.5,2.0,False,False,False,False,False,False,False,False,False,False,False,False,False,False,False,False,False,False,16.5,17.5
103500,,,VELVETFRUIT_EXTRACT,XIRECS,5263.0,8,2,5265.5,5263,5268,5263.0,5269.0,0.5555555555555556,0.0,0.16666666666666666,-1,at_or_below_bid_touch,5265.5,5257.5,5275.5,5241.5,5275.5,5241.5,5276.5,5261.0,-4.5,5257.5,-8.0,5271.5,6.0,False,False,False,False,False,False,False,False,False,False,False,False,False,False,False,False,False,False,21.5,12.5
106300,,,VELVETFRUIT_EXTRACT,XIRECS,5262.0,7,2,5259.5,5257,5262,5257.0,5263.0,0.4864864864864865,0.0,0.2087912087912088,1,at_or_above_ask_touch,5259.5,5257.5,5272.5,5241.5,5275.5,5241.5,5276.5,5260.5,1.0,5254.5,-5.0,5276.5,17.0,False,False,False,False,False,False,False,False,False,False,False,False,False,False,False,False,False,False,20.5,13.5
108800,,,VELVETFRUIT_EXTRACT,XIRECS,5263.0,3,2,5260.5,5258,5263,5257.0,5264.0,0.0,0.0,0.0,1,at_or_above_ask_touch,5260.5,5257.5,5271.0,5241.5,5275.5,5241.5,5276.5,5257.5,-3.0,5253.5,-7.0,5275.5,15.0,False,False,False,False,False,False,False,False,False,False,False,False,False,False,False,False,False,False,21.5,12.5
109400,,,VELVETFRUIT_EXTRACT,XIRECS,5266.0,6,2,5263.0,5260,5266,5260.0,5266.0,0.0,0.0,0.0,1,at_or_above_ask_touch,5263.0,5257.5,5271.0,5241.5,5275.5,5241.5,5276.5,5258.0,-5.0,5248.5,-14.5,5274.0,11.0,False,False,False,False,False,False,False,False,False,False,False,False,False,False,False,False,False,False,24.5,9.5
109800,,,VELVETFRUIT_EXTRACT,XIRECS,5267.0,3,2,5264.5,5262,5267,5261.0,5268.0,0.0,0.0,0.0,1,at_or_above_ask_touch,5264.5,5257.5,5271.0,5241.5,5275.5,5241.5,5276.5,5258.0,-6.5,5251.5,-13.0,5273.5,9.0,False,False,False,False,False,False,False,False,False,False,False,False,False,False,False,False,False,False,25.5,8.5
110500,,,VELVETFRUIT_EXTRACT,XIRECS,5262.0,8,2,5259.5,5257,5262,5257.0,5263.0,0.4411764705882353,0.0,0.24050632911392406,1,at_or_above_ask_touch,5259.5,5257.5,5271.0,5245.5,5275.5,5241.5,5276.5,5253.5,-6.0,5256.0,-3.5,5272.5,13.0,False,False,False,False,False,False,False,False,False,False,False,False,False,False,False,False,False,False,16.5,13.5
111300,,,VELVETFRUIT_EXTRACT,XIRECS,5263.0,7,2,5260.5,5258,5263,5257.0,5263.0,-0.5333333333333333,0.0,-0.1794871794871795,1,at_or_above_ask_touch,5260.5,5257.5,5271.0,5247.5,5275.5,5241.5,5276.5,5254.5,-6.0,5257.5,-3.0,5271.5,11.0,False,False,False,False,False,False,False,False,False,False,False,False,False,False,False,False,False,False,15.5,12.5
112600,,,VELVETFRUIT_EXTRACT,XIRECS,5257.0,10,2,5256.5,5256,5257,5255.0,5261.0,0.2,-0.08333333333333333,-0.15789473684210525,1,at_or_above_ask_touch,5256.5,5256.5,5271.0,5249.0,5275.5,5241.5,5276.5,5259.5,3.0,5261.5,5.0,5270.5,14.0,False,False,True,False,True,False,False,False,False,False,False,False,False,False,False,False,False,False,8.0,18.5
118100,,,VELVETFRUIT_EXTRACT,XIRECS,5260.0,3,2,5257.5,5255,5260,5254.0,5260.0,-0.4942528735632184,0.0,-0.2037037037037037,1,at_or_above_ask_touch,5257.5,5252.5,5265.5,5251.5,5275.5,5241.5,5275.5,5263.0,5.5,5257.5,0.0,5269.5,12.0,False,False,False,False,False,False,False,False,False,False,False,False,False,False,False,False,False,False,8.5,15.5
122900,,,VELVETFRUIT_EXTRACT,XIRECS,5258.0,8,2,5261.0,5258,5264,5258.0,5264.0,0.0,0.0,0.0,-1,at_or_below_bid_touch,5261.0,5248.5,5265.5,5248.5,5275.5,5241.5,5275.5,5255.5,-5.5,5256.5,-4.5,5275.5,14.5,False,False,False,False,False,False,False,False,False,False,False,False,False,False,False,False,False,False,9.5,17.5
129300,,,VELVETFRUIT_EXTRACT,XIRECS,5255.0,8,2,5254.0,5253,5255,5253.0,5259.0,0.8529411764705882,-0.03816793893129771,0.24752475247524752,1,at_or_above_ask_touch,5254.0,5248.5,5266.0,5248.5,5275.5,5241.5,5275.5,5254.5,0.5,5253.5,-0.5,5270.0,16.0,False,False,False,False,False,False,False,False,False,False,False,False,False,False,False,False,False,False,6.5,20.5
129300,,,VELVETFRUIT_EXTRACT,XIRECS,5255.0,5,2,5254.0,5253,5255,5253.0,5259.0,0.8529411764705882,-0.03816793893129771,0.24752475247524752,1,at_or_above_ask_touch,5254.0,5248.5,5266.0,5248.5,5275.5,5241.5,5275.5,5254.5,0.5,5253.5,-0.5,5270.0,16.0,False,False,False,False,False,False,False,False,False,False,False,False,False,False,False,False,False,False,6.5,20.5
129600,,,VELVETFRUIT_EXTRACT,XIRECS,5255.0,6,2,5257.5,5255,5260,5254.0,5261.0,0.0,0.0,0.0,-1,at_or_below_bid_touch,5257.5,5248.5,5266.0,5248.5,5275.5,5241.5,5275.5,5256.5,-1.0,5254.5,-3.0,5270.5,13.0,False,False,False,False,False,False,False,False,False,False,False,False,False,False,False,False,False,False,6.5,20.5
130100,,,VELVETFRUIT_EXTRACT,XIRECS,5256.0,5,2,5253.5,5251,5256,5250.0,5257.0,0.0,0.0,0.0,1,at_or_above_ask_touch,5253.5,5248.5,5266.0,5248.5,5275.5,5241.5,5275.5,5257.5,4.0,5257.5,4.0,5268.5,15.0,False,False,False,False,False,False,False,False,False,False,False,False,False,False,False,False,False,False,7.5,19.5
130300,,,VELVETFRUIT_EXTRACT,XIRECS,5252.0,6,2,5254.5,5252,5257,5251.0,5258.0,0.0,0.0,0.0,-1,at_or_below_bid_touch,5254.5,5248.5,5266.0,5248.5,5275.5,5241.5,5275.5,5257.0,2.5,5256.5,2.0,5268.5,14.0,False,False,False,False,False,False,False,False,False,False,False,False,False,False,False,False,False,False,3.5,23.5
133000,,,VELVETFRUIT_EXTRACT,XIRECS,5260.0,7,2,5257.5,5255,5260,5254.0,5260.0,-0.47126436781609193,0.0,-0.21904761904761905,1,at_or_above_ask_touch,5257.5,5248.5,5266.0,5248.5,5275.5,5241.5,5275.5,5257.5,0.0,5258.5,1.0,5265.5,8.0,False,False,False,False,False,False,False,False,False,False,False,False,False,False,False,False,False,False,11.5,15.5
134300,,,VELVETFRUIT_EXTRACT,XIRECS,5255.0,9,2,5254.5,5254,5255,5253.0,5259.0,0.35714285714285715,-0.06666666666666667,-0.17757009345794392,1,at_or_above_ask_touch,5254.5,5248.5,5266.0,5248.5,5275.5,5241.5,5275.5,5253.5,-1.0,5263.0,8.5,5262.0,7.5,False,False,False,False,False,False,False,False,False,False,False,False,False,False,False,False,False,False,6.5,20.5
135500,,,VELVETFRUIT_EXTRACT,XIRECS,5259.0,7,2,5256.5,5254,5259,5253.0,5259.0,-0.47368421052631576,0.0,-0.21739130434782608,1,at_or_above_ask_touch,5256.5,5248.5,5266.0,5248.5,5272.5,5241.5,5275.5,5256.0,-0.5,5268.5,12.0,5259.5,3.0,False,False,False,False,False,False,False,False,False,False,False,False,False,False,False,False,False,False,10.5,13.5
138700,,,VELVETFRUIT_EXTRACT,XIRECS,5262.0,3,2,5259.0,5256,5262,5256.0,5262.0,0.0,0.0,0.0,1,at_or_above_ask_touch,5259.0,5248.5,5266.0,5248.5,5271.0,5241.5,5275.5,5261.5,2.5,5264.5,5.5,5259.5,0.5,False,False,False,False,False,False,False,False,False,False,False,False,False,False,False,False,False,False,13.5,9.0
140500,,,VELVETFRUIT_EXTRACT,XIRECS,5257.0,6,2,5256.0,5255,5257,5255.0,5261.0,0.7971014492753623,-0.05343511450381679,0.20388349514563106,1,at_or_above_ask_touch,5256.0,5252.5,5266.0,5248.5,5271.0,5241.5,5275.5,5268.5,12.5,5267.5,11.5,5258.0,2.0,False,False,False,False,False,False,False,False,False,False,False,False,False,False,False,False,False,False,8.5,14.0
142300,,,VELVETFRUIT_EXTRACT,XIRECS,5259.0,6,2,5256.5,5254,5259,5254.0,5260.0,0.5072463768115942,0.0,0.19540229885057472,1,at_or_above_ask_touch,5256.5,5252.5,5266.0,5248.5,5271.0,5241.5,5275.5,5261.5,5.0,5274.0,17.5,5261.5,5.0,False,False,False,False,False,False,False,False,False,False,False,False,False,False,False,False,False,False,10.5,12.0
143100,,,VELVETFRUIT_EXTRACT,XIRECS,5261.0,7,2,5258.0,5255,5261,5255.0,5261.0,0.0,0.0,0.0,1,at_or_above_ask_touch,5258.0,5252.5,5266.0,5248.5,5271.0,5241.5,5275.5,5266.5,8.5,5273.0,15.0,5262.5,4.5,False,False,False,False,False,False,False,False,False,False,False,False,False,False,False,False,False,False,12.5,10.0
144300,,,VELVETFRUIT_EXTRACT,XIRECS,5266.0,6,2,5263.0,5260,5266,5260.0,5266.0,0.0,0.0,0.0,1,at_or_above_ask_touch,5263.0,5252.5,5266.0,5248.5,5267.5,5241.5,5275.5,5267.0,4.0,5272.0,9.0,5264.0,1.0,False,True,False,True,False,True,False,False,False,False,False,True,False,False,False,False,False,False,17.5,1.5
147200,,,VELVETFRUIT_EXTRACT,XIRECS,5259.0,8,2,5261.5,5259,5264,5259.0,5265.0,0.5056179775280899,0.0,0.19642857142857142,-1,at_or_below_bid_touch,5261.5,5252.5,5270.0,5248.5,5270.0,5241.5,5275.5,5273.5,12.0,5273.5,12.0,5261.5,0.0,False,False,False,False,False,False,False,False,False,False,False,False,False,False,False,False,False,False,10.5,11.0
154300,,,VELVETFRUIT_EXTRACT,XIRECS,5275.0,6,2,5272.0,5269,5275,5269.0,5275.0,0.0,0.0,0.0,1,at_or_above_ask_touch,5272.0,5253.5,5275.0,5248.5,5275.0,5241.5,5275.5,5273.5,1.5,5281.5,9.5,5258.5,-13.5,False,True,False,True,False,True,False,True,False,True,False,True,False,False,False,True,False,True,26.5,0.0
155100,,,VELVETFRUIT_EXTRACT,XIRECS,5277.0,8,2,5274.0,5271,5277,5271.0,5277.0,0.0,0.0,0.0,1,at_or_above_ask_touch,5274.0,5253.5,5275.0,5248.5,5275.0,5241.5,5275.5,5273.5,-0.5,5277.5,3.5,5263.5,-10.5,False,True,False,True,False,True,False,True,False,True,False,True,False,True,False,True,False,True,28.5,-2.0
155300,,,VELVETFRUIT_EXTRACT,XIRECS,5277.0,3,2,5274.5,5272,5277,5272.0,5278.0,0.47368421052631576,0.0,0.21739130434782608,1,at_or_above_ask_touch,5274.5,5253.5,5275.5,5248.5,5275.5,5241.5,5275.5,5273.5,-1.0,5278.0,3.5,5264.5,-10.0,False,True,False,True,False,True,False,True,False,True,False,True,False,True,False,True,False,True,28.5,-1.5
155700,,,VELVETFRUIT_EXTRACT,XIRECS,5277.0,4,2,5274.5,5272,5277,5272.0,5278.0,0.47368421052631576,0.0,0.21739130434782608,1,at_or_above_ask_touch,5274.5,5253.5,5275.5,5248.5,5275.5,5241.5,5275.5,5270.5,-4.0,5272.0,-2.5,5262.5,-12.0,False,True,False,True,False,True,False,True,False,True,False,True,False,True,False,True,False,True,28.5,-1.5
155800,,,VELVETFRUIT_EXTRACT,XIRECS,5274.0,7,2,5276.5,5274,5279,5273.0,5279.0,-0.5662650602409639,0.0,-0.16071428571428573,-1,at_or_below_bid_touch,5276.5,5253.5,5276.5,5248.5,5276.5,5241.5,5276.5,5271.0,-5.5,5274.5,-2.0,5263.5,-13.0,False,False,False,False,False,False,False,False,False,False,False,False,False,False,False,False,False,False,25.5,2.5
156200,,,VELVETFRUIT_EXTRACT,XIRECS,5275.0,14,2,5274.5,5274,5275,5273.0,5280.0,0.28205128205128205,-0.1076923076923077,0.0,1,at_or_above_ask_touch,5274.5,5253.5,5276.5,5248.5,5276.5,5241.5,5276.5,5271.0,-3.5,5274.5,0.0,5264.5,-10.0,False,False,False,False,False,True,False,False,False,False,False,True,False,False,False,False,False,True,26.5,1.5
157400,,,VELVETFRUIT_EXTRACT,XIRECS,5272.0,13,2,5271.0,5270,5272,5270.0,5276.0,0.6941176470588235,-0.08280254777070063,0.0,1,at_or_above_ask_touch,5271.0,5253.5,5277.0,5248.5,5277.0,5241.5,5277.0,5267.5,-3.5,5269.5,-1.5,5269.5,-1.5,False,False,False,False,False,False,False,False,False,False,False,False,False,False,False,False,False,False,23.5,5.0
164100,,,VELVETFRUIT_EXTRACT,XIRECS,5282.0,5,2,5279.5,5277,5282,5277.0,5283.0,0.45054945054945056,0.0,0.2336448598130841,1,at_or_above_ask_touch,5279.5,5261.5,5280.0,5248.5,5280.0,5248.5,5280.0,5271.5,-8.0,5276.5,-3.0,5268.5,-11.0,False,True,False,True,False,True,False,True,False,True,False,True,False,True,False,True,False,True,33.5,-2.0
164200,,,VELVETFRUIT_EXTRACT,XIRECS,5278.0,7,2,5280.5,5278,5283,5277.0,5283.0,-0.5,0.0,-0.2,-1,at_or_below_bid_touch,5280.5,5261.5,5280.5,5248.5,5280.5,5248.5,5280.5,5271.5,-9.0,5277.0,-3.5,5267.5,-13.0,False,False,False,False,False,False,False,False,False,False,False,False,False,False,False,False,False,False,29.5,2.5
165700,,,VELVETFRUIT_EXTRACT,XIRECS,5273.0,10,2,5272.0,5271,5273,5271.0,5277.0,0.7333333333333333,-0.07142857142857142,0.0,1,at_or_above_ask_touch,5272.0,5261.5,5282.0,5248.5,5282.0,5248.5,5282.0,5268.5,-3.5,5278.0,6.0,5264.5,-7.5,False,False,False,False,False,False,False,False,False,False,False,False,False,False,False,False,False,False,24.5,9.0
169900,,,VELVETFRUIT_EXTRACT,XIRECS,5267.0,3,2,5268.0,5267,5269,5266.0,5273.0,0.5862068965517241,-0.04477611940298507,0.0,-1,at_or_below_bid_touch,5268.0,5266.5,5282.0,5252.5,5282.0,5248.5,5282.0,5278.0,10.0,5269.0,1.0,5266.5,-1.5,False,False,True,False,True,False,False,False,False,False,False,False,False,False,False,False,False,False,14.5,15.0
170500,,,VELVETFRUIT_EXTRACT,XIRECS,5272.0,7,2,5269.5,5267,5272,5267.0,5273.0,0.4411764705882353,0.0,0.24050632911392406,1,at_or_above_ask_touch,5269.5,5266.5,5282.0,5252.5,5282.0,5248.5,5282.0,5278.5,9.0,5269.0,-0.5,5264.5,-5.0,False,False,False,False,False,False,False,False,False,False,False,False,False,False,False,False,False,False,19.5,10.0
171500,,,VELVETFRUIT_EXTRACT,XIRECS,5271.0,7,2,5273.5,5271,5276,5270.0,5276.0,-0.5581395348837209,0.0,-0.16521739130434782,-1,at_or_below_bid_touch,5273.5,5266.5,5282.0,5252.5,5282.0,5248.5,5282.0,5280.0,6.5,5264.5,-9.0,5257.5,-16.0,False,False,False,False,False,False,False,False,False,False,False,False,False,False,False,False,False,False,18.5,11.0
172600,,,VELVETFRUIT_EXTRACT,XIRECS,5276.0,8,2,5273.5,5271,5276,5270.0,5276.0,-0.4864864864864865,0.0,-0.2087912087912088,1,at_or_above_ask_touch,5273.5,5266.5,5282.0,5252.5,5282.0,5248.5,5282.0,5278.5,5.0,5266.5,-7.0,5262.0,-11.5,False,False,False,False,False,False,False,False,False,False,False,False,False,False,False,False,False,False,23.5,6.0
174000,,,VELVETFRUIT_EXTRACT,XIRECS,5278.0,6,2,5275.5,5273,5278,5273.0,5279.0,0.40540540540540543,0.0,0.2682926829268293,1,at_or_above_ask_touch,5275.5,5266.5,5282.0,5252.5,5282.0,5248.5,5282.0,5274.5,-1.0,5262.5,-13.0,5261.5,-14.0,False,False,False,False,False,False,False,False,False,False,False,False,False,False,False,False,False,False,25.5,4.0
175000,,,VELVETFRUIT_EXTRACT,XIRECS,5279.0,4,2,5276.5,5274,5279,5273.0,5279.0,-0.5208333333333334,0.0,-0.18699186991869918,1,at_or_above_ask_touch,5276.5,5266.5,5282.0,5252.5,5282.0,5248.5,5282.0,5268.5,-8.0,5261.5,-15.0,5267.0,-9.5,False,False,False,False,False,False,False,False,False,False,False,False,False,False,False,False,False,False,26.5,3.0
178200,,,VELVETFRUIT_EXTRACT,XIRECS,5272.0,3,2,5275.0,5272,5278,5272.0,5278.0,0.0,0.0,0.0,-1,at_or_below_bid_touch,5275.0,5266.5,5282.0,5252.5,5282.0,5248.5,5282.0,5264.5,-10.5,5258.0,-17.0,5258.5,-16.5,False,False,False,False,False,False,False,False,False,False,False,False,False,False,False,False,False,False,19.5,10.0
179100,,,VELVETFRUIT_EXTRACT,XIRECS,5275.0,8,2,5272.0,5269,5275,5269.0,5275.0,0.0,0.0,0.0,1,at_or_above_ask_touch,5272.0,5266.5,5282.0,5252.5,5282.0,5248.5,5282.0,5262.5,-9.5,5259.0,-13.0,5261.5,-10.5,False,False,False,False,False,False,False,False,False,False,False,False,False,False,False,False,False,False,22.5,7.0
185500,,,VELVETFRUIT_EXTRACT,XIRECS,5262.0,5,2,5259.5,5257,5262,5256.0,5263.0,0.0,0.0,0.0,1,at_or_above_ask_touch,5259.5,5259.5,5281.0,5253.5,5282.0,5248.5,5282.0,5258.0,-1.5,5261.5,2.0,5273.0,13.5,False,False,False,False,False,False,False,False,False,False,False,False,False,False,False,False,False,False,8.5,20.0
188200,,,VELVETFRUIT_EXTRACT,XIRECS,5255.0,3,2,5258.0,5255,5261,5255.0,5261.0,0.0,0.0,0.0,-1,at_or_below_bid_touch,5258.0,5255.5,5281.0,5253.5,5282.0,5248.5,5282.0,5261.5,3.5,5265.5,7.5,5268.0,10.0,True,False,True,False,True,False,False,False,False,False,True,False,False,False,False,False,False,False,1.5,27.0
189700,,,VELVETFRUIT_EXTRACT,XIRECS,5257.0,6,2,5259.5,5257,5262,5257.0,5263.0,0.620253164556962,0.0,0.13274336283185842,-1,at_or_below_bid_touch,5259.5,5255.5,5281.0,5255.5,5282.0,5248.5,5282.0,5261.0,1.5,5263.5,4.0,5264.5,5.0,False,False,False,False,True,False,False,False,False,False,True,False,False,False,False,False,False,False,1.5,25.0
194700,,,VELVETFRUIT_EXTRACT,XIRECS,5262.0,10,2,5261.0,5260,5262,5260.0,5266.0,0.7297297297297297,-0.07246376811594203,0.19626168224299065,1,at_or_above_ask_touch,5261.0,5255.5,5281.0,5255.5,5282.0,5248.5,5282.0,5263.5,2.5,5263.5,2.5,5272.5,11.5,False,False,False,False,False,False,False,False,False,False,False,False,False,False,False,False,False,False,6.5,20.0
194900,,,VELVETFRUIT_EXTRACT,XIRECS,5257.0,6,2,5260.0,5257,5263,5257.0,5263.0,0.0,0.0,0.0,-1,at_or_below_bid_touch,5260.0,5255.5,5281.0,5255.5,5282.0,5248.5,5282.0,5262.0,2.0,5262.5,2.5,5273.5,13.5,False,False,False,False,True,False,False,False,False,False,True,False,False,False,False,False,False,False,1.5,25.0
195500,,,VELVETFRUIT_EXTRACT,XIRECS,5264.0,6,2,5261.5,5259,5264,5259.0,5265.0,0.4117647058823529,0.0,0.2631578947368421,1,at_or_above_ask_touch,5261.5,5255.5,5281.0,5255.5,5282.0,5248.5,5282.0,5262.5,1.0,5263.0,1.5,5272.0,10.5,False,False,False,False,False,False,False,False,False,False,False,False,False,False,False,False,False,False,8.5,18.0
196700,,,VELVETFRUIT_EXTRACT,XIRECS,5261.0,6,2,5263.5,5261,5266,5260.0,5267.0,0.0,0.0,0.0,-1,at_or_below_bid_touch,5263.5,5255.5,5281.0,5255.5,5282.0,5248.5,5282.0,5257.5,-6.0,5267.0,3.5,5278.0,14.5,False,False,False,False,False,False,False,False,False,False,False,False,False,False,False,False,False,False,5.5,21.0
199400,,,VELVETFRUIT_EXTRACT,XIRECS,5262.0,8,2,5261.5,5261,5262,5260.0,5267.0,0.3333333333333333,-0.06557377049180328,0.0,1,at_or_above_ask_touch,5261.5,5255.5,5270.5,5255.5,5282.0,5248.5,5282.0,5260.5,-1.0,5267.5,6.0,5276.5,15.0,False,False,False,False,False,False,False,False,False,False,False,False,False,False,False,False,False,False,6.5,20.0
201300,,,VELVETFRUIT_EXTRACT,XIRECS,5259.0,6,2,5260.5,5259,5262,5256.0,5263.0,-0.2857142857142857,0.07936507936507936,0.0,-1,at_or_below_bid_touch,5260.5,5255.5,5267.5,5255.5,5282.0,5248.5,5282.0,5265.5,5.0,5267.5,7.0,5274.5,14.0,False,False,False,False,False,False,False,False,False,False,False,False,False,False,False,False,False,False,3.5,23.0
203500,,,VELVETFRUIT_EXTRACT,XIRECS,5263.0,4,2,5260.0,5257,5263,5257.0,5263.0,0.0,0.0,0.0,1,at_or_above_ask_touch,5260.0,5255.5,5266.5,5255.5,5282.0,5248.5,5282.0,5266.5,6.5,5267.5,7.5,5266.0,6.0,False,False,False,False,False,False,False,False,False,False,False,False,False,False,False,False,False,False,7.5,19.0
205000,,,VELVETFRUIT_EXTRACT,XIRECS,5263.0,5,2,5265.0,5264,5266,5260.0,5267.0,-0.36,0.07272727272727272,0.0,-1,at_or_below_bid_touch,5265.0,5255.5,5266.5,5255.5,5282.0,5248.5,5282.0,5267.5,2.5,5264.5,-0.5,5265.5,0.5,False,False,False,False,False,False,False,False,False,False,False,False,False,False,False,False,False,False,7.5,19.0
206000,,,VELVETFRUIT_EXTRACT,XIRECS,5268.0,6,2,5265.5,5263,5268,5262.0,5268.0,-0.45714285714285713,0.0,-0.2289156626506024,1,at_or_above_ask_touch,5265.5,5255.5,5266.5,5255.5,5282.0,5248.5,5282.0,5266.0,0.5,5266.5,1.0,5268.5,3.0,False,True,False,True,False,True,False,False,False,False,False,False,False,False,False,False,False,False,12.5,14.0
207000,,,VELVETFRUIT_EXTRACT,XIRECS,5268.0,15,2,5267.0,5266,5268,5266.0,5272.0,0.6629213483146067,-0.09202453987730061,0.0,1,at_or_above_ask_touch,5267.0,5255.5,5269.5,5255.5,5282.0,5248.5,5282.0,5267.5,0.5,5264.5,-2.5,5266.5,-0.5,False,False,False,False,False,True,False,False,False,False,False,False,False,False,False,False,False,False,12.5,14.0
209400,,,VELVETFRUIT_EXTRACT,XIRECS,5265.0,4,2,5267.5,5265,5270,5265.0,5271.0,0.4888888888888889,0.0,0.2072072072072072,-1,at_or_below_bid_touch,5267.5,5256.5,5270.5,5255.5,5282.0,5248.5,5282.0,5267.5,0.0,5264.5,-3.0,5276.5,9.0,False,False,False,False,False,False,False,False,False,False,False,False,False,False,False,False,False,False,9.5,17.0
211400,,,VELVETFRUIT_EXTRACT,XIRECS,5264.0,7,2,5266.5,5264,5269,5264.0,5270.0,0.42105263157894735,0.0,0.2558139534883721,-1,at_or_below_bid_touch,5266.5,5256.5,5270.5,5255.5,5282.0,5248.5,5282.0,5266.5,0.0,5257.5,-9.0,5279.5,13.0,False,False,False,False,False,False,False,False,False,False,False,False,False,False,False,False,False,False,8.5,18.0
212100,,,VELVETFRUIT_EXTRACT,XIRECS,5271.0,4,2,5268.0,5265,5271,5265.0,5271.0,0.0,0.0,0.0,1,at_or_above_ask_touch,5268.0,5256.5,5270.5,5255.5,5282.0,5248.5,5282.0,5262.5,-5.5,5258.5,-9.5,5282.5,14.5,False,True,False,True,False,True,False,False,False,False,False,False,False,False,False,False,False,False,15.5,11.0
212200,,,VELVETFRUIT_EXTRACT,XIRECS,5267.0,5,2,5266.0,5265,5267,5264.0,5270.0,0.5454545454545454,-0.042735042735042736,-0.17894736842105263,1,at_or_above_ask_touch,5266.0,5256.5,5270.5,5255.5,5282.0,5248.5,5282.0,5264.5,-1.5,5259.5,-6.5,5282.0,16.0,False,False,False,False,False,False,False,False,False,False,False,False,False,False,False,False,False,False,11.5,15.0
212900,,,VELVETFRUIT_EXTRACT,XIRECS,5266.0,5,2,5268.5,5266,5271,5265.0,5272.0,0.0,0.0,0.0,-1,at_or_below_bid_touch,5268.5,5256.5,5270.5,5255.5,5282.0,5248.5,5282.0,5263.5,-5.0,5259.5,-9.0,5279.5,11.0,False,False,False,False,False,False,False,False,False,False,False,False,False,False,False,False,False,False,10.5,16.0
217200,,,VELVETFRUIT_EXTRACT,XIRECS,5262.0,4,2,5264.5,5262,5267,5261.0,5267.0,-0.5268817204301075,0.0,-0.18333333333333332,-1,at_or_below_bid_touch,5264.5,5256.5,5270.5,5255.5,5281.0,5248.5,5282.0,5259.5,-5.0,5263.5,-1.0,5284.0,19.5,False,False,False,False,False,False,False,False,False,False,False,False,False,False,False,False,False,False,6.5,19.0
217800,,,VELVETFRUIT_EXTRACT,XIRECS,5260.0,6,2,5263.0,5260,5266,5260.0,5266.0,0.0,0.0,0.0,-1,at_or_below_bid_touch,5263.0,5256.5,5270.5,5255.5,5281.0,5248.5,5282.0,5260.5,-2.5,5260.0,-3.0,5283.5,20.5,False,False,False,False,False,False,False,False,False,False,False,False,False,False,False,False,False,False,4.5,21.0
220600,,,VELVETFRUIT_EXTRACT,XIRECS,5260.0,4,2,5262.5,5260,5265,5259.0,5266.0,0.0,0.0,0.0,-1,at_or_below_bid_touch,5262.5,5256.5,5270.5,5255.5,5281.0,5252.5,5282.0,5265.5,3.0,5265.0,2.5,5279.5,17.0,False,False,False,False,False,False,False,False,False,False,False,False,False,False,False,False,False,False,4.5,21.0
220800,,,VELVETFRUIT_EXTRACT,XIRECS,5265.0,6,2,5262.5,5260,5265,5259.0,5266.0,0.0,0.0,0.0,1,at_or_above_ask_touch,5262.5,5256.5,5270.5,5255.5,5281.0,5252.5,5282.0,5263.0,0.5,5267.5,5.0,5278.0,15.5,False,False,False,False,False,False,False,False,False,False,False,False,False,False,False,False,False,False,9.5,16.0
229400,,,VELVETFRUIT_EXTRACT,XIRECS,5260.0,7,2,5262.5,5260,5265,5259.0,5266.0,0.0,0.0,0.0,-1,at_or_below_bid_touch,5262.5,5256.5,5268.5,5255.5,5270.5,5252.5,5282.0,5266.5,4.0,5261.5,-1.0,5271.5,9.0,False,False,False,False,False,False,False,False,False,False,False,False,False,False,False,False,False,False,4.5,10.5
231600,,,VELVETFRUIT_EXTRACT,XIRECS,5262.0,5,2,5264.5,5262,5267,5261.0,5268.0,0.0,0.0,0.0,-1,at_or_below_bid_touch,5264.5,5256.5,5268.5,5255.5,5270.5,5253.5,5282.0,5267.5,3.0,5276.5,12.0,5268.5,4.0,False,False,False,False,False,False,False,False,False,False,False,False,False,False,False,False,False,False,6.5,8.5
232000,,,VELVETFRUIT_EXTRACT,XIRECS,5267.0,8,2,5264.5,5262,5267,5261.0,5267.0,-0.4523809523809524,0.0,-0.23232323232323232,1,at_or_above_ask_touch,5264.5,5256.5,5268.5,5255.5,5270.5,5253.5,5282.0,5269.5,5.0,5273.5,9.0,5268.0,3.5,False,False,False,False,False,True,False,False,False,False,False,False,False,False,False,False,False,False,11.5,3.5
237400,,,VELVETFRUIT_EXTRACT,XIRECS,5273.0,6,2,5270.5,5268,5273,5267.0,5273.0,-0.475,0.0,-0.21649484536082475,1,at_or_above_ask_touch,5270.5,5256.5,5274.5,5256.0,5274.5,5253.5,5282.0,5273.5,3.0,5277.5,7.0,5278.0,7.5,False,False,False,False,False,True,False,False,False,False,False,True,False,False,False,False,False,False,17.0,1.5
237600,,,VELVETFRUIT_EXTRACT,XIRECS,5271.0,8,2,5270.0,5269,5271,5269.0,5275.0,0.7837837837837838,-0.05714285714285714,0.0,1,at_or_above_ask_touch,5270.0,5256.5,5274.5,5256.0,5274.5,5253.5,5282.0,5275.5,5.5,5276.5,6.5,5277.5,7.5,False,False,False,False,False,False,False,False,False,False,False,False,False,False,False,False,False,False,15.0,3.5
237700,,,VELVETFRUIT_EXTRACT,XIRECS,5273.0,8,2,5270.5,5268,5273,5268.0,5274.0,0.5053763440860215,0.0,0.19658119658119658,1,at_or_above_ask_touch,5270.5,5256.5,5274.5,5256.0,5274.5,5253.5,5282.0,5274.5,4.0,5276.5,6.0,5275.5,5.0,False,False,False,False,False,True,False,False,False,False,False,True,False,False,False,False,False,False,17.0,1.5
242100,,,VELVETFRUIT_EXTRACT,XIRECS,5276.0,8,2,5273.5,5271,5276,5271.0,5277.0,0.4444444444444444,0.0,0.23809523809523808,1,at_or_above_ask_touch,5273.5,5256.5,5276.5,5256.5,5276.5,5255.5,5282.0,5277.5,4.0,5273.0,-0.5,5273.0,-0.5,False,False,False,True,False,True,False,False,False,True,False,True,False,False,False,False,False,False,19.5,0.5
243500,,,VELVETFRUIT_EXTRACT,XIRECS,5274.0,4,2,5271.5,5269,5274,5268.0,5275.0,0.0,0.0,0.0,1,at_or_above_ask_touch,5271.5,5256.5,5276.5,5256.5,5276.5,5255.5,5282.0,5274.5,3.0,5266.0,-5.5,5271.0,-0.5,False,False,False,False,False,False,False,False,False,False,False,False,False,False,False,False,False,False,17.5,2.5
244900,,,VELVETFRUIT_EXTRACT,XIRECS,5276.0,4,2,5273.5,5271,5276,5270.0,5277.0,0.0,0.0,0.0,1,at_or_above_ask_touch,5273.5,5256.5,5276.5,5256.5,5276.5,5255.5,5282.0,5278.5,5.0,5263.5,-10.0,5270.5,-3.0,False,False,False,True,False,True,False,False,False,True,False,True,False,False,False,False,False,False,19.5,0.5
258000,,,VELVETFRUIT_EXTRACT,XIRECS,5271.0,15,2,5270.5,5270,5271,5269.0,5275.0,0.1891891891891892,-0.10204081632653061,-0.2,1,at_or_above_ask_touch,5270.5,5260.5,5279.5,5256.5,5279.5,5255.5,5282.0,5279.5,9.0,5283.5,13.0,5271.5,1.0,False,False,False,False,False,False,False,False,False,False,False,False,False,False,False,False,False,False,14.5,8.5
259500,,,VELVETFRUIT_EXTRACT,XIRECS,5273.0,4,2,5276.0,5273,5279,5273.0,5279.0,0.0,0.0,0.0,-1,at_or_below_bid_touch,5276.0,5263.5,5279.5,5256.5,5279.5,5255.5,5282.0,5285.5,9.5,5278.0,2.0,5272.5,-3.5,False,False,False,False,False,False,False,False,False,False,False,False,False,False,False,False,False,False,16.5,6.5
263900,,,VELVETFRUIT_EXTRACT,XIRECS,5281.0,4,2,5283.5,5281,5286,5280.0,5286.0,-0.5402298850574713,0.0,-0.17543859649122806,-1,at_or_below_bid_touch,5283.5,5263.5,5283.5,5256.5,5283.5,5255.5,5283.5,5280.5,-3.0,5279.5,-4.0,5267.5,-16.0,False,False,False,False,False,False,False,False,False,False,False,False,False,False,False,False,False,False,24.5,2.5
265100,,,VELVETFRUIT_EXTRACT,XIRECS,5285.0,6,2,5287.5,5285,5290,5285.0,5291.0,0.45054945054945056,0.0,0.2336448598130841,-1,at_or_below_bid_touch,5287.5,5263.5,5287.5,5256.5,5287.5,5255.5,5287.5,5277.5,-10.0,5277.5,-10.0,5272.5,-15.0,False,False,False,False,False,False,False,False,False,False,False,False,False,False,False,False,False,False,28.5,2.5
265500,,,VELVETFRUIT_EXTRACT,XIRECS,5285.0,6,2,5287.5,5285,5290,5284.0,5291.0,0.0,0.0,0.0,-1,at_or_below_bid_touch,5287.5,5263.5,5287.5,5256.5,5287.5,5255.5,5287.5,5280.5,-7.0,5274.5,-13.0,5273.5,-14.0,False,False,False,False,False,False,False,False,False,False,False,False,False,False,False,False,False,False,28.5,2.5
267000,,,VELVETFRUIT_EXTRACT,XIRECS,5289.0,6,2,5286.5,5284,5289,5283.0,5290.0,0.0,0.0,0.0,1,at_or_above_ask_touch,5286.5,5263.5,5290.0,5256.5,5290.0,5255.5,5290.0,5279.5,-7.0,5274.0,-12.5,5275.5,-11.0,False,False,False,True,False,True,False,False,False,True,False,True,False,False,False,True,False,True,32.5,1.0
267400,,,VELVETFRUIT_EXTRACT,XIRECS,5283.0,4,2,5285.5,5283,5288,5282.0,5288.0,-0.42857142857142855,0.0,-0.25,-1,at_or_below_bid_touch,5285.5,5263.5,5290.0,5256.5,5290.0,5255.5,5290.0,5277.5,-8.0,5270.5,-15.0,5275.0,-10.5,False,False,False,False,False,False,False,False,False,False,False,False,False,False,False,False,False,False,26.5,7.0
268200,,,VELVETFRUIT_EXTRACT,XIRECS,5280.0,7,2,5282.5,5280,5285,5279.0,5286.0,0.0,0.0,0.0,-1,at_or_below_bid_touch,5282.5,5263.5,5290.0,5256.5,5290.0,5255.5,5290.0,5279.5,-3.0,5268.5,-14.0,5271.5,-11.0,False,False,False,False,False,False,False,False,False,False,False,False,False,False,False,False,False,False,23.5,10.0
268600,,,VELVETFRUIT_EXTRACT,XIRECS,5281.0,5,2,5284.0,5281,5287,5281.0,5287.0,0.0,0.0,0.0,-1,at_or_below_bid_touch,5284.0,5263.5,5290.0,5256.5,5290.0,5255.5,5290.0,5278.5,-5.5,5269.5,-14.5,5269.5,-14.5,False,False,False,False,False,False,False,False,False,False,False,False,False,False,False,False,False,False,24.5,9.0
271100,,,VELVETFRUIT_EXTRACT,XIRECS,5276.0,3,2,5278.5,5276,5281,5275.0,5282.0,0.0,0.0,0.0,-1,at_or_below_bid_touch,5278.5,5263.5,5290.0,5256.5,5290.0,5255.5,5290.0,5274.5,-4.0,5267.5,-11.0,5273.0,-5.5,False,False,False,False,False,False,False,False,False,False,False,False,False,False,False,False,False,False,19.5,14.0
272700,,,VELVETFRUIT_EXTRACT,XIRECS,5277.0,3,2,5279.5,5277,5282,5277.0,5283.0,0.4520547945205479,0.0,0.23255813953488372,-1,at_or_below_bid_touch,5279.5,5263.5,5290.0,5256.5,5290.0,5255.5,5290.0,5270.0,-9.5,5269.0,-10.5,5274.5,-5.0,False,False,False,False,False,False,False,False,False,False,False,False,False,False,False,False,False,False,20.5,13.0
274100,,,VELVETFRUIT_EXTRACT,XIRECS,5279.0,6,2,5280.5,5279,5282,5277.0,5283.0,-0.28,0.06474820143884892,0.14035087719298245,-1,at_or_below_bid_touch,5280.5,5263.5,5290.0,5256.5,5290.0,5255.5,5290.0,5273.5,-7.0,5270.5,-10.0,5268.5,-12.0,False,False,False,False,False,False,False,False,False,False,False,False,False,False,False,False,False,False,22.5,11.0
274300,,,VELVETFRUIT_EXTRACT,XIRECS,5280.0,8,2,5277.5,5275,5280,5275.0,5281.0,0.569620253164557,0.0,0.1588785046728972,1,at_or_above_ask_touch,5277.5,5263.5,5290.0,5256.5,5290.0,5255.5,5290.0,5273.5,-4.0,5271.5,-6.0,5268.5,-9.0,False,False,False,False,False,False,False,False,False,False,False,False,False,False,False,False,False,False,23.5,10.0
274600,,,VELVETFRUIT_EXTRACT,XIRECS,5274.0,3,2,5276.5,5274,5279,5273.0,5280.0,0.0,0.0,0.0,-1,at_or_below_bid_touch,5276.5,5263.5,5290.0,5256.5,5290.0,5255.5,5290.0,5269.5,-7.0,5275.0,-1.5,5270.5,-6.0,False,False,False,False,False,False,False,False,False,False,False,False,False,False,False,False,False,False,17.5,16.0
278700,,,VELVETFRUIT_EXTRACT,XIRECS,5274.0,6,2,5271.5,5269,5274,5268.0,5274.0,-0.5434782608695652,0.0,-0.17355371900826447,1,at_or_above_ask_touch,5271.5,5267.5,5290.0,5260.5,5290.0,5255.5,5290.0,5270.5,-1.0,5275.5,4.0,5265.5,-6.0,False,False,False,False,False,False,False,False,False,False,False,False,False,False,False,False,False,False,13.5,16.0
278800,,,VELVETFRUIT_EXTRACT,XIRECS,5276.0,4,2,5273.5,5271,5276,5270.0,5277.0,0.0,0.0,0.0,1,at_or_above_ask_touch,5273.5,5267.5,5290.0,5260.5,5290.0,5255.5,5290.0,5270.5,-3.0,5275.5,2.0,5265.5,-8.0,False,False,False,False,False,False,False,False,False,False,False,False,False,False,False,False,False,False,15.5,14.0
280700,,,VELVETFRUIT_EXTRACT,XIRECS,5268.0,6,2,5270.5,5268,5273,5267.0,5273.0,-0.5102040816326531,0.0,-0.1935483870967742,-1,at_or_below_bid_touch,5270.5,5267.5,5290.0,5260.5,5290.0,5255.5,5290.0,5275.5,5.0,5270.5,0.0,5262.5,-8.0,False,False,True,False,True,False,False,False,False,False,False,False,False,False,False,False,False,False,7.5,22.0
282600,,,VELVETFRUIT_EXTRACT,XIRECS,5269.0,10,2,5270.5,5269,5272,5266.0,5272.0,-0.9016393442622951,0.025210084033613446,0.0,-1,at_or_below_bid_touch,5270.5,5266.0,5290.0,5260.5,5290.0,5255.5,5290.0,5277.5,7.0,5272.5,2.0,5271.0,0.5,False,False,False,False,False,False,False,False,False,False,False,False,False,False,False,False,False,False,8.5,21.0
282600,,,VELVETFRUIT_EXTRACT,XIRECS,5272.0,6,2,5270.5,5269,5272,5266.0,5272.0,-0.9016393442622951,0.025210084033613446,0.0,1,at_or_above_ask_touch,5270.5,5266.0,5290.0,5260.5,5290.0,5255.5,5290.0,5277.5,7.0,5272.5,2.0,5271.0,0.5,False,False,False,False,False,False,False,False,False,False,False,False,False,False,False,False,False,False,11.5,18.0
283300,,,VELVETFRUIT_EXTRACT,XIRECS,5270.0,5,2,5272.5,5270,5275,5269.0,5275.0,-0.4945054945054945,0.0,-0.20353982300884957,-1,at_or_below_bid_touch,5272.5,5266.0,5290.0,5260.5,5290.0,5255.5,5290.0,5276.0,3.5,5271.5,-1.0,5270.5,-2.0,False,False,False,False,False,False,False,False,False,False,False,False,False,False,False,False,False,False,9.5,20.0
285600,,,VELVETFRUIT_EXTRACT,XIRECS,5278.0,4,2,5275.5,5273,5278,5272.0,5278.0,-0.4936708860759494,0.0,-0.20408163265306123,1,at_or_above_ask_touch,5275.5,5266.0,5290.0,5260.5,5290.0,5255.5,5290.0,5271.5,-4.0,5269.5,-6.0,5271.5,-4.0,False,False,False,False,False,False,False,False,False,False,False,False,False,False,False,False,False,False,17.5,12.0
285800,,,VELVETFRUIT_EXTRACT,XIRECS,5276.0,6,2,5275.0,5274,5276,5274.0,5280.0,0.7857142857142857,-0.05660377358490566,0.19047619047619047,1,at_or_above_ask_touch,5275.0,5266.0,5290.0,5260.5,5290.0,5255.5,5290.0,5272.5,-2.5,5271.5,-3.5,5270.5,-4.5,False,False,False,False,False,False,False,False,False,False,False,False,False,False,False,False,False,False,15.5,14.0
286100,,,VELVETFRUIT_EXTRACT,XIRECS,5278.0,5,2,5279.5,5278,5281,5275.0,5281.0,-0.863013698630137,0.03546099290780142,-0.21428571428571427,-1,at_or_below_bid_touch,5279.5,5266.0,5290.0,5260.5,5290.0,5255.5,5290.0,5271.5,-8.0,5272.0,-7.5,5270.5,-9.0,False,False,False,False,False,False,False,False,False,False,False,False,False,False,False,False,False,False,17.5,12.0
288000,,,VELVETFRUIT_EXTRACT,XIRECS,5274.0,8,2,5276.5,5274,5279,5274.0,5280.0,0.5056179775280899,0.0,0.19642857142857142,-1,at_or_below_bid_touch,5276.5,5266.0,5284.0,5260.5,5290.0,5256.0,5290.0,5271.0,-5.5,5268.5,-8.0,5271.0,-5.5,False,False,False,False,False,False,False,False,False,False,False,False,False,False,False,False,False,False,13.5,16.0
291800,,,VELVETFRUIT_EXTRACT,XIRECS,5267.0,4,2,5269.5,5267,5272,5266.0,5272.0,-0.5053763440860215,0.0,-0.19658119658119658,-1,at_or_below_bid_touch,5269.5,5266.0,5280.5,5263.5,5290.0,5256.5,5290.0,5271.0,1.5,5265.5,-4.0,5269.5,0.0,False,False,True,False,True,False,False,False,False,False,False,False,False,False,False,False,False,False,3.5,23.0
293100,,,VELVETFRUIT_EXTRACT,XIRECS,5274.0,5,2,5271.5,5269,5274,5268.0,5275.0,0.0,0.0,0.0,1,at_or_above_ask_touch,5271.5,5266.0,5280.5,5263.5,5290.0,5256.5,5290.0,5269.5,-2.0,5266.5,-5.0,5272.0,0.5,False,False,False,False,False,False,False,False,False,False,False,False,False,False,False,False,False,False,10.5,16.0
293400,,,VELVETFRUIT_EXTRACT,XIRECS,5273.0,5,2,5270.5,5268,5273,5267.0,5274.0,0.0,0.0,0.0,1,at_or_above_ask_touch,5270.5,5266.0,5280.5,5263.5,5290.0,5256.5,5290.0,5273.5,3.0,5268.5,-2.0,5272.5,2.0,False,False,False,False,False,False,False,False,False,False,False,False,False,False,False,False,False,False,9.5,17.0
293700,,,VELVETFRUIT_EXTRACT,XIRECS,5267.0,8,2,5269.5,5267,5272,5267.0,5273.0,0.5714285714285714,0.0,0.15789473684210525,-1,at_or_below_bid_touch,5269.5,5266.0,5280.5,5263.5,5290.0,5256.5,5290.0,5272.5,3.0,5267.0,-2.5,5271.5,2.0,False,False,True,False,True,False,False,False,False,False,False,False,False,False,False,False,False,False,3.5,23.0
296800,,,VELVETFRUIT_EXTRACT,XIRECS,5268.0,8,2,5271.0,5268,5274,5268.0,5274.0,0.0,0.0,0.0,-1,at_or_below_bid_touch,5271.0,5266.0,5279.5,5263.5,5290.0,5256.5,5290.0,5265.5,-5.5,5272.0,1.0,5265.5,-5.5,False,False,False,False,True,False,False,False,False,False,False,False,False,False,False,False,False,False,4.5,22.0
301000,,,VELVETFRUIT_EXTRACT,XIRECS,5267.0,8,2,5270.0,5267,5273,5267.0,5273.0,0.0,0.0,0.0,-1,at_or_below_bid_touch,5270.0,5266.0,5279.5,5263.5,5290.0,5256.5,5290.0,5271.5,1.5,5269.5,-0.5,5258.5,-11.5,False,False,True,False,True,False,False,False,False,False,False,False,False,False,False,False,False,False,3.5,23.0
305600,,,VELVETFRUIT_EXTRACT,XIRECS,5267.0,3,2,5269.5,5267,5272,5267.0,5273.0,0.41025641025641024,0.0,0.26436781609195403,-1,at_or_below_bid_touch,5269.5,5263.5,5279.5,5263.5,5290.0,5256.5,5290.0,5270.5,1.0,5273.5,4.0,5261.5,-8.0,False,False,False,False,False,False,False,False,False,False,False,False,False,False,False,False,False,False,3.5,23.0
306000,,,VELVETFRUIT_EXTRACT,XIRECS,5274.0,5,2,5271.5,5269,5274,5269.0,5275.0,0.4845360824742268,0.0,0.21008403361344538,1,at_or_above_ask_touch,5271.5,5263.5,5279.5,5263.5,5290.0,5256.5,5290.0,5269.5,-2.0,5275.5,4.0,5260.5,-11.0,False,False,False,False,False,False,False,False,False,False,False,False,False,False,False,False,False,False,10.5,16.0
307900,,,VELVETFRUIT_EXTRACT,XIRECS,5268.0,8,2,5270.5,5268,5273,5268.0,5274.0,0.5681818181818182,0.0,0.15966386554621848,-1,at_or_below_bid_touch,5270.5,5263.5,5276.5,5263.5,5290.0,5256.5,5290.0,5272.5,2.0,5274.5,4.0,5265.5,-5.0,False,False,False,False,False,False,False,False,False,False,False,False,False,False,False,False,False,False,4.5,22.0
308400,,,VELVETFRUIT_EXTRACT,XIRECS,5270.0,3,2,5272.5,5270,5275,5270.0,5276.0,0.4838709677419355,0.0,0.21052631578947367,-1,at_or_below_bid_touch,5272.5,5263.5,5276.5,5263.5,5290.0,5256.5,5290.0,5270.5,-2.0,5270.5,-2.0,5263.0,-9.5,False,False,False,False,False,False,False,False,False,False,False,False,False,False,False,False,False,False,6.5,20.0
311200,,,VELVETFRUIT_EXTRACT,XIRECS,5265.0,8,2,5267.5,5265,5270,5264.0,5270.0,-0.42168674698795183,0.0,-0.2553191489361702,-1,at_or_below_bid_touch,5267.5,5263.5,5275.5,5263.5,5290.0,5256.5,5290.0,5274.5,7.0,5271.5,4.0,5265.5,-2.0,False,False,False,False,True,False,False,False,False,False,True,False,False,False,False,False,False,False,1.5,25.0
311700,,,VELVETFRUIT_EXTRACT,XIRECS,5273.0,6,2,5271.5,5270,5273,5267.0,5273.0,-0.8028169014084507,0.05185185185185185,0.0,1,at_or_above_ask_touch,5271.5,5263.5,5275.5,5263.5,5290.0,5256.5,5290.0,5275.5,4.0,5269.5,-2.0,5263.0,-8.5,False,False,False,False,False,False,False,False,False,False,False,False,False,False,False,False,False,False,9.5,17.0
316800,,,VELVETFRUIT_EXTRACT,XIRECS,5275.0,7,2,5274.0,5273,5275,5273.0,5279.0,0.7704918032786885,-0.06086956521739131,0.0,1,at_or_above_ask_touch,5274.0,5263.5,5275.5,5263.5,5286.5,5256.5,5290.0,5269.0,-5.0,5262.5,-11.5,5259.5,-14.5,False,False,False,True,False,True,False,False,False,False,False,False,False,False,False,False,False,False,11.5,11.5
323200,,,VELVETFRUIT_EXTRACT,XIRECS,5276.0,5,2,5273.5,5271,5276,5270.0,5277.0,0.0,0.0,0.0,1,at_or_above_ask_touch,5273.5,5265.5,5282.0,5263.5,5282.0,5256.5,5290.0,5269.5,-4.0,5268.0,-5.5,5250.0,-23.5,False,False,False,False,False,False,False,False,False,False,False,False,False,False,False,False,False,False,12.5,6.0
323500,,,VELVETFRUIT_EXTRACT,XIRECS,5269.0,14,2,5268.0,5267,5269,5267.0,5273.0,0.6585365853658537,-0.09333333333333334,0.0,1,at_or_above_ask_touch,5268.0,5265.5,5282.0,5263.5,5282.0,5256.5,5290.0,5266.5,-1.5,5271.0,3.0,5252.5,-15.5,False,False,False,False,False,False,False,False,False,False,False,False,False,False,False,False,False,False,5.5,13.0
327600,,,VELVETFRUIT_EXTRACT,XIRECS,5266.0,5,2,5263.5,5261,5266,5261.0,5267.0,0.5609756097560976,0.0,0.16363636363636364,1,at_or_above_ask_touch,5263.5,5261.0,5282.0,5261.0,5282.0,5256.5,5290.0,5271.0,7.5,5273.0,9.5,5251.5,-12.0,False,False,False,False,False,False,False,False,False,False,False,False,False,False,False,False,False,False,5.0,16.0
328500,,,VELVETFRUIT_EXTRACT,XIRECS,5269.0,7,2,5266.5,5264,5269,5263.0,5270.0,0.0,0.0,0.0,1,at_or_above_ask_touch,5266.5,5261.0,5282.0,5261.0,5282.0,5260.5,5290.0,5271.0,4.5,5267.0,0.5,5250.5,-16.0,False,False,False,False,False,False,False,False,False,False,False,False,False,False,False,False,False,False,8.0,13.0
328700,,,VELVETFRUIT_EXTRACT,XIRECS,5268.0,5,2,5265.5,5263,5268,5263.0,5269.0,0.5164835164835165,0.0,0.1896551724137931,1,at_or_above_ask_touch,5265.5,5261.0,5282.0,5261.0,5282.0,5260.5,5290.0,5268.5,3.0,5269.0,3.5,5252.5,-13.0,False,False,False,False,False,False,False,False,False,False,False,False,False,False,False,False,False,False,7.0,14.0
330400,,,VELVETFRUIT_EXTRACT,XIRECS,5261.0,8,2,5262.0,5261,5263,5260.0,5266.0,0.6428571428571429,-0.033112582781456956,-0.18699186991869918,-1,at_or_below_bid_touch,5262.0,5261.0,5282.0,5261.0,5282.0,5260.5,5290.0,5268.5,6.5,5267.5,5.5,5252.5,-9.5,True,False,True,False,True,False,True,False,True,False,True,False,False,False,True,False,True,False,0.0,21.0
332600,,,VELVETFRUIT_EXTRACT,XIRECS,5274.0,8,2,5271.0,5268,5274,5268.0,5274.0,0.0,0.0,0.0,1,at_or_above_ask_touch,5271.0,5261.0,5282.0,5261.0,5282.0,5260.5,5290.0,5273.0,2.0,5270.5,-0.5,5252.5,-18.5,False,False,False,False,False,False,False,False,False,False,False,False,False,False,False,False,False,False,13.0,8.0
333200,,,VELVETFRUIT_EXTRACT,XIRECS,5269.0,7,2,5268.0,5267,5269,5267.0,5273.0,0.7941176470588235,-0.05426356589147287,0.25773195876288657,1,at_or_above_ask_touch,5268.0,5261.0,5282.0,5261.0,5282.0,5260.5,5290.0,5269.5,1.5,5272.5,4.5,5252.5,-15.5,False,False,False,False,False,False,False,False,False,False,False,False,False,False,False,False,False,False,8.0,13.0
333900,,,VELVETFRUIT_EXTRACT,XIRECS,5273.0,7,2,5270.0,5267,5273,5267.0,5273.0,0.0,0.0,0.0,1,at_or_above_ask_touch,5270.0,5261.0,5282.0,5261.0,5282.0,5260.5,5290.0,5266.5,-3.5,5272.5,2.5,5250.0,-20.0,False,False,False,False,False,False,False,False,False,False,False,False,False,False,False,False,False,False,12.0,9.0
335400,,,VELVETFRUIT_EXTRACT,XIRECS,5271.0,6,2,5268.5,5266,5271,5266.0,5272.0,0.46875,0.0,0.22077922077922077,1,at_or_above_ask_touch,5268.5,5261.0,5282.0,5261.0,5282.0,5260.5,5290.0,5267.5,-1.0,5267.5,-1.0,5245.5,-23.0,False,False,False,False,False,False,False,False,False,False,False,False,False,False,False,False,False,False,10.0,11.0
336800,,,VELVETFRUIT_EXTRACT,XIRECS,5268.0,5,2,5270.5,5268,5273,5268.0,5274.0,0.49206349206349204,0.0,0.20512820512820512,-1,at_or_below_bid_touch,5270.5,5261.0,5282.0,5261.0,5282.0,5260.5,5290.0,5269.5,-1.0,5265.5,-5.0,5243.5,-27.0,False,False,False,False,False,False,False,False,False,False,False,False,False,False,False,False,False,False,7.0,14.0
337000,,,VELVETFRUIT_EXTRACT,XIRECS,5271.0,6,2,5270.0,5269,5271,5269.0,5275.0,0.7777777777777778,-0.058823529411764705,0.0,1,at_or_above_ask_touch,5270.0,5261.0,5282.0,5261.0,5282.0,5260.5,5290.0,5271.0,1.0,5267.5,-2.5,5240.0,-30.0,False,False,False,False,False,False,False,False,False,False,False,False,False,False,False,False,False,False,10.0,11.0
344000,,,VELVETFRUIT_EXTRACT,XIRECS,5269.0,3,2,5271.5,5269,5274,5269.0,5275.0,0.5421686746987951,0.0,0.1743119266055046,-1,at_or_below_bid_touch,5271.5,5261.0,5273.5,5261.0,5282.0,5261.0,5290.0,5266.5,-5.0,5257.5,-14.0,5243.0,-28.5,False,False,False,False,False,False,False,False,False,False,False,False,False,False,False,False,False,False,8.0,13.0
344600,,,VELVETFRUIT_EXTRACT,XIRECS,5265.0,7,2,5268.0,5265,5271,5265.0,5271.0,0.0,0.0,0.0,-1,at_or_below_bid_touch,5268.0,5261.0,5273.5,5261.0,5282.0,5261.0,5290.0,5264.5,-3.5,5260.5,-7.5,5246.5,-21.5,False,False,False,False,False,False,False,False,False,False,False,False,False,False,False,False,False,False,4.0,17.0
344900,,,VELVETFRUIT_EXTRACT,XIRECS,5265.0,6,2,5267.5,5265,5270,5265.0,5271.0,0.5581395348837209,0.0,0.16521739130434782,-1,at_or_below_bid_touch,5267.5,5261.0,5273.5,5261.0,5282.0,5261.0,5290.0,5264.5,-3.0,5262.0,-5.5,5245.0,-22.5,False,False,False,False,False,False,False,False,False,False,False,False,False,False,False,False,False,False,4.0,17.0
350600,,,VELVETFRUIT_EXTRACT,XIRECS,5266.0,5,2,5263.5,5261,5266,5261.0,5267.0,0.3902439024390244,0.0,0.2808988764044944,1,at_or_above_ask_touch,5263.5,5262.0,5273.5,5261.0,5282.0,5261.0,5290.0,5261.5,-2.0,5265.5,2.0,5234.5,-29.0,False,False,False,False,False,False,False,False,False,False,False,False,False,False,False,False,False,False,5.0,16.0
352100,,,VELVETFRUIT_EXTRACT,XIRECS,5252.0,4,2,5254.5,5252,5257,5251.0,5257.0,-0.46987951807228917,0.0,-0.22,-1,at_or_below_bid_touch,5254.5,5254.5,5273.5,5254.5,5282.0,5254.5,5290.0,5262.5,8.0,5262.5,8.0,5229.0,-25.5,True,False,True,False,True,False,True,False,True,False,True,False,True,False,True,False,True,False,-2.5,30.0
352300,,,VELVETFRUIT_EXTRACT,XIRECS,5257.0,8,2,5254.5,5252,5257,5251.0,5258.0,0.0,0.0,0.0,1,at_or_above_ask_touch,5254.5,5254.5,5273.5,5254.5,5282.0,5254.5,5290.0,5262.5,8.0,5261.5,7.0,5227.5,-27.0,False,False,False,False,False,False,False,False,False,False,False,False,False,False,False,False,False,False,2.5,25.0
353600,,,VELVETFRUIT_EXTRACT,XIRECS,5254.0,7,2,5256.5,5254,5259,5254.0,5260.0,0.5526315789473685,0.0,0.16831683168316833,-1,at_or_below_bid_touch,5256.5,5254.5,5273.5,5254.5,5282.0,5254.5,5290.0,5261.5,5.0,5261.5,5.0,5231.0,-25.5,True,False,True,False,True,False,True,False,True,False,True,False,True,False,True,False,True,False,-0.5,28.0
353800,,,VELVETFRUIT_EXTRACT,XIRECS,5257.0,7,2,5259.5,5257,5262,5256.0,5262.0,-0.625,0.0,-0.13043478260869565,-1,at_or_below_bid_touch,5259.5,5254.5,5273.5,5254.5,5282.0,5254.5,5290.0,5260.5,1.0,5259.0,-0.5,5232.5,-27.0,False,False,False,False,False,False,False,False,False,False,False,False,False,False,False,False,False,False,2.5,25.0
356500,,,VELVETFRUIT_EXTRACT,XIRECS,5263.0,6,2,5260.5,5258,5263,5257.0,5264.0,0.0,0.0,0.0,1,at_or_above_ask_touch,5260.5,5254.5,5273.5,5254.5,5282.0,5254.5,5290.0,5264.5,4.0,5260.0,-0.5,5228.5,-32.0,False,False,False,False,False,False,False,False,False,False,False,False,False,False,False,False,False,False,8.5,19.0
358300,,,VELVETFRUIT_EXTRACT,XIRECS,5261.0,7,2,5263.5,5261,5266,5260.0,5267.0,0.0,0.0,0.0,-1,at_or_below_bid_touch,5263.5,5254.5,5273.5,5254.5,5282.0,5254.5,5290.0,5261.5,-2.0,5259.5,-4.0,5227.5,-36.0,False,False,False,False,False,False,False,False,False,False,False,False,False,False,False,False,False,False,6.5,21.0
358400,,,VELVETFRUIT_EXTRACT,XIRECS,5266.0,5,2,5263.0,5260,5266,5260.0,5266.0,0.0,0.0,0.0,1,at_or_above_ask_touch,5263.0,5254.5,5273.5,5254.5,5282.0,5254.5,5290.0,5262.5,-0.5,5259.5,-3.5,5226.5,-36.5,False,False,False,False,False,False,False,False,False,False,False,False,False,False,False,False,False,False,11.5,16.0
360000,,,VELVETFRUIT_EXTRACT,XIRECS,5267.0,7,2,5264.5,5262,5267,5261.0,5267.0,-0.6052631578947368,0.0,-0.14018691588785046,1,at_or_above_ask_touch,5264.5,5254.5,5273.5,5254.5,5282.0,5254.5,5290.0,5258.0,-6.5,5252.5,-12.0,5227.5,-37.0,False,False,False,False,False,False,False,False,False,False,False,False,False,False,False,False,False,False,12.5,15.0
361300,,,VELVETFRUIT_EXTRACT,XIRECS,5267.0,3,2,5264.0,5261,5267,5261.0,5267.0,0.0,0.0,0.0,1,at_or_above_ask_touch,5264.0,5254.5,5273.5,5254.5,5282.0,5254.5,5290.0,5260.0,-4.0,5249.0,-15.0,5226.5,-37.5,False,False,False,False,False,False,False,False,False,False,False,False,False,False,False,False,False,False,12.5,15.0
361600,,,VELVETFRUIT_EXTRACT,XIRECS,5260.0,5,2,5263.0,5260,5266,5260.0,5266.0,0.0,0.0,0.0,-1,at_or_below_bid_touch,5263.0,5254.5,5273.5,5254.5,5282.0,5254.5,5290.0,5260.0,-3.0,5254.0,-9.0,5226.0,-37.0,False,False,False,False,False,False,False,False,False,False,False,False,False,False,False,False,False,False,5.5,22.0
362500,,,VELVETFRUIT_EXTRACT,XIRECS,5260.0,5,2,5263.0,5260,5266,5260.0,5266.0,0.0,0.0,0.0,-1,at_or_below_bid_touch,5263.0,5254.5,5273.5,5254.5,5282.0,5254.5,5290.0,5260.5,-2.5,5252.5,-10.5,5225.5,-37.5,False,False,False,False,False,False,False,False,False,False,False,False,False,False,False,False,False,False,5.5,22.0
365400,,,VELVETFRUIT_EXTRACT,XIRECS,5257.0,7,2,5258.0,5257,5259,5256.0,5263.0,0.4,-0.06666666666666667,0.0,-1,at_or_below_bid_touch,5258.0,5254.5,5268.5,5254.5,5282.0,5254.5,5290.0,5250.5,-7.5,5253.5,-4.5,5226.5,-31.5,False,False,False,False,False,False,False,False,False,False,False,False,False,False,False,False,False,False,2.5,25.0
368100,,,VELVETFRUIT_EXTRACT,XIRECS,5256.0,6,2,5258.5,5256,5261,5255.0,5261.0,-0.5764705882352941,0.0,-0.15517241379310345,-1,at_or_below_bid_touch,5258.5,5254.5,5268.5,5254.5,5282.0,5254.5,5284.0,5253.5,-5.0,5249.0,-9.5,5232.5,-26.0,False,False,False,False,True,False,False,False,False,False,True,False,False,False,False,False,True,False,1.5,26.0
372300,,,VELVETFRUIT_EXTRACT,XIRECS,5250.0,6,2,5253.0,5250,5256,5250.0,5256.0,0.0,0.0,0.0,-1,at_or_below_bid_touch,5253.0,5249.0,5267.5,5249.0,5275.5,5249.0,5282.0,5251.0,-2.0,5250.0,-3.0,5231.5,-21.5,False,False,True,False,True,False,False,False,True,False,True,False,False,False,True,False,True,False,1.0,25.5
373100,,,VELVETFRUIT_EXTRACT,XIRECS,5256.0,6,2,5253.5,5251,5256,5251.0,5257.0,0.3924050632911392,0.0,0.27906976744186046,1,at_or_above_ask_touch,5253.5,5249.0,5267.5,5249.0,5273.5,5249.0,5282.0,5249.0,-4.5,5251.5,-2.0,5231.5,-22.0,False,False,False,False,False,False,False,False,False,False,False,False,False,False,False,False,False,False,7.0,17.5
376700,,,VELVETFRUIT_EXTRACT,XIRECS,5250.0,7,2,5252.5,5250,5255,5249.0,5256.0,0.0,0.0,0.0,-1,at_or_below_bid_touch,5252.5,5249.0,5267.5,5249.0,5273.5,5249.0,5282.0,5248.5,-4.0,5243.5,-9.0,5237.5,-15.0,False,False,True,False,True,False,False,False,True,False,True,False,False,False,True,False,True,False,1.0,23.5
378400,,,VELVETFRUIT_EXTRACT,XIRECS,5249.0,10,2,5248.0,5247,5249,5247.0,5253.0,0.7183098591549296,-0.07575757575757576,0.25773195876288657,1,at_or_above_ask_touch,5248.0,5248.0,5266.5,5248.0,5273.5,5248.0,5282.0,5251.5,3.5,5239.5,-8.5,5237.5,-10.5,False,False,True,False,True,False,False,False,True,False,True,False,False,False,True,False,True,False,1.0,24.5
382200,,,VELVETFRUIT_EXTRACT,XIRECS,5253.0,5,2,5250.5,5248,5253,5247.0,5254.0,0.0,0.0,0.0,1,at_or_above_ask_touch,5250.5,5248.0,5264.5,5248.0,5273.5,5248.0,5282.0,5241.0,-9.5,5244.5,-6.0,5234.5,-16.0,False,False,False,False,False,False,False,False,False,False,False,False,False,False,False,False,False,False,5.0,20.5
383100,,,VELVETFRUIT_EXTRACT,XIRECS,5254.0,6,2,5251.5,5249,5254,5249.0,5255.0,0.53125,0.0,0.18072289156626506,1,at_or_above_ask_touch,5251.5,5248.0,5262.5,5248.0,5273.5,5248.0,5282.0,5239.5,-12.0,5242.5,-9.0,5239.0,-12.5,False,False,False,False,False,False,False,False,False,False,False,False,False,False,False,False,False,False,6.0,19.5
385100,,,VELVETFRUIT_EXTRACT,XIRECS,5245.0,9,2,5244.5,5244,5245,5243.0,5250.0,0.41935483870967744,-0.07086614173228346,0.0,1,at_or_above_ask_touch,5244.5,5244.5,5261.5,5244.5,5273.5,5244.5,5282.0,5239.5,-5.0,5245.5,1.0,5237.5,-7.0,False,False,True,False,True,False,False,False,True,False,True,False,False,False,True,False,True,False,0.5,28.5
389600,,,VELVETFRUIT_EXTRACT,XIRECS,5238.0,7,2,5239.5,5238,5241,5235.0,5242.0,-0.2,0.078125,0.0,-1,at_or_below_bid_touch,5239.5,5236.5,5256.5,5236.5,5273.5,5236.5,5282.0,5246.5,7.0,5237.5,-2.0,5239.0,-0.5,False,False,False,False,True,False,False,False,False,False,True,False,False,False,False,False,True,False,1.5,35.5
401000,,,VELVETFRUIT_EXTRACT,XIRECS,5230.0,8,2,5232.5,5230,5235,5229.0,5235.0,-0.5223880597014925,0.0,-0.18604651162790697,-1,at_or_below_bid_touch,5232.5,5230.5,5253.5,5230.5,5267.5,5230.5,5282.0,5234.0,1.5,5226.5,-6.0,5244.5,12.0,True,False,True,False,True,False,True,False,True,False,True,False,True,False,True,False,True,False,-0.5,37.5
401500,,,VELVETFRUIT_EXTRACT,XIRECS,5233.0,7,2,5230.0,5227,5233,5227.0,5233.0,0.0,0.0,0.0,1,at_or_above_ask_touch,5230.0,5230.0,5253.5,5230.0,5267.5,5230.0,5282.0,5228.5,-1.5,5224.0,-6.0,5239.5,9.5,False,False,False,False,False,False,False,False,False,False,False,False,False,False,False,False,False,False,3.0,34.5
406100,,,VELVETFRUIT_EXTRACT,XIRECS,5231.0,4,2,5233.5,5231,5236,5230.0,5236.0,-0.5294117647058824,0.0,-0.18181818181818182,-1,at_or_below_bid_touch,5233.5,5226.5,5246.5,5226.5,5267.5,5226.5,5282.0,5227.5,-6.0,5230.5,-3.0,5240.5,7.0,False,False,False,False,False,False,False,False,False,False,False,False,False,False,False,False,False,False,4.5,36.5
407000,,,VELVETFRUIT_EXTRACT,XIRECS,5225.0,4,2,5227.5,5225,5230,5224.0,5231.0,0.0,0.0,0.0,-1,at_or_below_bid_touch,5227.5,5225.5,5246.5,5225.5,5267.5,5225.5,5282.0,5222.0,-5.5,5234.5,7.0,5236.5,9.0,True,False,True,False,True,False,True,False,True,False,True,False,True,False,True,False,True,False,-0.5,42.5
421400,,,VELVETFRUIT_EXTRACT,XIRECS,5233.0,6,2,5230.5,5228,5233,5227.0,5234.0,0.0,0.0,0.0,1,at_or_above_ask_touch,5230.5,5222.0,5235.5,5222.0,5256.5,5222.0,5275.5,5234.5,4.0,5234.5,4.0,5235.0,4.5,False,False,False,False,False,False,False,False,False,False,False,False,False,False,False,False,False,False,11.0,23.5
424600,,,VELVETFRUIT_EXTRACT,XIRECS,5232.0,6,2,5231.0,5230,5232,5230.0,5236.0,0.8285714285714286,-0.04477611940298507,0.19626168224299065,1,at_or_above_ask_touch,5231.0,5222.0,5235.5,5222.0,5255.0,5222.0,5273.5,5236.5,5.5,5238.5,7.5,5235.5,4.5,False,False,False,False,False,False,False,False,False,False,False,False,False,False,False,False,False,False,10.0,23.0
425300,,,VELVETFRUIT_EXTRACT,XIRECS,5238.0,3,2,5235.5,5233,5238,5233.0,5239.0,0.475,0.0,0.21649484536082475,1,at_or_above_ask_touch,5235.5,5222.0,5235.5,5222.0,5255.0,5222.0,5273.5,5237.5,2.0,5240.5,5.0,5241.5,6.0,False,True,False,True,False,True,False,False,False,False,False,False,False,False,False,False,False,False,16.0,17.0
427400,,,VELVETFRUIT_EXTRACT,XIRECS,5241.0,5,2,5238.5,5236,5241,5236.0,5242.0,0.4823529411764706,0.0,0.21153846153846154,1,at_or_above_ask_touch,5238.5,5222.0,5238.5,5222.0,5253.5,5222.0,5273.5,5236.5,-2.0,5236.5,-2.0,5246.5,8.0,False,True,False,True,False,True,False,False,False,False,False,False,False,False,False,False,False,False,19.0,12.5
432100,,,VELVETFRUIT_EXTRACT,XIRECS,5233.0,8,2,5235.5,5233,5238,5233.0,5239.0,0.49295774647887325,0.0,0.20454545454545456,-1,at_or_below_bid_touch,5235.5,5222.5,5239.5,5222.0,5253.5,5222.0,5273.5,5238.5,3.0,5238.5,3.0,5250.5,15.0,False,False,False,False,False,False,False,False,False,False,False,False,False,False,False,False,False,False,11.0,20.5
433000,,,VELVETFRUIT_EXTRACT,XIRECS,5238.0,4,2,5240.5,5238,5243,5237.0,5243.0,-0.5151515151515151,0.0,-0.19047619047619047,-1,at_or_below_bid_touch,5240.5,5222.5,5240.5,5222.0,5253.5,5222.0,5273.5,5237.5,-3.0,5235.5,-5.0,5248.5,8.0,False,False,False,False,False,False,False,False,False,False,False,False,False,False,False,False,False,False,16.0,15.5
436100,,,VELVETFRUIT_EXTRACT,XIRECS,5242.0,5,2,5239.5,5237,5242,5236.0,5242.0,-0.5362318840579711,0.0,-0.17777777777777778,1,at_or_above_ask_touch,5239.5,5228.5,5241.0,5222.0,5246.5,5222.0,5273.5,5238.5,-1.0,5248.5,9.0,5239.5,0.0,False,True,False,True,False,True,False,False,False,False,False,False,False,False,False,False,False,False,20.0,4.5
438500,,,VELVETFRUIT_EXTRACT,XIRECS,5241.0,6,2,5238.5,5236,5241,5235.0,5242.0,0.0,0.0,0.0,1,at_or_above_ask_touch,5238.5,5228.5,5241.0,5222.0,5246.5,5222.0,5273.5,5236.5,-2.0,5249.5,11.0,5236.5,-2.0,False,True,False,True,False,True,False,False,False,False,False,False,False,False,False,False,False,False,19.0,5.5
441300,,,VELVETFRUIT_EXTRACT,XIRECS,5235.0,5,2,5237.5,5235,5240,5235.0,5241.0,0.5584415584415584,0.0,0.1650485436893204,-1,at_or_below_bid_touch,5237.5,5229.5,5241.0,5222.0,5246.5,5222.0,5273.5,5250.5,13.0,5240.5,3.0,5241.5,4.0,False,False,False,False,False,False,False,False,False,False,False,False,False,False,False,False,False,False,13.0,11.5
444200,,,VELVETFRUIT_EXTRACT,XIRECS,5244.0,6,2,5241.5,5239,5244,5238.0,5244.0,-0.5675675675675675,0.0,-0.16,1,at_or_above_ask_touch,5241.5,5231.0,5241.5,5222.0,5246.5,5222.0,5269.0,5249.5,8.0,5238.0,-3.5,5241.0,-0.5,False,True,False,True,False,True,False,False,False,False,False,False,False,False,False,False,False,False,22.0,2.5
448600,,,VELVETFRUIT_EXTRACT,XIRECS,5252.0,7,2,5249.5,5247,5252,5246.0,5252.0,-0.5764705882352941,0.0,-0.15517241379310345,1,at_or_above_ask_touch,5249.5,5232.5,5250.5,5222.0,5250.5,5222.0,5267.5,5238.5,-11.0,5241.5,-8.0,5244.5,-5.0,False,True,False,True,False,True,False,True,False,True,False,True,False,False,False,False,False,False,30.0,-1.5
448900,,,VELVETFRUIT_EXTRACT,XIRECS,5247.0,9,2,5246.0,5245,5247,5245.0,5251.0,0.7534246575342466,-0.06569343065693431,0.0,1,at_or_above_ask_touch,5246.0,5232.5,5250.5,5222.0,5250.5,5222.0,5267.5,5239.5,-6.5,5240.5,-5.5,5243.5,-2.5,False,False,False,False,False,False,False,False,False,False,False,False,False,False,False,False,False,False,25.0,3.5
453000,,,VELVETFRUIT_EXTRACT,XIRECS,5240.0,3,2,5237.5,5235,5240,5234.0,5241.0,0.0,0.0,0.0,1,at_or_above_ask_touch,5237.5,5233.0,5250.5,5222.0,5250.5,5222.0,5267.5,5241.5,4.0,5237.5,0.0,5241.5,4.0,False,False,False,False,False,False,False,False,False,False,False,False,False,False,False,False,False,False,18.0,10.5
453800,,,VELVETFRUIT_EXTRACT,XIRECS,5237.0,7,2,5239.5,5237,5242,5236.0,5242.0,-0.4523809523809524,0.0,-0.23232323232323232,-1,at_or_below_bid_touch,5239.5,5233.0,5250.5,5222.0,5250.5,5222.0,5267.5,5240.5,1.0,5238.5,-1.0,5237.5,-2.0,False,False,False,False,False,False,False,False,False,False,False,False,False,False,False,False,False,False,15.0,13.5
457600,,,VELVETFRUIT_EXTRACT,XIRECS,5242.0,3,2,5239.5,5237,5242,5237.0,5243.0,0.5294117647058824,0.0,0.18181818181818182,1,at_or_above_ask_touch,5239.5,5233.0,5250.5,5222.0,5250.5,5222.0,5267.5,5237.5,-2.0,5233.0,-6.5,5237.5,-2.0,False,False,False,False,False,False,False,False,False,False,False,False,False,False,False,False,False,False,20.0,8.5
460100,,,VELVETFRUIT_EXTRACT,XIRECS,5235.0,4,2,5237.5,5235,5240,5234.0,5241.0,0.0,0.0,0.0,-1,at_or_below_bid_touch,5237.5,5233.0,5250.5,5222.0,5250.5,5222.0,5266.5,5239.5,2.0,5236.5,-1.0,5235.5,-2.0,False,False,False,False,True,False,False,False,False,False,False,False,False,False,False,False,False,False,13.0,15.5
463600,,,VELVETFRUIT_EXTRACT,XIRECS,5238.0,11,2,5237.5,5237,5238,5236.0,5242.0,0.2413793103448276,-0.102803738317757,-0.23076923076923078,1,at_or_above_ask_touch,5237.5,5234.5,5250.5,5222.5,5250.5,5222.0,5261.5,5236.5,-1.0,5234.5,-3.0,5241.5,4.0,False,False,False,False,False,False,False,False,False,False,False,False,False,False,False,False,False,False,15.5,12.5
464700,,,VELVETFRUIT_EXTRACT,XIRECS,5238.0,5,2,5237.0,5236,5238,5236.0,5242.0,0.8387096774193549,-0.04201680672268908,0.16326530612244897,1,at_or_above_ask_touch,5237.0,5234.5,5250.5,5226.0,5250.5,5222.0,5261.5,5237.0,0.0,5236.5,-0.5,5246.0,9.0,False,False,False,False,False,False,False,False,False,False,False,False,False,False,False,False,False,False,12.0,12.5
466000,,,VELVETFRUIT_EXTRACT,XIRECS,5234.0,3,2,5236.5,5234,5239,5234.0,5240.0,0.48314606741573035,0.0,0.21100917431192662,-1,at_or_below_bid_touch,5236.5,5234.5,5250.5,5228.5,5250.5,5222.0,5261.5,5235.0,-1.5,5245.5,9.0,5246.5,10.0,True,False,True,False,True,False,False,False,False,False,False,False,False,False,False,False,False,False,5.5,16.5
466400,,,VELVETFRUIT_EXTRACT,XIRECS,5233.0,14,2,5232.5,5232,5233,5231.0,5237.0,0.125,-0.11864406779661017,-0.20930232558139536,1,at_or_above_ask_touch,5232.5,5232.5,5250.5,5228.5,5250.5,5222.0,5261.5,5235.0,2.5,5244.5,12.0,5249.5,17.0,False,False,True,False,True,False,False,False,False,False,False,False,False,False,False,False,False,False,4.5,17.5
468600,,,VELVETFRUIT_EXTRACT,XIRECS,5239.0,4,2,5236.5,5234,5239,5233.0,5239.0,-0.43529411764705883,0.0,-0.24489795918367346,1,at_or_above_ask_touch,5236.5,5232.5,5250.5,5228.5,5250.5,5222.0,5258.0,5234.5,-2.0,5246.5,10.0,5246.0,9.5,False,False,False,False,False,False,False,False,False,False,False,False,False,False,False,False,False,False,10.5,11.5
472900,,,VELVETFRUIT_EXTRACT,XIRECS,5238.0,6,2,5235.5,5233,5238,5232.0,5239.0,0.0,0.0,0.0,1,at_or_above_ask_touch,5235.5,5232.5,5241.5,5229.5,5250.5,5222.0,5255.0,5247.5,12.0,5249.0,13.5,5248.0,12.5,False,False,False,False,False,False,False,False,False,False,False,False,False,False,False,False,False,False,8.5,12.5
473000,,,VELVETFRUIT_EXTRACT,XIRECS,5238.0,4,2,5235.5,5233,5238,5232.0,5238.0,-0.43661971830985913,0.0,-0.24390243902439024,1,at_or_above_ask_touch,5235.5,5232.5,5241.5,5229.5,5250.5,5222.0,5255.0,5247.5,12.0,5248.5,13.0,5249.5,14.0,False,False,False,False,False,False,False,False,False,False,False,False,False,False,False,False,False,False,8.5,12.5
473800,,,VELVETFRUIT_EXTRACT,XIRECS,5239.0,3,2,5236.5,5234,5239,5233.0,5240.0,0.0,0.0,0.0,1,at_or_above_ask_touch,5236.5,5232.5,5241.5,5231.0,5250.5,5222.0,5255.0,5245.5,9.0,5244.5,8.0,5249.5,13.0,False,False,False,False,False,False,False,False,False,False,False,False,False,False,False,False,False,False,8.0,11.5
474000,,,VELVETFRUIT_EXTRACT,XIRECS,5238.0,5,2,5235.0,5232,5238,5232.0,5238.0,0.0,0.0,0.0,1,at_or_above_ask_touch,5235.0,5232.5,5241.5,5231.0,5250.5,5222.0,5255.0,5243.5,8.5,5244.5,9.5,5248.5,13.5,False,False,False,False,False,False,False,False,False,False,False,False,False,False,False,False,False,False,7.0,12.5
477300,,,VELVETFRUIT_EXTRACT,XIRECS,5244.0,8,2,5246.5,5244,5249,5244.0,5250.0,0.43820224719101125,0.0,0.24271844660194175,-1,at_or_below_bid_touch,5246.5,5232.5,5247.5,5232.5,5250.5,5222.0,5253.5,5251.5,5.0,5236.5,-10.0,5245.5,-1.0,False,False,False,False,False,False,False,False,False,False,False,False,False,False,False,False,False,False,11.5,6.5
480500,,,VELVETFRUIT_EXTRACT,XIRECS,5240.0,3,2,5242.5,5240,5245,5239.0,5245.0,-0.46153846153846156,0.0,-0.22580645161290322,-1,at_or_below_bid_touch,5242.5,5232.5,5247.5,5232.5,5250.5,5222.0,5253.5,5242.5,0.0,5241.0,-1.5,5247.5,5.0,False,False,False,False,False,False,False,False,False,False,False,False,False,False,False,False,False,False,7.5,10.5
483400,,,VELVETFRUIT_EXTRACT,XIRECS,5249.0,3,2,5246.0,5243,5249,5243.0,5249.0,0.0,0.0,0.0,1,at_or_above_ask_touch,5246.0,5232.5,5251.5,5232.5,5251.5,5222.0,5253.5,5235.5,-10.5,5241.5,-4.5,5242.5,-3.5,False,False,False,False,False,False,False,False,False,False,False,False,False,False,False,False,False,False,16.5,2.5
486000,,,VELVETFRUIT_EXTRACT,XIRECS,5237.0,5,2,5239.5,5237,5242,5237.0,5243.0,0.45454545454545453,0.0,0.23076923076923078,-1,at_or_below_bid_touch,5239.5,5232.5,5251.5,5232.5,5251.5,5222.0,5251.5,5242.5,3.0,5243.0,3.5,5240.5,1.0,False,False,False,False,False,False,False,False,False,False,False,False,False,False,False,False,False,False,4.5,14.5
486200,,,VELVETFRUIT_EXTRACT,XIRECS,5242.0,8,2,5239.0,5236,5242,5236.0,5242.0,0.0,0.0,0.0,1,at_or_above_ask_touch,5239.0,5232.5,5251.5,5232.5,5251.5,5222.0,5251.5,5241.5,2.5,5245.5,6.5,5241.5,2.5,False,False,False,False,False,False,False,False,False,False,False,False,False,False,False,False,False,False,9.5,9.5
486700,,,VELVETFRUIT_EXTRACT,XIRECS,5236.0,8,2,5238.5,5236,5241,5235.0,5241.0,-0.4772727272727273,0.0,-0.21495327102803738,-1,at_or_below_bid_touch,5238.5,5232.5,5251.5,5232.5,5251.5,5222.0,5251.5,5243.5,5.0,5245.0,6.5,5243.5,5.0,False,False,False,False,False,False,False,False,False,False,False,False,False,False,False,False,False,False,3.5,15.5
492000,,,VELVETFRUIT_EXTRACT,XIRECS,5241.0,5,2,5243.5,5241,5246,5240.0,5247.0,0.0,0.0,0.0,-1,at_or_below_bid_touch,5243.5,5234.5,5251.5,5232.5,5251.5,5222.0,5251.5,5245.5,2.0,5244.0,0.5,5241.5,-2.0,False,False,False,False,False,False,False,False,False,False,False,False,False,False,False,False,False,False,8.5,10.5
493000,,,VELVETFRUIT_EXTRACT,XIRECS,5240.0,12,2,5239.5,5239,5240,5238.0,5245.0,0.3333333333333333,-0.08108108108108109,0.0,1,at_or_above_ask_touch,5239.5,5234.5,5251.5,5232.5,5251.5,5222.0,5251.5,5243.5,4.0,5241.5,2.0,5238.5,-1.0,False,False,False,False,False,False,False,False,False,False,False,False,False,False,False,False,False,False,7.5,11.5
493500,,,VELVETFRUIT_EXTRACT,XIRECS,5239.0,6,2,5242.0,5239,5245,5239.0,5245.0,0.0,0.0,0.0,-1,at_or_below_bid_touch,5242.0,5234.5,5251.5,5232.5,5251.5,5222.0,5251.5,5244.5,2.5,5237.5,-4.5,5240.5,-1.5,False,False,False,False,False,False,False,False,False,False,False,False,False,False,False,False,False,False,6.5,12.5
494300,,,VELVETFRUIT_EXTRACT,XIRECS,5244.0,6,2,5241.0,5238,5244,5238.0,5244.0,0.0,0.0,0.0,1,at_or_above_ask_touch,5241.0,5234.5,5251.5,5232.5,5251.5,5222.0,5251.5,5245.5,4.5,5237.5,-3.5,5240.0,-1.0,False,False,False,False,False,False,False,False,False,False,False,False,False,False,False,False,False,False,11.5,7.5
495100,,,VELVETFRUIT_EXTRACT,XIRECS,5247.0,8,2,5245.5,5244,5247,5241.0,5247.0,-0.6153846153846154,0.10638297872340426,-0.21153846153846154,1,at_or_above_ask_touch,5245.5,5234.5,5251.5,5232.5,5251.5,5222.0,5251.5,5245.5,0.0,5233.0,-12.5,5240.5,-5.0,False,False,False,False,False,False,False,False,False,False,False,False,False,False,False,False,False,False,14.5,4.5
498100,,,VELVETFRUIT_EXTRACT,XIRECS,5242.0,8,2,5243.0,5242,5244,5242.0,5248.0,0.7586206896551724,-0.06422018348623854,0.0,-1,at_or_below_bid_touch,5243.0,5234.5,5251.5,5232.5,5251.5,5222.0,5251.5,5241.5,-1.5,5239.5,-3.5,5238.5,-4.5,False,False,False,False,False,False,False,False,False,False,False,False,False,False,False,False,False,False,9.5,9.5
500000,,,VELVETFRUIT_EXTRACT,XIRECS,5248.0,3,2,5245.5,5243,5248,5242.0,5249.0,0.0,0.0,0.0,1,at_or_above_ask_touch,5245.5,5234.5,5251.5,5232.5,5251.5,5222.0,5251.5,5235.5,-10.0,5235.5,-10.0,5234.5,-11.0,False,False,False,False,False,False,False,False,False,False,False,False,False,False,False,False,False,False,15.5,3.5
501300,,,VELVETFRUIT_EXTRACT,XIRECS,5247.0,7,2,5244.0,5241,5247,5241.0,5247.0,0.0,0.0,0.0,1,at_or_above_ask_touch,5244.0,5234.5,5251.5,5232.5,5251.5,5222.0,5251.5,5235.0,-9.0,5235.5,-8.5,5239.5,-4.5,False,False,False,False,False,False,False,False,False,False,False,False,False,False,False,False,False,False,14.5,4.5
505100,,,VELVETFRUIT_EXTRACT,XIRECS,5232.0,7,2,5233.0,5232,5234,5232.0,5238.0,0.7391304347826086,-0.06976744186046512,0.15384615384615385,-1,at_or_below_bid_touch,5233.0,5233.0,5248.5,5232.5,5251.5,5222.0,5251.5,5235.5,2.5,5244.0,11.0,5243.5,10.5,True,False,True,False,True,False,True,False,True,False,True,False,False,False,False,False,False,False,-0.5,19.5
513600,,,VELVETFRUIT_EXTRACT,XIRECS,5244.0,5,2,5241.5,5239,5244,5239.0,5245.0,0.5161290322580645,0.0,0.189873417721519,1,at_or_above_ask_touch,5241.5,5233.0,5248.5,5232.5,5251.5,5222.5,5251.5,5246.0,4.5,5249.5,8.0,5236.5,-5.0,False,False,False,False,False,False,False,False,False,False,False,False,False,False,False,False,False,False,11.5,7.5
519800,,,VELVETFRUIT_EXTRACT,XIRECS,5243.0,5,2,5245.5,5243,5248,5243.0,5249.0,0.49333333333333335,0.0,0.20430107526881722,-1,at_or_below_bid_touch,5245.5,5233.0,5251.0,5233.0,5251.5,5228.5,5251.5,5248.5,3.0,5246.5,1.0,5228.0,-17.5,False,False,False,False,False,False,False,False,False,False,False,False,False,False,False,False,False,False,10.0,8.5
521700,,,VELVETFRUIT_EXTRACT,XIRECS,5244.0,8,2,5243.0,5242,5244,5242.0,5248.0,0.7419354838709677,-0.06896551724137931,0.0,1,at_or_above_ask_touch,5243.0,5233.0,5251.0,5233.0,5251.5,5229.5,5251.5,5249.0,6.0,5248.5,5.5,5230.5,-12.5,False,False,False,False,False,False,False,False,False,False,False,False,False,False,False,False,False,False,11.0,7.5
527200,,,VELVETFRUIT_EXTRACT,XIRECS,5244.0,7,2,5246.5,5244,5249,5243.0,5249.0,-0.39759036144578314,0.0,-0.27472527472527475,-1,at_or_below_bid_touch,5246.5,5233.0,5251.0,5233.0,5251.5,5232.5,5251.5,5245.5,-1.0,5245.5,-1.0,5224.5,-22.0,False,False,False,False,False,False,False,False,False,False,False,False,False,False,False,False,False,False,11.0,7.5
527300,,,VELVETFRUIT_EXTRACT,XIRECS,5248.0,5,2,5245.5,5243,5248,5242.0,5249.0,0.0,0.0,0.0,1,at_or_above_ask_touch,5245.5,5233.0,5251.0,5233.0,5251.5,5232.5,5251.5,5244.5,-1.0,5246.5,1.0,5222.0,-23.5,False,False,False,False,False,False,False,False,False,False,False,False,False,False,False,False,False,False,15.0,3.5
529800,,,VELVETFRUIT_EXTRACT,XIRECS,5249.0,3,2,5246.5,5244,5249,5244.0,5250.0,0.5365853658536586,0.0,0.17757009345794392,1,at_or_above_ask_touch,5246.5,5233.0,5251.0,5233.0,5251.5,5232.5,5251.5,5240.5,-6.0,5240.5,-6.0,5222.5,-24.0,False,False,False,False,False,True,False,False,False,False,False,False,False,False,False,False,False,False,16.0,2.5
530600,,,VELVETFRUIT_EXTRACT,XIRECS,5246.0,5,2,5245.0,5244,5246,5244.0,5250.0,0.8529411764705882,-0.03816793893129771,0.17757009345794392,1,at_or_above_ask_touch,5245.0,5233.0,5251.0,5233.0,5251.5,5232.5,5251.5,5241.5,-3.5,5242.5,-2.5,5223.5,-21.5,False,False,False,False,False,False,False,False,False,False,False,False,False,False,False,False,False,False,13.0,5.5
533300,,,VELVETFRUIT_EXTRACT,XIRECS,5243.0,3,2,5241.5,5240,5243,5240.0,5246.0,0.7647058823529411,-0.0625,0.0,1,at_or_above_ask_touch,5241.5,5241.5,5251.0,5233.0,5251.0,5232.5,5251.5,5242.5,1.0,5238.5,-3.0,5219.5,-22.0,False,False,False,False,True,False,False,False,False,False,False,False,False,False,False,False,False,False,10.0,8.0
538700,,,VELVETFRUIT_EXTRACT,XIRECS,5247.0,5,2,5244.5,5242,5247,5241.0,5248.0,0.0,0.0,0.0,1,at_or_above_ask_touch,5244.5,5239.5,5250.5,5233.0,5251.0,5232.5,5251.5,5241.5,-3.0,5238.5,-6.0,5214.5,-30.0,False,False,False,False,False,False,False,False,False,False,False,False,False,False,False,False,False,False,14.0,4.0
541400,,,VELVETFRUIT_EXTRACT,XIRECS,5243.0,8,2,5240.5,5238,5243,5238.0,5244.0,0.4430379746835443,0.0,0.2391304347826087,1,at_or_above_ask_touch,5240.5,5239.5,5250.5,5233.0,5251.0,5232.5,5251.5,5238.5,-2.0,5241.5,1.0,5216.5,-24.0,False,False,False,False,False,False,False,False,False,False,False,False,False,False,False,False,False,False,10.0,8.0
544700,,,VELVETFRUIT_EXTRACT,XIRECS,5243.0,8,2,5240.5,5238,5243,5237.0,5243.0,-0.5,0.0,-0.2,1,at_or_above_ask_touch,5240.5,5238.5,5250.5,5233.0,5251.0,5232.5,5251.5,5234.5,-6.0,5242.5,2.0,5219.5,-21.0,False,False,False,False,False,False,False,False,False,False,False,False,False,False,False,False,False,False,10.0,8.0
545400,,,VELVETFRUIT_EXTRACT,XIRECS,5240.0,7,2,5237.5,5235,5240,5235.0,5241.0,0.5774647887323944,0.0,0.15463917525773196,1,at_or_above_ask_touch,5237.5,5237.5,5250.5,5233.0,5251.0,5232.5,5251.5,5234.0,-3.5,5240.0,2.5,5224.0,-13.5,False,False,False,False,False,False,False,False,False,False,False,False,False,False,False,False,False,False,7.0,11.0
545900,,,VELVETFRUIT_EXTRACT,XIRECS,5238.0,5,2,5235.5,5233,5238,5233.0,5239.0,0.4878048780487805,0.0,0.2079207920792079,1,at_or_above_ask_touch,5235.5,5235.5,5250.5,5233.0,5251.0,5232.5,5251.5,5239.5,4.0,5240.5,5.0,5224.5,-11.0,False,False,False,False,False,False,False,False,False,False,False,False,False,False,False,False,False,False,5.0,13.0
547100,,,VELVETFRUIT_EXTRACT,XIRECS,5237.0,13,2,5236.5,5236,5237,5235.0,5241.0,0.21212121212121213,-0.09774436090225563,-0.2,1,at_or_above_ask_touch,5236.5,5235.5,5248.5,5233.0,5251.0,5232.5,5251.5,5239.0,2.5,5241.5,5.0,5230.5,-6.0,False,False,False,False,True,False,False,False,False,False,False,False,False,False,False,False,False,False,4.0,14.0
548000,,,VELVETFRUIT_EXTRACT,XIRECS,5235.0,5,2,5238.0,5235,5241,5235.0,5241.0,0.0,0.0,0.0,-1,at_or_below_bid_touch,5238.0,5235.5,5248.5,5233.0,5251.0,5232.5,5251.5,5234.5,-3.5,5238.5,0.5,5234.5,-3.5,True,False,True,False,True,False,False,False,False,False,True,False,False,False,False,False,False,False,2.0,16.0
548900,,,VELVETFRUIT_EXTRACT,XIRECS,5240.0,7,2,5237.0,5234,5240,5234.0,5240.0,0.0,0.0,0.0,1,at_or_above_ask_touch,5237.0,5235.5,5248.5,5233.0,5251.0,5232.5,5251.5,5239.5,2.5,5238.5,1.5,5239.5,2.5,False,False,False,False,False,False,False,False,False,False,False,False,False,False,False,False,False,False,7.0,11.0
551500,,,VELVETFRUIT_EXTRACT,XIRECS,5238.0,6,2,5241.0,5238,5244,5238.0,5244.0,0.0,0.0,0.0,-1,at_or_below_bid_touch,5241.0,5232.0,5248.5,5232.0,5251.0,5232.0,5251.5,5242.5,1.5,5237.5,-3.5,5247.0,6.0,False,False,False,False,False,False,False,False,False,False,False,False,False,False,False,False,False,False,6.0,13.0
554600,,,VELVETFRUIT_EXTRACT,XIRECS,5240.0,7,2,5242.5,5240,5245,5239.0,5245.0,-0.4358974358974359,0.0,-0.24444444444444444,-1,at_or_below_bid_touch,5242.5,5232.0,5246.5,5232.0,5251.0,5232.0,5251.5,5239.5,-3.0,5237.0,-5.5,5242.5,0.0,False,False,False,False,False,False,False,False,False,False,False,False,False,False,False,False,False,False,8.0,11.0
555000,,,VELVETFRUIT_EXTRACT,XIRECS,5246.0,3,2,5243.0,5240,5246,5240.0,5246.0,0.0,0.0,0.0,1,at_or_above_ask_touch,5243.0,5232.0,5246.5,5232.0,5251.0,5232.0,5251.5,5239.5,-3.5,5234.5,-8.5,5241.5,-1.5,False,False,False,True,False,True,False,False,False,False,False,False,False,False,False,False,False,False,14.0,5.0
555700,,,VELVETFRUIT_EXTRACT,XIRECS,5239.0,7,2,5241.5,5239,5244,5238.0,5245.0,0.0,0.0,0.0,-1,at_or_below_bid_touch,5241.5,5232.0,5246.5,5232.0,5251.0,5232.0,5251.5,5236.5,-5.0,5236.5,-5.0,5243.5,2.0,False,False,False,False,False,False,False,False,False,False,False,False,False,False,False,False,False,False,7.0,12.0
556700,,,VELVETFRUIT_EXTRACT,XIRECS,5238.0,8,2,5240.5,5238,5243,5237.0,5244.0,0.0,0.0,0.0,-1,at_or_below_bid_touch,5240.5,5232.0,5246.5,5232.0,5251.0,5232.0,5251.5,5237.0,-3.5,5231.0,-9.5,5248.5,8.0,False,False,False,False,False,False,False,False,False,False,False,False,False,False,False,False,False,False,6.0,13.0
558800,,,VELVETFRUIT_EXTRACT,XIRECS,5241.0,8,2,5238.5,5236,5241,5236.0,5242.0,0.5217391304347826,0.0,0.1864406779661017,1,at_or_above_ask_touch,5238.5,5232.0,5243.5,5232.0,5251.0,5232.0,5251.5,5236.0,-2.5,5229.0,-9.5,5252.5,14.0,False,False,False,False,False,False,False,False,False,False,False,False,False,False,False,False,False,False,9.0,10.0
558900,,,VELVETFRUIT_EXTRACT,XIRECS,5241.0,7,2,5238.5,5236,5241,5236.0,5242.0,0.4318181818181818,0.0,0.24752475247524752,1,at_or_above_ask_touch,5238.5,5232.0,5243.5,5232.0,5251.0,5232.0,5251.5,5236.5,-2.0,5227.5,-11.0,5252.5,14.0,False,False,False,False,False,False,False,False,False,False,False,False,False,False,False,False,False,False,9.0,10.0
561100,,,VELVETFRUIT_EXTRACT,XIRECS,5234.0,6,2,5236.5,5234,5239,5233.0,5240.0,0.0,0.0,0.0,-1,at_or_below_bid_touch,5236.5,5232.0,5243.5,5232.0,5251.0,5232.0,5251.5,5235.5,-1.0,5226.0,-10.5,5246.5,10.0,False,False,False,False,True,False,False,False,False,False,True,False,False,False,False,False,True,False,2.0,17.0
561300,,,VELVETFRUIT_EXTRACT,XIRECS,5234.0,3,2,5236.5,5234,5239,5233.0,5239.0,-0.45714285714285713,0.0,-0.2289156626506024,-1,at_or_below_bid_touch,5236.5,5232.0,5243.5,5232.0,5251.0,5232.0,5251.5,5232.5,-4.0,5229.0,-7.5,5243.0,6.5,False,False,False,False,True,False,False,False,False,False,True,False,False,False,False,False,True,False,2.0,17.0
564900,,,VELVETFRUIT_EXTRACT,XIRECS,5233.0,6,2,5235.5,5233,5238,5232.0,5238.0,-0.6097560975609756,0.0,-0.13793103448275862,-1,at_or_below_bid_touch,5235.5,5232.0,5243.5,5232.0,5251.0,5232.0,5251.5,5228.5,-7.0,5234.5,-1.0,5241.5,6.0,False,False,True,False,True,False,False,False,True,False,True,False,False,False,True,False,True,False,1.0,18.0
566100,,,VELVETFRUIT_EXTRACT,XIRECS,5233.0,3,2,5235.5,5233,5238,5232.0,5239.0,0.0,0.0,0.0,-1,at_or_below_bid_touch,5235.5,5232.0,5243.5,5232.0,5251.0,5232.0,5251.5,5226.0,-9.5,5229.5,-6.0,5234.5,-1.0,False,False,True,False,True,False,False,False,True,False,True,False,False,False,True,False,True,False,1.0,18.0
566300,,,VELVETFRUIT_EXTRACT,XIRECS,5235.0,5,2,5232.5,5230,5235,5229.0,5235.0,-0.53125,0.0,-0.18072289156626506,1,at_or_above_ask_touch,5232.5,5232.0,5243.5,5232.0,5251.0,5232.0,5251.5,5229.0,-3.5,5227.5,-5.0,5234.5,2.0,False,False,False,False,False,False,False,False,False,False,False,False,False,False,False,False,False,False,3.0,16.0
569800,,,VELVETFRUIT_EXTRACT,XIRECS,5225.0,5,2,5228.0,5225,5231,5225.0,5231.0,0.0,0.0,0.0,-1,at_or_below_bid_touch,5228.0,5225.5,5243.5,5225.5,5250.5,5225.5,5251.5,5233.5,5.5,5222.5,-5.5,5239.0,11.0,True,False,True,False,True,False,True,False,True,False,True,False,True,False,True,False,True,False,-0.5,25.5
573500,,,VELVETFRUIT_EXTRACT,XIRECS,5232.0,5,2,5234.5,5232,5237,5232.0,5238.0,0.5,0.0,0.2,-1,at_or_below_bid_touch,5234.5,5225.5,5243.5,5225.5,5250.5,5225.5,5251.5,5222.5,-12.0,5217.5,-17.0,5237.5,3.0,False,False,False,False,False,False,False,False,False,False,False,False,False,False,False,False,False,False,6.5,18.5
573700,,,VELVETFRUIT_EXTRACT,XIRECS,5237.0,3,2,5234.5,5232,5237,5231.0,5237.0,-0.5662650602409639,0.0,-0.16071428571428573,1,at_or_above_ask_touch,5234.5,5225.5,5243.5,5225.5,5250.5,5225.5,5251.5,5220.5,-14.0,5217.5,-17.0,5236.5,2.0,False,False,False,False,False,False,False,False,False,False,False,False,False,False,False,False,False,False,11.5,13.5
576500,,,VELVETFRUIT_EXTRACT,XIRECS,5225.0,7,2,5227.5,5225,5230,5224.0,5231.0,0.0,0.0,0.0,-1,at_or_below_bid_touch,5227.5,5225.5,5241.5,5225.5,5250.5,5225.5,5251.5,5224.5,-3.0,5214.5,-13.0,5244.5,17.0,True,False,True,False,True,False,True,False,True,False,True,False,True,False,True,False,True,False,-0.5,25.5
577700,,,VELVETFRUIT_EXTRACT,XIRECS,5223.0,8,2,5225.5,5223,5228,5222.0,5228.0,-0.5555555555555556,0.0,-0.16666666666666666,-1,at_or_below_bid_touch,5225.5,5222.0,5240.5,5222.0,5248.5,5222.0,5251.5,5224.5,-1.0,5213.0,-12.5,5244.5,19.0,False,False,True,False,True,False,False,False,True,False,True,False,False,False,True,False,True,False,1.0,25.5
578300,,,VELVETFRUIT_EXTRACT,XIRECS,5223.0,8,2,5225.5,5223,5228,5222.0,5229.0,0.0,0.0,0.0,-1,at_or_below_bid_touch,5225.5,5222.0,5240.5,5222.0,5248.5,5222.0,5251.5,5219.5,-6.0,5215.5,-10.0,5246.5,21.0,False,False,True,False,True,False,False,False,True,False,True,False,False,False,True,False,True,False,1.0,25.5
587200,,,VELVETFRUIT_EXTRACT,XIRECS,5214.0,6,2,5211.5,5209,5214,5209.0,5215.0,0.5223880597014925,0.0,0.18604651162790697,1,at_or_above_ask_touch,5211.5,5211.5,5237.5,5211.5,5246.5,5211.5,5251.0,5220.5,9.0,5231.5,20.0,5246.0,34.5,False,False,False,False,False,False,False,False,False,False,False,False,False,False,False,False,False,False,2.5,32.5
588400,,,VELVETFRUIT_EXTRACT,XIRECS,5217.0,5,2,5214.5,5212,5217,5212.0,5218.0,0.5238095238095238,0.0,0.18518518518518517,1,at_or_above_ask_touch,5214.5,5211.5,5237.5,5211.5,5244.5,5211.5,5251.0,5220.0,5.5,5235.5,21.0,5246.5,32.0,False,False,False,False,False,False,False,False,False,False,False,False,False,False,False,False,False,False,5.5,27.5
589400,,,VELVETFRUIT_EXTRACT,XIRECS,5212.0,3,2,5215.0,5212,5218,5212.0,5218.0,0.0,0.0,0.0,-1,at_or_below_bid_touch,5215.0,5211.5,5237.5,5211.5,5243.5,5211.5,5251.0,5217.5,2.5,5241.5,26.5,5247.0,32.0,False,False,True,False,True,False,False,False,True,False,True,False,False,False,True,False,True,False,0.5,31.5
592000,,,VELVETFRUIT_EXTRACT,XIRECS,5223.0,6,2,5220.5,5218,5223,5217.0,5223.0,-0.494949494949495,0.0,-0.2032520325203252,1,at_or_above_ask_touch,5220.5,5211.5,5237.5,5211.5,5243.5,5211.5,5251.0,5230.5,10.0,5247.0,26.5,5245.5,25.0,False,False,False,False,False,False,False,False,False,False,False,False,False,False,False,False,False,False,11.5,20.5
604500,,,VELVETFRUIT_EXTRACT,XIRECS,5245.0,7,2,5242.5,5240,5245,5240.0,5246.0,0.5802469135802469,0.0,0.15315315315315314,1,at_or_above_ask_touch,5242.5,5211.5,5248.5,5211.5,5248.5,5211.5,5251.0,5252.0,9.5,5243.5,1.0,5252.5,10.0,False,False,False,False,False,False,False,False,False,False,False,False,False,False,False,False,False,False,33.5,3.5
608800,,,VELVETFRUIT_EXTRACT,XIRECS,5255.0,3,2,5252.5,5250,5255,5249.0,5255.0,-0.550561797752809,0.0,-0.1694915254237288,1,at_or_above_ask_touch,5252.5,5212.5,5252.5,5211.5,5252.5,5211.5,5252.5,5245.5,-7.0,5237.5,-15.0,5250.5,-2.0,False,True,False,True,False,True,False,True,False,True,False,True,False,True,False,True,False,True,43.5,-2.5
611300,,,VELVETFRUIT_EXTRACT,XIRECS,5244.0,6,2,5243.0,5242,5244,5242.0,5248.0,0.8153846153846154,-0.04838709677419355,0.14563106796116504,1,at_or_above_ask_touch,5243.0,5214.5,5252.5,5211.5,5252.5,5211.5,5252.5,5234.5,-8.5,5229.0,-14.0,5251.0,8.0,False,False,False,False,False,False,False,False,False,False,False,False,False,False,False,False,False,False,32.5,8.5
612300,,,VELVETFRUIT_EXTRACT,XIRECS,5241.0,8,2,5243.5,5241,5246,5240.0,5247.0,0.0,0.0,0.0,-1,at_or_below_bid_touch,5243.5,5217.5,5252.5,5211.5,5252.5,5211.5,5252.5,5234.0,-9.5,5231.5,-12.0,5251.5,8.0,False,False,False,False,False,False,False,False,False,False,False,False,False,False,False,False,False,False,29.5,11.5
614100,,,VELVETFRUIT_EXTRACT,XIRECS,5244.0,10,2,5243.0,5242,5244,5242.0,5248.0,0.7222222222222222,-0.07462686567164178,0.18095238095238095,1,at_or_above_ask_touch,5243.0,5217.5,5252.5,5211.5,5252.5,5211.5,5252.5,5239.5,-3.5,5235.0,-8.0,5252.0,9.0,False,False,False,False,False,False,False,False,False,False,False,False,False,False,False,False,False,False,32.5,8.5
616700,,,VELVETFRUIT_EXTRACT,XIRECS,5237.0,4,2,5234.5,5232,5237,5232.0,5238.0,0.5555555555555556,0.0,0.16666666666666666,1,at_or_above_ask_touch,5234.5,5229.5,5252.5,5211.5,5252.5,5211.5,5252.5,5227.5,-7.0,5243.5,9.0,5254.5,20.0,False,False,False,False,False,False,False,False,False,False,False,False,False,False,False,False,False,False,25.5,15.5
617200,,,VELVETFRUIT_EXTRACT,XIRECS,5237.0,6,2,5234.5,5232,5237,5231.0,5237.0,-0.5268817204301075,0.0,-0.18333333333333332,1,at_or_above_ask_touch,5234.5,5232.5,5252.5,5211.5,5252.5,5211.5,5252.5,5232.0,-2.5,5243.0,8.5,5256.5,22.0,False,False,False,False,False,False,False,False,False,False,False,False,False,False,False,False,False,False,25.5,15.5
620800,,,VELVETFRUIT_EXTRACT,XIRECS,5234.0,4,2,5231.5,5229,5234,5228.0,5235.0,0.0,0.0,0.0,1,at_or_above_ask_touch,5231.5,5231.5,5252.5,5211.5,5252.5,5211.5,5252.5,5243.5,12.0,5241.5,10.0,5266.5,35.0,False,False,False,False,False,False,False,False,False,False,False,False,False,False,False,False,False,False,22.5,18.5
626300,,,VELVETFRUIT_EXTRACT,XIRECS,5248.0,5,2,5245.5,5243,5248,5243.0,5249.0,0.5068493150684932,0.0,0.1956521739130435,1,at_or_above_ask_touch,5245.5,5226.5,5252.5,5211.5,5252.5,5211.5,5252.5,5246.5,1.0,5245.5,0.0,5270.5,25.0,False,False,False,False,False,False,False,False,False,False,False,False,False,False,False,False,False,False,36.5,4.5
627400,,,VELVETFRUIT_EXTRACT,XIRECS,5246.0,7,2,5243.5,5241,5246,5240.0,5247.0,0.0,0.0,0.0,1,at_or_above_ask_touch,5243.5,5226.5,5252.5,5211.5,5252.5,5211.5,5252.5,5246.5,3.0,5246.5,3.0,5265.0,21.5,False,False,False,False,False,False,False,False,False,False,False,False,False,False,False,False,False,False,34.5,6.5
629200,,,VELVETFRUIT_EXTRACT,XIRECS,5243.0,5,2,5246.0,5243,5249,5243.0,5249.0,0.0,0.0,0.0,-1,at_or_below_bid_touch,5246.0,5226.5,5252.5,5211.5,5252.5,5211.5,5252.5,5242.0,-4.0,5248.5,2.5,5273.5,27.5,False,False,False,False,False,False,False,False,False,False,False,False,False,False,False,False,False,False,31.5,9.5
634400,,,VELVETFRUIT_EXTRACT,XIRECS,5245.0,5,2,5242.0,5239,5245,5239.0,5245.0,0.0,0.0,0.0,1,at_or_above_ask_touch,5242.0,5226.5,5248.5,5211.5,5252.5,5211.5,5252.5,5247.0,5.0,5244.5,2.5,5277.5,35.5,False,False,False,False,False,False,False,False,False,False,False,False,False,False,False,False,False,False,33.5,7.5
641500,,,VELVETFRUIT_EXTRACT,XIRECS,5248.0,5,2,5245.5,5243,5248,5243.0,5249.0,0.4897959183673469,0.0,0.2066115702479339,1,at_or_above_ask_touch,5245.5,5226.5,5249.5,5214.5,5252.5,5211.5,5252.5,5248.0,2.5,5246.5,1.0,5271.5,26.0,False,False,False,False,False,True,False,False,False,False,False,False,False,False,False,False,False,False,33.5,4.5
643000,,,VELVETFRUIT_EXTRACT,XIRECS,5239.0,6,2,5241.5,5239,5244,5238.0,5244.0,-0.4626865671641791,0.0,-0.225,-1,at_or_below_bid_touch,5241.5,5235.0,5249.5,5217.5,5252.5,5211.5,5252.5,5245.5,4.0,5246.5,5.0,5273.5,32.0,False,False,False,False,False,False,False,False,False,False,False,False,False,False,False,False,False,False,21.5,13.5
650200,,,VELVETFRUIT_EXTRACT,XIRECS,5246.0,6,2,5243.5,5241,5246,5240.0,5246.0,-0.5714285714285714,0.0,-0.15789473684210525,1,at_or_above_ask_touch,5243.5,5241.5,5249.5,5226.5,5252.5,5211.5,5252.5,5252.5,9.0,5257.5,14.0,5268.5,25.0,False,False,False,False,False,False,False,False,False,False,False,False,False,False,False,False,False,False,19.5,6.5
650600,,,VELVETFRUIT_EXTRACT,XIRECS,5244.0,8,2,5243.0,5242,5244,5242.0,5248.0,0.7575757575757576,-0.06451612903225806,0.1485148514851485,1,at_or_above_ask_touch,5243.0,5241.5,5249.5,5226.5,5252.5,5211.5,5252.5,5252.0,9.0,5257.5,14.5,5265.5,22.5,False,False,False,False,False,False,False,False,False,False,False,False,False,False,False,False,False,False,17.5,8.5
651300,,,VELVETFRUIT_EXTRACT,XIRECS,5247.0,8,2,5244.5,5242,5247,5241.0,5247.0,-0.42857142857142855,0.0,-0.25,1,at_or_above_ask_touch,5244.5,5239.5,5249.5,5226.5,5252.5,5211.5,5252.5,5253.0,8.5,5251.0,6.5,5265.5,21.0,False,False,False,False,False,False,False,False,False,False,False,False,False,False,False,False,False,False,20.5,5.5
653800,,,VELVETFRUIT_EXTRACT,XIRECS,5252.0,5,2,5249.5,5247,5252,5246.0,5253.0,0.0,0.0,0.0,1,at_or_above_ask_touch,5249.5,5239.5,5250.0,5226.5,5252.5,5211.5,5252.5,5250.5,1.0,5251.5,2.0,5261.5,12.0,False,True,False,True,False,True,False,False,False,True,False,True,False,False,False,True,False,True,25.5,0.5
656600,,,VELVETFRUIT_EXTRACT,XIRECS,5253.0,8,2,5252.0,5251,5253,5251.0,5257.0,0.7090909090909091,-0.0784313725490196,0.20512820512820512,1,at_or_above_ask_touch,5252.0,5239.5,5253.5,5226.5,5253.5,5211.5,5253.5,5250.0,-2.0,5254.5,2.5,5264.5,12.5,False,False,False,True,False,True,False,False,False,True,False,True,False,False,False,True,False,True,26.5,0.5
658300,,,VELVETFRUIT_EXTRACT,XIRECS,5249.0,3,2,5251.5,5249,5254,5248.0,5254.0,-0.6049382716049383,0.0,-0.14035087719298245,-1,at_or_below_bid_touch,5251.5,5239.5,5254.5,5226.5,5254.5,5211.5,5254.5,5251.5,0.0,5260.5,9.0,5263.5,12.0,False,False,False,False,False,False,False,False,False,False,False,False,False,False,False,False,False,False,22.5,5.5
659800,,,VELVETFRUIT_EXTRACT,XIRECS,5256.0,6,2,5257.0,5256,5258,5256.0,5262.0,0.7777777777777778,-0.058823529411764705,0.28735632183908044,-1,at_or_below_bid_touch,5257.0,5239.5,5257.5,5226.5,5257.5,5211.5,5257.5,5255.5,-1.5,5263.5,6.5,5259.5,2.5,False,False,False,False,False,True,False,False,False,False,False,True,False,False,False,False,False,True,29.5,1.5
662600,,,VELVETFRUIT_EXTRACT,XIRECS,5251.0,6,2,5248.0,5245,5251,5245.0,5251.0,0.0,0.0,0.0,1,at_or_above_ask_touch,5248.0,5239.5,5258.0,5226.5,5258.0,5211.5,5258.0,5257.5,9.5,5268.5,20.5,5255.5,7.5,False,False,False,False,False,False,False,False,False,False,False,False,False,False,False,False,False,False,24.5,7.0
667800,,,VELVETFRUIT_EXTRACT,XIRECS,5262.0,5,2,5259.5,5257,5262,5256.0,5262.0,-0.5733333333333334,0.0,-0.1568627450980392,1,at_or_above_ask_touch,5259.5,5239.5,5259.5,5226.5,5259.5,5211.5,5259.5,5270.0,10.5,5267.0,7.5,5244.5,-15.0,False,True,False,True,False,True,False,True,False,True,False,True,False,True,False,True,False,True,35.5,-2.5
672600,,,VELVETFRUIT_EXTRACT,XIRECS,5271.0,3,2,5268.5,5266,5271,5265.0,5272.0,0.0,0.0,0.0,1,at_or_above_ask_touch,5268.5,5245.5,5269.0,5234.5,5269.0,5211.5,5269.0,5264.5,-4.0,5278.5,10.0,5239.5,-29.0,False,True,False,True,False,True,False,True,False,True,False,True,False,True,False,True,False,True,36.5,-2.0
672800,,,VELVETFRUIT_EXTRACT,XIRECS,5271.0,10,2,5270.0,5269,5271,5269.0,5275.0,0.7333333333333333,-0.07142857142857142,0.0,1,at_or_above_ask_touch,5270.0,5245.5,5270.5,5235.0,5270.5,5211.5,5270.5,5267.0,-3.0,5280.5,10.5,5239.0,-31.0,False,True,False,True,False,True,False,True,False,True,False,True,False,True,False,True,False,True,36.0,-0.5
673000,,,VELVETFRUIT_EXTRACT,XIRECS,5270.0,5,2,5273.0,5270,5276,5270.0,5276.0,0.0,0.0,0.0,-1,at_or_below_bid_touch,5273.0,5247.0,5273.0,5235.0,5273.0,5211.5,5273.0,5268.5,-4.5,5280.5,7.5,5239.5,-33.5,False,False,False,False,False,False,False,False,False,False,False,False,False,False,False,False,False,False,35.0,3.0
673600,,,VELVETFRUIT_EXTRACT,XIRECS,5275.0,6,2,5272.5,5270,5275,5269.0,5275.0,-0.4857142857142857,0.0,-0.20930232558139536,1,at_or_above_ask_touch,5272.5,5247.5,5274.5,5235.0,5274.5,5211.5,5274.5,5271.5,-1.0,5280.5,8.0,5236.5,-36.0,False,True,False,True,False,True,False,True,False,True,False,True,False,True,False,True,False,True,40.0,-0.5
675600,,,VELVETFRUIT_EXTRACT,XIRECS,5272.0,7,2,5269.5,5267,5272,5267.0,5273.0,0.5952380952380952,0.0,0.1452991452991453,1,at_or_above_ask_touch,5269.5,5247.5,5274.5,5239.5,5274.5,5211.5,5274.5,5274.5,5.0,5276.5,7.0,5235.5,-34.0,False,False,False,False,False,False,False,False,False,False,False,False,False,False,False,False,False,False,32.5,2.5
679000,,,VELVETFRUIT_EXTRACT,XIRECS,5273.0,5,2,5272.0,5271,5273,5271.0,5277.0,0.8611111111111112,-0.03597122302158273,0.1452991452991453,1,at_or_above_ask_touch,5272.0,5247.5,5274.5,5239.5,5274.5,5211.5,5274.5,5281.5,9.5,5275.5,3.5,5230.5,-41.5,False,False,False,False,False,True,False,False,False,False,False,True,False,False,False,False,False,True,33.5,1.5
682800,,,VELVETFRUIT_EXTRACT,XIRECS,5283.0,6,2,5280.5,5278,5283,5278.0,5284.0,0.4482758620689655,0.0,0.23529411764705882,1,at_or_above_ask_touch,5280.5,5247.5,5281.0,5239.5,5281.0,5211.5,5281.0,5271.5,-9.0,5271.5,-9.0,5231.5,-49.0,False,True,False,True,False,True,False,True,False,True,False,True,False,True,False,True,False,True,43.5,-2.0
683900,,,VELVETFRUIT_EXTRACT,XIRECS,5283.0,3,2,5280.5,5278,5283,5277.0,5283.0,-0.45454545454545453,0.0,-0.23076923076923078,1,at_or_above_ask_touch,5280.5,5251.5,5281.5,5239.5,5281.5,5211.5,5281.5,5274.5,-6.0,5268.5,-12.0,5229.5,-51.0,False,True,False,True,False,True,False,True,False,True,False,True,False,True,False,True,False,True,43.5,-1.5
684500,,,VELVETFRUIT_EXTRACT,XIRECS,5273.0,7,2,5275.5,5273,5278,5273.0,5279.0,0.4567901234567901,0.0,0.22916666666666666,-1,at_or_below_bid_touch,5275.5,5253.5,5281.5,5239.5,5281.5,5211.5,5281.5,5273.5,-2.0,5268.0,-7.5,5232.0,-43.5,False,False,False,False,False,False,False,False,False,False,False,False,False,False,False,False,False,False,33.5,8.5
686400,,,VELVETFRUIT_EXTRACT,XIRECS,5274.0,8,2,5276.5,5274,5279,5274.0,5280.0,0.5189873417721519,0.0,0.18811881188118812,-1,at_or_below_bid_touch,5276.5,5254.5,5281.5,5239.5,5281.5,5211.5,5281.5,5273.5,-3.0,5269.5,-7.0,5225.5,-51.0,False,False,False,False,False,False,False,False,False,False,False,False,False,False,False,False,False,False,34.5,7.5
687700,,,VELVETFRUIT_EXTRACT,XIRECS,5269.0,7,2,5270.0,5269,5271,5269.0,5275.0,0.8591549295774648,-0.0364963503649635,0.168141592920354,-1,at_or_below_bid_touch,5270.0,5259.5,5281.5,5239.5,5281.5,5212.5,5281.5,5270.5,0.5,5273.5,3.5,5222.5,-47.5,False,False,False,False,False,False,False,False,False,False,False,False,False,False,False,False,False,False,29.5,12.5
687700,,,VELVETFRUIT_EXTRACT,XIRECS,5271.0,5,2,5270.0,5269,5271,5269.0,5275.0,0.8591549295774648,-0.0364963503649635,0.168141592920354,1,at_or_above_ask_touch,5270.0,5259.5,5281.5,5239.5,5281.5,5212.5,5281.5,5270.5,0.5,5273.5,3.5,5222.5,-47.5,False,False,False,False,False,False,False,False,False,False,False,False,False,False,False,False,False,False,31.5,10.5
688500,,,VELVETFRUIT_EXTRACT,XIRECS,5272.0,3,2,5274.5,5272,5277,5272.0,5278.0,0.46511627906976744,0.0,0.22330097087378642,-1,at_or_below_bid_touch,5274.5,5260.0,5281.5,5239.5,5281.5,5212.5,5281.5,5271.5,-3.0,5272.5,-2.0,5219.0,-55.5,False,False,False,False,False,False,False,False,False,False,False,False,False,False,False,False,False,False,32.5,9.5
690600,,,VELVETFRUIT_EXTRACT,XIRECS,5275.0,5,2,5272.5,5270,5275,5269.0,5276.0,0.0,0.0,0.0,1,at_or_above_ask_touch,5272.5,5264.0,5281.5,5239.5,5281.5,5213.5,5281.5,5269.5,-3.0,5265.5,-7.0,5212.5,-60.0,False,False,False,False,False,False,False,False,False,False,False,False,False,False,False,False,False,False,35.5,6.5
691200,,,VELVETFRUIT_EXTRACT,XIRECS,5271.0,7,2,5273.5,5271,5276,5270.0,5276.0,-0.4482758620689655,0.0,-0.23529411764705882,-1,at_or_below_bid_touch,5273.5,5264.0,5281.5,5239.5,5281.5,5214.5,5281.5,5267.0,-6.5,5267.5,-6.0,5213.5,-60.0,False,False,False,False,False,False,False,False,False,False,False,False,False,False,False,False,False,False,31.5,10.5
692100,,,VELVETFRUIT_EXTRACT,XIRECS,5272.0,8,2,5269.5,5267,5272,5266.0,5273.0,0.0,0.0,0.0,1,at_or_above_ask_touch,5269.5,5264.5,5281.5,5239.5,5281.5,5217.5,5281.5,5272.5,3.0,5262.5,-7.0,5214.5,-55.0,False,False,False,False,False,False,False,False,False,False,False,False,False,False,False,False,False,False,32.5,9.5
692500,,,VELVETFRUIT_EXTRACT,XIRECS,5268.0,6,2,5270.5,5268,5273,5268.0,5274.0,0.5128205128205128,0.0,0.1919191919191919,-1,at_or_below_bid_touch,5270.5,5264.5,5281.5,5239.5,5281.5,5217.5,5281.5,5273.5,3.0,5263.5,-7.0,5213.5,-57.0,False,False,False,False,False,False,False,False,False,False,False,False,False,False,False,False,False,False,28.5,13.5
693900,,,VELVETFRUIT_EXTRACT,XIRECS,5271.0,3,2,5268.5,5266,5271,5266.0,5272.0,0.42528735632183906,0.0,0.25252525252525254,1,at_or_above_ask_touch,5268.5,5264.5,5281.5,5239.5,5281.5,5217.5,5281.5,5271.0,2.5,5262.5,-6.0,5212.0,-56.5,False,False,False,False,False,False,False,False,False,False,False,False,False,False,False,False,False,False,31.5,10.5
694400,,,VELVETFRUIT_EXTRACT,XIRECS,5271.0,3,2,5268.5,5266,5271,5266.0,5272.0,0.5342465753424658,0.0,0.17894736842105263,1,at_or_above_ask_touch,5268.5,5264.5,5281.5,5239.5,5281.5,5217.5,5281.5,5272.5,4.0,5262.5,-6.0,5208.5,-60.0,False,False,False,False,False,False,False,False,False,False,False,False,False,False,False,False,False,False,31.5,10.5
700500,,,VELVETFRUIT_EXTRACT,XIRECS,5264.0,10,2,5263.0,5262,5264,5262.0,5268.0,0.7142857142857143,-0.07692307692307693,0.0,1,at_or_above_ask_touch,5263.0,5263.0,5281.5,5239.5,5281.5,5226.5,5281.5,5262.5,-0.5,5257.5,-5.5,5215.5,-47.5,False,False,True,False,True,False,False,False,False,False,False,False,False,False,False,False,False,False,24.5,17.5
701000,,,VELVETFRUIT_EXTRACT,XIRECS,5263.0,4,2,5265.5,5263,5268,5262.0,5268.0,-0.575,0.0,-0.1559633027522936,-1,at_or_below_bid_touch,5265.5,5263.0,5281.5,5239.5,5281.5,5226.5,5281.5,5263.5,-2.0,5259.5,-6.0,5214.0,-51.5,True,False,True,False,True,False,False,False,False,False,False,False,False,False,False,False,False,False,23.5,18.5
702100,,,VELVETFRUIT_EXTRACT,XIRECS,5265.0,5,2,5262.5,5260,5265,5259.0,5266.0,0.0,0.0,0.0,1,at_or_above_ask_touch,5262.5,5259.5,5281.5,5243.0,5281.5,5226.5,5281.5,5261.0,-1.5,5254.5,-8.0,5217.5,-45.0,False,False,False,False,False,False,False,False,False,False,False,False,False,False,False,False,False,False,22.0,16.5
702200,,,VELVETFRUIT_EXTRACT,XIRECS,5260.0,3,2,5262.5,5260,5265,5259.0,5265.0,-0.5789473684210527,0.0,-0.15384615384615385,-1,at_or_below_bid_touch,5262.5,5259.5,5281.5,5244.5,5281.5,5226.5,5281.5,5261.0,-1.5,5254.5,-8.0,5217.5,-45.0,False,False,True,False,True,False,False,False,False,False,False,False,False,False,False,False,False,False,15.5,21.5
704600,,,VELVETFRUIT_EXTRACT,XIRECS,5265.0,8,2,5262.5,5260,5265,5259.0,5265.0,-0.39759036144578314,0.0,-0.27472527472527475,1,at_or_above_ask_touch,5262.5,5259.5,5278.0,5247.5,5281.5,5226.5,5281.5,5260.5,-2.0,5247.0,-15.5,5221.5,-41.0,False,False,False,False,False,False,False,False,False,False,False,False,False,False,False,False,False,False,17.5,16.5
705100,,,VELVETFRUIT_EXTRACT,XIRECS,5267.0,7,2,5264.5,5262,5267,5261.0,5267.0,-0.494949494949495,0.0,-0.2032520325203252,1,at_or_above_ask_touch,5264.5,5259.5,5278.0,5247.5,5281.5,5226.5,5281.5,5257.5,-7.0,5246.0,-18.5,5224.5,-40.0,False,False,False,False,False,False,False,False,False,False,False,False,False,False,False,False,False,False,19.5,14.5
705700,,,VELVETFRUIT_EXTRACT,XIRECS,5261.0,4,2,5263.5,5261,5266,5261.0,5267.0,0.4418604651162791,0.0,0.24,-1,at_or_below_bid_touch,5263.5,5259.5,5276.5,5247.5,5281.5,5226.5,5281.5,5258.5,-5.0,5246.0,-17.5,5222.5,-41.0,False,False,False,False,True,False,False,False,False,False,False,False,False,False,False,False,False,False,13.5,20.5
713000,,,VELVETFRUIT_EXTRACT,XIRECS,5255.0,8,2,5252.5,5250,5255,5249.0,5255.0,-0.5164835164835165,0.0,-0.1896551724137931,1,at_or_above_ask_touch,5252.5,5252.5,5276.5,5248.0,5281.5,5226.5,5281.5,5244.0,-8.5,5239.5,-13.0,5225.5,-27.0,False,False,False,False,False,False,False,False,False,False,False,False,False,False,False,False,False,False,7.0,26.5
715300,,,VELVETFRUIT_EXTRACT,XIRECS,5244.0,8,2,5243.5,5243,5244,5242.0,5249.0,0.36,-0.057971014492753624,0.0,1,at_or_above_ask_touch,5243.5,5243.5,5276.5,5243.5,5281.5,5226.5,5281.5,5240.0,-3.5,5236.5,-7.0,5229.5,-14.0,False,False,True,False,True,False,False,False,True,False,True,False,False,False,False,False,False,False,0.5,37.5
717300,,,VELVETFRUIT_EXTRACT,XIRECS,5244.0,12,2,5243.5,5243,5244,5242.0,5249.0,0.29411764705882354,-0.09090909090909091,0.0,1,at_or_above_ask_touch,5243.5,5243.5,5276.5,5243.5,5281.5,5226.5,5281.5,5239.5,-4.0,5232.0,-11.5,5228.5,-15.0,False,False,True,False,True,False,False,False,True,False,True,False,False,False,False,False,False,False,0.5,37.5
720500,,,VELVETFRUIT_EXTRACT,XIRECS,5237.0,11,2,5236.5,5236,5237,5235.0,5242.0,0.21428571428571427,-0.08270676691729323,0.0,1,at_or_above_ask_touch,5236.5,5236.5,5267.5,5236.5,5281.5,5226.5,5281.5,5234.5,-2.0,5223.5,-13.0,5236.5,0.0,False,False,True,False,True,False,False,False,True,False,True,False,False,False,False,False,False,False,0.5,44.5
721200,,,VELVETFRUIT_EXTRACT,XIRECS,5239.0,3,2,5240.5,5239,5242,5236.0,5242.0,-0.6666666666666666,0.09090909090909091,-0.16666666666666666,-1,at_or_below_bid_touch,5240.5,5236.5,5265.5,5236.5,5281.5,5226.5,5281.5,5232.5,-8.0,5230.5,-10.0,5232.5,-8.0,False,False,False,False,False,False,False,False,False,False,False,False,False,False,False,False,False,False,2.5,42.5
722300,,,VELVETFRUIT_EXTRACT,XIRECS,5242.0,4,2,5239.5,5237,5242,5236.0,5242.0,-0.46835443037974683,0.0,-0.22105263157894736,1,at_or_above_ask_touch,5239.5,5236.5,5265.5,5236.5,5281.5,5231.5,5281.5,5232.0,-7.5,5233.0,-6.5,5231.5,-8.0,False,False,False,False,False,False,False,False,False,False,False,False,False,False,False,False,False,False,5.5,39.5
726100,,,VELVETFRUIT_EXTRACT,XIRECS,5231.0,5,2,5233.5,5231,5236,5230.0,5236.0,-0.5454545454545454,0.0,-0.1724137931034483,-1,at_or_below_bid_touch,5233.5,5233.0,5265.0,5233.0,5281.5,5233.0,5281.5,5229.0,-4.5,5229.0,-4.5,5243.5,10.0,True,False,True,False,True,False,True,False,True,False,True,False,True,False,True,False,True,False,-2.0,50.5
730300,,,VELVETFRUIT_EXTRACT,XIRECS,5223.0,5,2,5225.5,5223,5228,5222.0,5228.0,-0.5324675324675324,0.0,-0.18,-1,at_or_below_bid_touch,5225.5,5224.5,5259.5,5224.5,5281.5,5224.5,5281.5,5229.5,4.0,5215.0,-10.5,5240.0,14.5,True,False,True,False,True,False,True,False,True,False,True,False,True,False,True,False,True,False,-1.5,58.5
735100,,,VELVETFRUIT_EXTRACT,XIRECS,5227.0,3,2,5229.5,5227,5232,5226.0,5232.0,-0.5675675675675675,0.0,-0.16,-1,at_or_below_bid_touch,5229.5,5223.5,5250.5,5223.5,5278.0,5223.5,5281.5,5213.5,-16.0,5211.5,-18.0,5242.5,13.0,False,False,False,False,False,False,False,False,False,False,False,False,False,False,False,False,False,False,3.5,51.0
737500,,,VELVETFRUIT_EXTRACT,XIRECS,5226.0,3,2,5223.5,5221,5226,5221.0,5227.0,0.42528735632183906,0.0,0.25252525252525254,1,at_or_above_ask_touch,5223.5,5223.5,5245.5,5223.5,5276.5,5223.5,5281.5,5213.5,-10.0,5212.5,-11.0,5247.5,24.0,False,False,False,False,False,False,False,False,False,False,False,False,False,False,False,False,False,False,2.5,50.5
737600,,,VELVETFRUIT_EXTRACT,XIRECS,5221.0,5,2,5224.0,5221,5227,5221.0,5227.0,0.0,0.0,0.0,-1,at_or_below_bid_touch,5224.0,5223.5,5245.5,5223.5,5276.5,5223.5,5281.5,5214.5,-9.5,5213.5,-10.5,5246.5,22.5,True,False,True,False,True,False,True,False,True,False,True,False,True,False,True,False,True,False,-2.5,55.5
738000,,,VELVETFRUIT_EXTRACT,XIRECS,5220.0,8,2,5222.5,5220,5225,5220.0,5226.0,0.5555555555555556,0.0,0.16666666666666666,-1,at_or_below_bid_touch,5222.5,5222.0,5245.5,5222.0,5276.5,5222.0,5281.5,5213.5,-9.0,5212.5,-10.0,5245.0,22.5,True,False,True,False,True,False,True,False,True,False,True,False,True,False,True,False,True,False,-2.0,56.5
738500,,,VELVETFRUIT_EXTRACT,XIRECS,5216.0,4,2,5219.0,5216,5222,5216.0,5222.0,0.0,0.0,0.0,-1,at_or_below_bid_touch,5219.0,5219.0,5245.5,5219.0,5276.5,5219.0,5281.5,5212.5,-6.5,5214.5,-4.5,5245.5,26.5,True,False,True,False,True,False,True,False,True,False,True,False,True,False,True,False,True,False,-3.0,60.5
738800,,,VELVETFRUIT_EXTRACT,XIRECS,5215.0,3,2,5217.5,5215,5220,5215.0,5221.0,0.625,0.0,0.13043478260869565,-1,at_or_below_bid_touch,5217.5,5217.5,5244.5,5217.5,5276.5,5217.5,5281.5,5212.0,-5.5,5215.5,-2.0,5244.5,27.0,True,False,True,False,True,False,True,False,True,False,True,False,True,False,True,False,True,False,-2.5,61.5
739900,,,VELVETFRUIT_EXTRACT,XIRECS,5217.0,4,2,5214.5,5212,5217,5212.0,5218.0,0.5,0.0,0.2,1,at_or_above_ask_touch,5214.5,5214.5,5242.5,5214.5,5276.5,5214.5,5281.5,5209.0,-5.5,5215.5,1.0,5240.5,26.0,False,False,False,False,False,False,False,False,False,False,False,False,False,False,False,False,False,False,2.5,59.5
740300,,,VELVETFRUIT_EXTRACT,XIRECS,5216.0,7,2,5215.0,5214,5216,5211.0,5217.0,-0.125,0.11666666666666667,0.20454545454545456,1,at_or_above_ask_touch,5215.0,5213.0,5240.5,5213.0,5276.5,5213.0,5281.5,5210.5,-4.5,5217.5,2.5,5242.5,27.5,False,False,False,False,False,False,False,False,False,False,False,False,False,False,False,False,False,False,3.0,60.5
742000,,,VELVETFRUIT_EXTRACT,XIRECS,5213.0,8,2,5215.5,5213,5218,5212.0,5219.0,0.0,0.0,0.0,-1,at_or_below_bid_touch,5215.5,5209.5,5239.5,5209.5,5276.5,5209.5,5281.5,5210.5,-5.0,5216.0,0.5,5243.5,28.0,False,False,False,False,False,False,False,False,False,False,False,False,False,False,False,False,False,False,3.5,63.5
744200,,,VELVETFRUIT_EXTRACT,XIRECS,5208.0,8,2,5207.0,5206,5208,5206.0,5212.0,0.7681159420289855,-0.06153846153846154,0.19607843137254902,1,at_or_above_ask_touch,5207.0,5207.0,5236.5,5207.0,5276.5,5207.0,5281.5,5215.5,8.5,5221.5,14.5,5245.0,38.0,False,False,True,False,True,False,False,False,True,False,True,False,False,False,True,False,True,False,1.0,68.5
751300,,,VELVETFRUIT_EXTRACT,XIRECS,5211.0,5,2,5213.5,5211,5216,5211.0,5217.0,0.46236559139784944,0.0,0.22522522522522523,-1,at_or_below_bid_touch,5213.5,5207.0,5233.5,5207.0,5265.5,5207.0,5281.5,5224.5,11.0,5224.5,11.0,5254.5,41.0,False,False,False,False,False,False,False,False,False,False,False,False,False,False,False,False,False,False,4.0,54.5
756000,,,VELVETFRUIT_EXTRACT,XIRECS,5225.0,7,2,5226.0,5225,5227,5222.0,5228.0,-0.3939393939393939,0.06666666666666667,0.19658119658119658,-1,at_or_below_bid_touch,5226.0,5207.0,5229.0,5207.0,5265.0,5207.0,5281.5,5221.5,-4.5,5225.5,-0.5,5260.5,34.5,False,False,False,False,False,False,False,False,False,False,False,False,False,False,False,False,False,False,18.0,40.0
758100,,,VELVETFRUIT_EXTRACT,XIRECS,5213.0,8,2,5215.5,5213,5218,5212.0,5218.0,-0.5813953488372093,0.0,-0.15254237288135594,-1,at_or_below_bid_touch,5215.5,5207.0,5226.0,5207.0,5263.5,5207.0,5281.5,5225.5,10.0,5231.5,16.0,5263.5,48.0,False,False,False,False,False,False,False,False,False,False,False,False,False,False,False,False,False,False,6.0,50.5
761800,,,VELVETFRUIT_EXTRACT,XIRECS,5224.0,7,2,5226.5,5224,5229,5223.0,5229.0,-0.47368421052631576,0.0,-0.21739130434782608,-1,at_or_below_bid_touch,5226.5,5207.0,5226.5,5207.0,5258.5,5207.0,5281.5,5227.5,1.0,5234.0,7.5,5248.0,21.5,False,False,False,False,False,False,False,False,False,False,False,False,False,False,False,False,False,False,17.0,34.5
762600,,,VELVETFRUIT_EXTRACT,XIRECS,5225.0,6,2,5227.5,5225,5230,5225.0,5231.0,0.55,0.0,0.16981132075471697,-1,at_or_below_bid_touch,5227.5,5207.0,5227.5,5207.0,5253.5,5207.0,5281.5,5231.5,4.0,5233.0,5.5,5248.0,20.5,False,False,False,False,False,False,False,False,False,False,False,False,False,False,False,False,False,False,18.0,28.5
762800,,,VELVETFRUIT_EXTRACT,XIRECS,5231.0,6,2,5228.5,5226,5231,5225.0,5232.0,0.0,0.0,0.0,1,at_or_above_ask_touch,5228.5,5207.0,5228.5,5207.0,5252.5,5207.0,5281.5,5230.5,2.0,5232.5,4.0,5245.5,17.0,False,True,False,True,False,True,False,False,False,False,False,False,False,False,False,False,False,False,24.0,21.5
766000,,,VELVETFRUIT_EXTRACT,XIRECS,5228.0,4,2,5225.5,5223,5228,5222.0,5229.0,0.0,0.0,0.0,1,at_or_above_ask_touch,5225.5,5209.0,5229.5,5207.0,5250.5,5207.0,5281.5,5233.5,8.0,5242.0,16.5,5242.5,17.0,False,False,False,False,False,True,False,False,False,False,False,False,False,False,False,False,False,False,21.0,22.5
771600,,,VELVETFRUIT_EXTRACT,XIRECS,5230.0,12,2,5229.5,5229,5230,5228.0,5234.0,0.22580645161290322,-0.08333333333333333,-0.168141592920354,1,at_or_above_ask_touch,5229.5,5212.5,5238.0,5207.0,5239.5,5207.0,5281.5,5238.5,9.0,5235.5,6.0,5253.5,24.0,False,False,False,False,False,False,False,False,False,False,False,False,False,False,False,False,False,False,23.0,9.5
771800,,,VELVETFRUIT_EXTRACT,XIRECS,5237.0,6,2,5234.0,5231,5237,5231.0,5237.0,0.0,0.0,0.0,1,at_or_above_ask_touch,5234.0,5212.5,5238.0,5207.0,5239.5,5207.0,5281.5,5238.5,4.5,5235.5,1.5,5252.5,18.5,False,False,False,True,False,True,False,False,False,False,False,False,False,False,False,False,False,False,30.0,2.5
773800,,,VELVETFRUIT_EXTRACT,XIRECS,5234.0,8,2,5236.5,5234,5239,5233.0,5240.0,0.0,0.0,0.0,-1,at_or_below_bid_touch,5236.5,5212.5,5238.0,5207.0,5238.0,5207.0,5281.5,5242.0,5.5,5242.5,6.0,5253.0,16.5,False,False,False,False,False,False,False,False,False,False,False,False,False,False,False,False,False,False,27.0,4.0
775500,,,VELVETFRUIT_EXTRACT,XIRECS,5242.0,7,2,5239.5,5237,5242,5237.0,5243.0,0.48148148148148145,0.0,0.21212121212121213,1,at_or_above_ask_touch,5239.5,5212.5,5239.5,5207.0,5239.5,5207.0,5281.5,5238.0,-1.5,5244.5,5.0,5255.5,16.0,False,True,False,True,False,True,False,True,False,True,False,True,False,False,False,False,False,False,35.0,-2.5
777200,,,VELVETFRUIT_EXTRACT,XIRECS,5238.0,10,2,5237.0,5236,5238,5236.0,5242.0,0.6875,-0.0847457627118644,0.2413793103448276,1,at_or_above_ask_touch,5237.0,5212.5,5243.5,5207.0,5243.5,5207.0,5281.5,5235.5,-1.5,5248.5,11.5,5253.5,16.5,False,False,False,False,False,False,False,False,False,False,False,False,False,False,False,False,False,False,31.0,5.5
779700,,,VELVETFRUIT_EXTRACT,XIRECS,5243.0,4,2,5242.0,5241,5243,5240.0,5246.0,0.5833333333333334,-0.03597122302158273,-0.16521739130434782,1,at_or_above_ask_touch,5242.0,5217.5,5246.0,5207.0,5246.0,5207.0,5281.5,5245.5,3.5,5240.5,-1.5,5252.5,10.5,False,False,False,False,False,False,False,False,False,False,False,False,False,False,False,False,False,False,36.0,3.0
781100,,,VELVETFRUIT_EXTRACT,XIRECS,5241.0,7,2,5238.5,5236,5241,5236.0,5242.0,0.4634146341463415,0.0,0.22448979591836735,1,at_or_above_ask_touch,5238.5,5222.5,5246.0,5207.0,5246.0,5207.0,5281.5,5244.5,6.0,5243.5,5.0,5255.5,17.0,False,False,False,False,False,False,False,False,False,False,False,False,False,False,False,False,False,False,34.0,5.0
781500,,,VELVETFRUIT_EXTRACT,XIRECS,5235.0,7,2,5237.5,5235,5240,5235.0,5241.0,0.41025641025641024,0.0,0.26436781609195403,-1,at_or_below_bid_touch,5237.5,5222.5,5246.0,5207.0,5246.0,5207.0,5281.5,5245.5,8.0,5244.5,7.0,5256.5,19.0,False,False,False,False,False,False,False,False,False,False,False,False,False,False,False,False,False,False,28.0,11.0
781900,,,VELVETFRUIT_EXTRACT,XIRECS,5235.0,5,2,5236.5,5235,5238,5232.0,5238.0,-0.7538461538461538,0.06557377049180328,0.0,-1,at_or_below_bid_touch,5236.5,5222.5,5246.0,5207.0,5246.0,5207.0,5281.5,5248.5,12.0,5244.5,8.0,5255.0,18.5,False,False,False,False,False,False,False,False,False,False,False,False,False,False,False,False,False,False,28.0,11.0
783400,,,VELVETFRUIT_EXTRACT,XIRECS,5238.0,6,2,5240.5,5238,5243,5238.0,5244.0,0.47126436781609193,0.0,0.21904761904761905,-1,at_or_below_bid_touch,5240.5,5222.5,5246.0,5207.0,5246.0,5207.0,5281.5,5245.5,5.0,5241.0,0.5,5253.5,13.0,False,False,False,False,False,False,False,False,False,False,False,False,False,False,False,False,False,False,31.0,8.0
787000,,,VELVETFRUIT_EXTRACT,XIRECS,5251.0,6,2,5248.0,5245,5251,5245.0,5251.0,0.0,0.0,0.0,1,at_or_above_ask_touch,5248.0,5227.5,5248.5,5207.0,5248.5,5207.0,5276.5,5243.5,-4.5,5239.0,-9.0,5256.5,8.5,False,True,False,True,False,True,False,True,False,True,False,True,False,False,False,False,False,False,44.0,-2.5
791700,,,VELVETFRUIT_EXTRACT,XIRECS,5243.0,6,2,5245.5,5243,5248,5243.0,5249.0,0.4520547945205479,0.0,0.23255813953488372,-1,at_or_below_bid_touch,5245.5,5231.5,5248.5,5207.0,5248.5,5207.0,5276.5,5239.0,-6.5,5252.5,7.0,5258.5,13.0,False,False,False,False,False,False,False,False,False,False,False,False,False,False,False,False,False,False,36.0,5.5
793900,,,VELVETFRUIT_EXTRACT,XIRECS,5243.0,5,2,5242.0,5241,5243,5241.0,5247.0,0.8245614035087719,-0.045871559633027525,0.25301204819277107,1,at_or_above_ask_touch,5242.0,5232.5,5248.5,5207.0,5248.5,5207.0,5276.5,5242.5,0.5,5258.0,16.0,5256.5,14.5,False,False,False,False,False,False,False,False,False,False,False,False,False,False,False,False,False,False,36.0,5.5
796100,,,VELVETFRUIT_EXTRACT,XIRECS,5245.0,5,2,5242.5,5240,5245,5239.0,5245.0,-0.5384615384615384,0.0,-0.17647058823529413,1,at_or_above_ask_touch,5242.5,5234.5,5248.5,5209.0,5248.5,5207.0,5276.5,5254.5,12.0,5261.5,19.0,5261.5,19.0,False,False,False,False,False,False,False,False,False,False,False,False,False,False,False,False,False,False,36.0,3.5
796600,,,VELVETFRUIT_EXTRACT,XIRECS,5244.0,7,2,5241.0,5238,5244,5238.0,5244.0,0.0,0.0,0.0,1,at_or_above_ask_touch,5241.0,5234.5,5248.5,5209.0,5248.5,5207.0,5276.5,5251.5,10.5,5264.0,23.0,5260.5,19.5,False,False,False,False,False,False,False,False,False,False,False,False,False,False,False,False,False,False,35.0,4.5
798800,,,VELVETFRUIT_EXTRACT,XIRECS,5241.0,12,2,5240.5,5240,5241,5239.0,5246.0,0.14285714285714285,-0.08955223880597014,0.0,1,at_or_above_ask_touch,5240.5,5234.5,5248.5,5212.5,5248.5,5207.0,5273.5,5257.5,17.0,5260.0,19.5,5255.5,15.0,False,False,False,False,False,False,False,False,False,False,False,False,False,False,False,False,False,False,28.5,7.5
798900,,,VELVETFRUIT_EXTRACT,XIRECS,5245.0,8,2,5242.5,5240,5245,5239.0,5245.0,-0.4520547945205479,0.0,-0.23255813953488372,1,at_or_above_ask_touch,5242.5,5234.5,5248.5,5212.5,5248.5,5207.0,5273.5,5258.0,15.5,5259.5,17.0,5256.0,13.5,False,False,False,False,False,False,False,False,False,False,False,False,False,False,False,False,False,False,32.5,3.5
802600,,,VELVETFRUIT_EXTRACT,XIRECS,5252.0,7,2,5254.5,5252,5257,5251.0,5257.0,-0.5135135135135135,0.0,-0.19148936170212766,-1,at_or_below_bid_touch,5254.5,5236.0,5254.5,5212.5,5254.5,5207.0,5265.5,5260.5,6.0,5248.0,-6.5,5256.5,2.0,False,False,False,False,False,False,False,False,False,False,False,False,False,False,False,False,False,False,39.5,2.5
803000,,,VELVETFRUIT_EXTRACT,XIRECS,5257.0,3,2,5254.0,5251,5257,5251.0,5257.0,0.0,0.0,0.0,1,at_or_above_ask_touch,5254.0,5236.5,5254.5,5212.5,5254.5,5207.0,5265.5,5263.5,9.5,5243.0,-11.0,5257.5,3.5,False,True,False,True,False,True,False,True,False,True,False,True,False,False,False,False,False,False,44.5,-2.5
805000,,,VELVETFRUIT_EXTRACT,XIRECS,5259.0,3,2,5256.5,5254,5259,5253.0,5260.0,0.0,0.0,0.0,1,at_or_above_ask_touch,5256.5,5236.5,5260.0,5212.5,5260.0,5207.0,5265.0,5254.5,-2.0,5242.5,-14.0,5254.5,-2.0,False,False,False,True,False,True,False,False,False,True,False,True,False,False,False,False,False,False,46.5,1.0
807300,,,VELVETFRUIT_EXTRACT,XIRECS,5263.0,6,2,5260.5,5258,5263,5257.0,5264.0,0.0,0.0,0.0,1,at_or_above_ask_touch,5260.5,5236.5,5265.5,5212.5,5265.5,5207.0,5265.5,5247.5,-13.0,5244.5,-16.0,5258.5,-2.0,False,False,False,False,False,False,False,False,False,False,False,False,False,False,False,False,False,False,50.5,2.5
810000,,,VELVETFRUIT_EXTRACT,XIRECS,5256.0,5,2,5254.5,5253,5256,5250.0,5256.0,-0.7777777777777778,0.058823529411764705,0.0,1,at_or_above_ask_touch,5254.5,5236.5,5265.5,5219.5,5265.5,5207.0,5265.5,5242.5,-12.0,5251.5,-3.0,5256.5,2.0,False,False,False,False,False,False,False,False,False,False,False,False,False,False,False,False,False,False,36.5,9.5
810800,,,VELVETFRUIT_EXTRACT,XIRECS,5250.0,5,2,5251.0,5250,5252,5250.0,5256.0,0.7368421052631579,-0.07042253521126761,0.2336448598130841,-1,at_or_below_bid_touch,5251.0,5236.5,5265.5,5221.5,5265.5,5207.0,5265.5,5243.5,-7.5,5253.0,2.0,5254.5,3.5,False,False,False,False,False,False,False,False,False,False,False,False,False,False,False,False,False,False,28.5,15.5
812300,,,VELVETFRUIT_EXTRACT,XIRECS,5245.0,8,2,5247.5,5245,5250,5244.0,5251.0,0.0,0.0,0.0,-1,at_or_below_bid_touch,5247.5,5236.5,5265.5,5222.5,5265.5,5207.0,5265.5,5244.5,-3.0,5252.5,5.0,5255.5,8.0,False,False,False,False,False,False,False,False,False,False,False,False,False,False,False,False,False,False,22.5,20.5
812600,,,VELVETFRUIT_EXTRACT,XIRECS,5251.0,5,2,5248.0,5245,5251,5245.0,5251.0,0.0,0.0,0.0,1,at_or_above_ask_touch,5248.0,5236.5,5265.5,5222.5,5265.5,5207.0,5265.5,5243.5,-4.5,5252.5,4.5,5255.5,7.5,False,False,False,False,False,False,False,False,False,False,False,False,False,False,False,False,False,False,28.5,14.5
813500,,,VELVETFRUIT_EXTRACT,XIRECS,5240.0,4,2,5242.5,5240,5245,5240.0,5246.0,0.43820224719101125,0.0,0.24271844660194175,-1,at_or_below_bid_touch,5242.5,5236.5,5265.5,5224.5,5265.5,5207.0,5265.5,5245.5,3.0,5251.5,9.0,5252.5,10.0,False,False,False,False,False,False,False,False,False,False,False,False,False,False,False,False,False,False,15.5,25.5
815900,,,VELVETFRUIT_EXTRACT,XIRECS,5246.0,3,2,5243.5,5241,5246,5240.0,5247.0,0.0,0.0,0.0,1,at_or_above_ask_touch,5243.5,5237.0,5265.5,5225.5,5265.5,5207.0,5265.5,5254.5,11.0,5256.5,13.0,5258.5,15.0,False,False,False,False,False,False,False,False,False,False,False,False,False,False,False,False,False,False,20.5,19.5
819500,,,VELVETFRUIT_EXTRACT,XIRECS,5248.0,7,2,5251.0,5248,5254,5248.0,5254.0,0.0,0.0,0.0,-1,at_or_below_bid_touch,5251.0,5241.5,5265.5,5229.5,5265.5,5207.0,5265.5,5254.5,3.5,5252.5,1.5,5248.5,-2.5,False,False,False,False,False,False,False,False,False,False,False,False,False,False,False,False,False,False,18.5,17.5
822500,,,VELVETFRUIT_EXTRACT,XIRECS,5255.0,5,2,5252.5,5250,5255,5249.0,5255.0,-0.5223880597014925,0.0,-0.18604651162790697,1,at_or_above_ask_touch,5252.5,5241.5,5265.5,5232.0,5265.5,5207.0,5265.5,5254.0,1.5,5255.5,3.0,5247.5,-5.0,False,False,False,False,False,False,False,False,False,False,False,False,False,False,False,False,False,False,23.0,10.5
823500,,,VELVETFRUIT_EXTRACT,XIRECS,5254.0,8,2,5251.5,5249,5254,5248.0,5255.0,0.0,0.0,0.0,1,at_or_above_ask_touch,5251.5,5241.5,5265.5,5232.0,5265.5,5207.0,5265.5,5255.5,4.0,5254.5,3.0,5246.0,-5.5,False,False,False,False,False,False,False,False,False,False,False,False,False,False,False,False,False,False,22.0,11.5
825200,,,VELVETFRUIT_EXTRACT,XIRECS,5256.0,4,2,5253.5,5251,5256,5250.0,5257.0,0.0,0.0,0.0,1,at_or_above_ask_touch,5253.5,5241.5,5265.5,5234.5,5265.5,5207.0,5265.5,5251.5,-2.0,5256.5,3.0,5250.5,-3.0,False,False,False,False,False,False,False,False,False,False,False,False,False,False,False,False,False,False,21.5,9.5
825600,,,VELVETFRUIT_EXTRACT,XIRECS,5259.0,6,2,5256.5,5254,5259,5254.0,5260.0,0.4318181818181818,0.0,0.24752475247524752,1,at_or_above_ask_touch,5256.5,5241.5,5265.5,5234.5,5265.5,5207.0,5265.5,5254.5,-2.0,5255.5,-1.0,5248.5,-8.0,False,False,False,False,False,False,False,False,False,False,False,False,False,False,False,False,False,False,24.5,6.5
825700,,,VELVETFRUIT_EXTRACT,XIRECS,5259.0,6,2,5256.5,5254,5259,5253.0,5259.0,-0.5294117647058824,0.0,-0.18181818181818182,1,at_or_above_ask_touch,5256.5,5241.5,5265.5,5234.5,5265.5,5207.0,5265.5,5254.0,-2.5,5255.5,-1.0,5248.5,-8.0,False,False,False,False,False,False,False,False,False,False,False,False,False,False,False,False,False,False,24.5,6.5
827900,,,VELVETFRUIT_EXTRACT,XIRECS,5256.0,3,2,5253.0,5250,5256,5250.0,5256.0,0.0,0.0,0.0,1,at_or_above_ask_touch,5253.0,5241.5,5263.5,5234.5,5265.5,5207.0,5265.5,5256.5,3.5,5256.5,3.5,5246.5,-6.5,False,False,False,False,False,False,False,False,False,False,False,False,False,False,False,False,False,False,21.5,9.5
828400,,,VELVETFRUIT_EXTRACT,XIRECS,5258.0,3,2,5255.0,5252,5258,5252.0,5258.0,0.0,0.0,0.0,1,at_or_above_ask_touch,5255.0,5241.5,5261.5,5234.5,5265.5,5207.0,5265.5,5253.5,-1.5,5257.5,2.5,5250.5,-4.5,False,False,False,False,False,False,False,False,False,False,False,False,False,False,False,False,False,False,23.5,7.5
829800,,,VELVETFRUIT_EXTRACT,XIRECS,5254.0,7,2,5251.5,5249,5254,5249.0,5255.0,0.4117647058823529,0.0,0.2631578947368421,1,at_or_above_ask_touch,5251.5,5241.5,5257.5,5234.5,5265.5,5207.0,5265.5,5257.0,5.5,5254.5,3.0,5252.5,1.0,False,False,False,False,False,False,False,False,False,False,False,False,False,False,False,False,False,False,19.5,11.5
831300,,,VELVETFRUIT_EXTRACT,XIRECS,5257.0,3,2,5254.5,5252,5257,5252.0,5258.0,0.5945945945945946,0.0,0.14563106796116504,1,at_or_above_ask_touch,5254.5,5241.5,5257.5,5234.5,5265.5,5207.0,5265.5,5256.5,2.0,5259.5,5.0,5251.5,-3.0,False,False,False,True,False,True,False,False,False,False,False,False,False,False,False,False,False,False,22.5,8.5
833700,,,VELVETFRUIT_EXTRACT,XIRECS,5258.0,5,2,5255.5,5253,5258,5253.0,5259.0,0.5058823529411764,0.0,0.19626168224299065,1,at_or_above_ask_touch,5255.5,5241.5,5257.5,5236.5,5265.5,5207.0,5265.5,5259.0,3.5,5257.5,2.0,5254.5,-1.0,False,True,False,True,False,True,False,False,False,False,False,False,False,False,False,False,False,False,21.5,7.5
836500,,,VELVETFRUIT_EXTRACT,XIRECS,5256.0,4,2,5258.5,5256,5261,5255.0,5261.0,-0.5208333333333334,0.0,-0.18699186991869918,-1,at_or_below_bid_touch,5258.5,5242.5,5258.5,5236.5,5265.5,5207.0,5265.5,5257.5,-1.0,5259.5,1.0,5262.5,4.0,False,False,False,False,False,False,False,False,False,False,False,False,False,False,False,False,False,False,19.5,9.5
840900,,,VELVETFRUIT_EXTRACT,XIRECS,5255.0,8,2,5255.5,5255,5256,5254.0,5260.0,0.37142857142857144,-0.07006369426751592,-0.19672131147540983,-1,at_or_below_bid_touch,5255.5,5250.5,5259.0,5236.5,5265.5,5207.0,5265.5,5261.5,6.0,5257.5,2.0,5265.5,10.0,False,False,False,False,False,False,False,False,False,False,False,False,False,False,False,False,False,False,18.5,10.5
840900,,,VELVETFRUIT_EXTRACT,XIRECS,5256.0,11,2,5255.5,5255,5256,5254.0,5260.0,0.37142857142857144,-0.07006369426751592,-0.19672131147540983,1,at_or_above_ask_touch,5255.5,5250.5,5259.0,5236.5,5265.5,5207.0,5265.5,5261.5,6.0,5257.5,2.0,5265.5,10.0,False,False,False,False,False,False,False,False,False,False,False,False,False,False,False,False,False,False,19.5,9.5
841800,,,VELVETFRUIT_EXTRACT,XIRECS,5258.0,8,2,5259.5,5258,5261,5256.0,5262.0,-0.8,0.017241379310344827,0.1875,-1,at_or_below_bid_touch,5259.5,5250.5,5259.5,5236.5,5265.5,5207.0,5265.5,5260.5,1.0,5255.5,-4.0,5269.5,10.0,False,False,False,False,False,True,False,False,False,False,False,False,False,False,False,False,False,False,21.5,7.5
844300,,,VELVETFRUIT_EXTRACT,XIRECS,5262.0,7,2,5259.5,5257,5262,5257.0,5263.0,0.47126436781609193,0.0,0.21904761904761905,1,at_or_above_ask_touch,5259.5,5250.5,5259.5,5236.5,5265.5,5208.0,5265.5,5254.0,-5.5,5256.5,-3.0,5276.5,17.0,False,True,False,True,False,True,False,False,False,False,False,False,False,False,False,False,False,False,25.5,3.5
844800,,,VELVETFRUIT_EXTRACT,XIRECS,5260.0,5,2,5262.5,5260,5265,5260.0,5266.0,0.5227272727272727,0.0,0.18584070796460178,-1,at_or_below_bid_touch,5262.5,5250.5,5264.5,5236.5,5265.5,5209.0,5265.5,5254.5,-8.0,5255.5,-7.0,5271.5,9.0,False,False,False,False,False,False,False,False,False,False,False,False,False,False,False,False,False,False,23.5,5.5
845400,,,VELVETFRUIT_EXTRACT,XIRECS,5259.0,7,2,5261.5,5259,5264,5259.0,5265.0,0.40540540540540543,0.0,0.2682926829268293,-1,at_or_below_bid_touch,5261.5,5250.5,5264.5,5237.0,5265.5,5209.0,5265.5,5256.0,-5.5,5256.5,-5.0,5268.5,7.0,False,False,False,False,False,False,False,False,False,False,False,False,False,False,False,False,False,False,22.0,6.5
848300,,,VELVETFRUIT_EXTRACT,XIRECS,5260.0,7,2,5257.5,5255,5260,5254.0,5261.0,0.0,0.0,0.0,1,at_or_above_ask_touch,5257.5,5250.5,5264.5,5240.5,5265.5,5212.5,5265.5,5257.5,0.0,5259.5,2.0,5280.0,22.5,False,False,False,False,False,False,False,False,False,False,False,False,False,False,False,False,False,False,19.5,5.5
848400,,,VELVETFRUIT_EXTRACT,XIRECS,5256.0,11,2,5255.0,5254,5256,5254.0,5260.0,0.7027027027027027,-0.08029197080291971,0.0,1,at_or_above_ask_touch,5255.0,5250.5,5264.5,5240.5,5265.5,5212.5,5265.5,5258.5,3.5,5258.5,3.5,5281.5,26.5,False,False,False,False,False,False,False,False,False,False,False,False,False,False,False,False,False,False,15.5,9.5
860300,,,VELVETFRUIT_EXTRACT,XIRECS,5253.0,3,2,5255.5,5253,5258,5252.0,5258.0,-0.4634146341463415,0.0,-0.22448979591836735,-1,at_or_below_bid_touch,5255.5,5251.5,5264.5,5241.5,5264.5,5219.5,5265.5,5253.5,-2.0,5246.0,-9.5,5277.0,21.5,False,False,False,False,True,False,False,False,False,False,False,False,False,False,False,False,False,False,11.5,11.5
861000,,,VELVETFRUIT_EXTRACT,XIRECS,5252.0,4,2,5254.5,5252,5257,5251.0,5257.0,-0.41333333333333333,0.0,-0.2619047619047619,-1,at_or_below_bid_touch,5254.5,5251.5,5264.5,5241.5,5264.5,5222.5,5265.5,5257.5,3.0,5248.5,-6.0,5275.5,21.0,False,False,True,False,True,False,False,False,False,False,False,False,False,False,False,False,False,False,10.5,12.5
862900,,,VELVETFRUIT_EXTRACT,XIRECS,5253.0,8,2,5252.0,5251,5253,5251.0,5257.0,0.7575757575757576,-0.06451612903225806,0.27472527472527475,1,at_or_above_ask_touch,5252.0,5251.5,5264.5,5241.5,5264.5,5222.5,5265.5,5254.5,2.5,5249.5,-2.5,5283.0,31.0,False,False,False,False,True,False,False,False,False,False,False,False,False,False,False,False,False,False,11.5,11.5
863200,,,VELVETFRUIT_EXTRACT,XIRECS,5252.0,3,2,5251.0,5250,5252,5249.0,5256.0,0.2,-0.07936507936507936,0.0,1,at_or_above_ask_touch,5251.0,5251.0,5264.5,5241.5,5264.5,5222.5,5265.5,5253.5,2.5,5247.5,-3.5,5283.5,32.5,False,False,True,False,True,False,False,False,False,False,False,False,False,False,False,False,False,False,10.5,12.5
864300,,,VELVETFRUIT_EXTRACT,XIRECS,5257.0,4,2,5258.5,5257,5260,5254.0,5261.0,-0.4838709677419355,0.07017543859649122,0.0,-1,at_or_below_bid_touch,5258.5,5251.0,5264.5,5241.5,5264.5,5225.0,5265.5,5247.5,-11.0,5246.5,-12.0,5279.0,20.5,False,False,False,False,False,False,False,False,False,False,False,False,False,False,False,False,False,False,15.5,7.5
872400,,,VELVETFRUIT_EXTRACT,XIRECS,5248.0,15,2,5247.5,5247,5248,5246.0,5253.0,0.16666666666666666,-0.09554140127388536,0.0,1,at_or_above_ask_touch,5247.5,5246.0,5260.5,5246.0,5264.5,5232.0,5265.5,5246.5,-1.0,5251.5,4.0,5286.5,39.0,False,False,False,False,True,False,False,False,False,False,True,False,False,False,False,False,False,False,2.0,16.5
874800,,,VELVETFRUIT_EXTRACT,XIRECS,5247.0,8,2,5249.5,5247,5252,5246.0,5253.0,0.0,0.0,0.0,-1,at_or_below_bid_touch,5249.5,5244.5,5260.5,5244.5,5264.5,5234.5,5265.5,5252.5,3.0,5255.5,6.0,5282.5,33.0,False,False,False,False,False,False,False,False,False,False,False,False,False,False,False,False,False,False,2.5,17.5
878000,,,VELVETFRUIT_EXTRACT,XIRECS,5243.0,4,2,5245.5,5243,5248,5243.0,5249.0,0.45652173913043476,0.0,0.22935779816513763,-1,at_or_below_bid_touch,5245.5,5244.5,5260.0,5244.5,5264.5,5234.5,5265.5,5254.0,8.5,5271.5,26.0,5278.5,33.0,True,False,True,False,True,False,True,False,True,False,True,False,False,False,False,False,False,False,-1.5,21.5
881200,,,VELVETFRUIT_EXTRACT,XIRECS,5253.0,4,2,5250.5,5248,5253,5248.0,5254.0,0.4878048780487805,0.0,0.2079207920792079,1,at_or_above_ask_touch,5250.5,5244.5,5258.5,5244.5,5264.5,5234.5,5265.5,5263.0,12.5,5266.5,16.0,5274.0,23.5,False,False,False,False,False,False,False,False,False,False,False,False,False,False,False,False,False,False,8.5,11.5
883000,,,VELVETFRUIT_EXTRACT,XIRECS,5251.0,4,2,5254.0,5251,5257,5251.0,5257.0,0.0,0.0,0.0,-1,at_or_below_bid_touch,5254.0,5244.5,5258.5,5244.5,5264.5,5236.5,5265.5,5271.5,17.5,5274.5,20.5,5278.0,24.0,False,False,False,False,False,False,False,False,False,False,False,False,False,False,False,False,False,False,6.5,13.5
886000,,,VELVETFRUIT_EXTRACT,XIRECS,5265.0,3,2,5262.5,5260,5265,5260.0,5266.0,0.5529411764705883,0.0,0.168141592920354,1,at_or_above_ask_touch,5262.5,5244.5,5262.5,5244.5,5264.5,5236.5,5265.5,5264.0,1.5,5273.5,11.0,5275.5,13.0,False,True,False,True,False,True,False,True,False,True,False,True,False,False,False,True,False,True,20.5,-0.5
887000,,,VELVETFRUIT_EXTRACT,XIRECS,5268.0,4,2,5265.5,5263,5268,5262.0,5269.0,0.0,0.0,0.0,1,at_or_above_ask_touch,5265.5,5244.5,5265.5,5244.5,5265.5,5236.5,5265.5,5269.5,4.0,5273.5,8.0,5273.5,8.0,False,True,False,True,False,True,False,True,False,True,False,True,False,True,False,True,False,True,23.5,-2.5
887900,,,VELVETFRUIT_EXTRACT,XIRECS,5269.0,15,2,5268.5,5268,5269,5267.0,5273.0,0.09090909090909091,-0.10204081632653061,-0.15789473684210525,1,at_or_above_ask_touch,5268.5,5244.5,5270.5,5244.5,5270.5,5236.5,5270.5,5272.5,4.0,5277.5,9.0,5276.0,7.5,False,False,False,False,False,True,False,False,False,False,False,True,False,False,False,False,False,True,24.5,1.5
889900,,,VELVETFRUIT_EXTRACT,XIRECS,5262.0,3,2,5264.5,5262,5267,5262.0,5268.0,0.4647887323943662,0.0,0.2235294117647059,-1,at_or_below_bid_touch,5264.5,5244.5,5271.5,5244.5,5271.5,5236.5,5271.5,5270.5,6.0,5284.5,20.0,5272.5,8.0,False,False,False,False,False,False,False,False,False,False,False,False,False,False,False,False,False,False,17.5,9.5
891400,,,VELVETFRUIT_EXTRACT,XIRECS,5268.0,4,2,5265.5,5263,5268,5262.0,5269.0,0.0,0.0,0.0,1,at_or_above_ask_touch,5265.5,5244.5,5271.5,5244.5,5271.5,5236.5,5271.5,5272.5,7.0,5283.5,18.0,5273.5,8.0,False,False,False,False,False,False,False,False,False,False,False,False,False,False,False,False,False,False,23.5,3.5
891800,,,VELVETFRUIT_EXTRACT,XIRECS,5272.0,7,2,5269.5,5267,5272,5266.0,5273.0,0.0,0.0,0.0,1,at_or_above_ask_touch,5269.5,5244.5,5271.5,5244.5,5271.5,5236.5,5271.5,5273.0,3.5,5281.5,12.0,5273.5,4.0,False,True,False,True,False,True,False,True,False,True,False,True,False,True,False,True,False,True,27.5,-0.5
892900,,,VELVETFRUIT_EXTRACT,XIRECS,5275.0,5,2,5272.5,5270,5275,5269.0,5276.0,0.0,0.0,0.0,1,at_or_above_ask_touch,5272.5,5244.5,5272.5,5244.5,5272.5,5236.5,5272.5,5277.5,5.0,5284.5,12.0,5271.0,-1.5,False,True,False,True,False,True,False,True,False,True,False,True,False,True,False,True,False,True,30.5,-2.5
898100,,,VELVETFRUIT_EXTRACT,XIRECS,5277.0,8,2,5279.5,5277,5282,5276.0,5282.0,-0.4430379746835443,0.0,-0.2391304347826087,-1,at_or_below_bid_touch,5279.5,5247.5,5279.5,5244.5,5279.5,5239.5,5279.5,5283.5,4.0,5279.5,0.0,5276.5,-3.0,False,False,False,False,False,False,False,False,False,False,False,False,False,False,False,False,False,False,32.5,2.5
900500,,,VELVETFRUIT_EXTRACT,XIRECS,5282.0,3,2,5284.5,5282,5287,5281.0,5287.0,-0.47126436781609193,0.0,-0.21904761904761905,-1,at_or_below_bid_touch,5284.5,5250.5,5287.0,5244.5,5287.0,5241.5,5287.0,5276.5,-8.0,5278.0,-6.5,5273.5,-11.0,False,False,False,False,False,False,False,False,False,False,False,False,False,False,False,False,False,False,37.5,5.0
901000,,,VELVETFRUIT_EXTRACT,XIRECS,5281.0,8,2,5283.5,5281,5286,5280.0,5286.0,-0.5058823529411764,0.0,-0.19626168224299065,-1,at_or_below_bid_touch,5283.5,5250.5,5287.0,5244.5,5287.0,5241.5,5287.0,5279.0,-4.5,5275.5,-8.0,5275.0,-8.5,False,False,False,False,False,False,False,False,False,False,False,False,False,False,False,False,False,False,36.5,6.0
901700,,,VELVETFRUIT_EXTRACT,XIRECS,5284.0,4,2,5281.5,5279,5284,5278.0,5284.0,-0.6052631578947368,0.0,-0.14018691588785046,1,at_or_above_ask_touch,5281.5,5250.5,5287.0,5244.5,5287.0,5241.5,5287.0,5277.5,-4.0,5275.5,-6.0,5277.5,-4.0,False,False,False,False,False,False,False,False,False,False,False,False,False,False,False,False,False,False,39.5,3.0
901800,,,VELVETFRUIT_EXTRACT,XIRECS,5279.0,8,2,5281.5,5279,5284,5279.0,5285.0,0.48148148148148145,0.0,0.21212121212121213,-1,at_or_below_bid_touch,5281.5,5250.5,5287.0,5244.5,5287.0,5241.5,5287.0,5278.0,-3.5,5275.5,-6.0,5277.5,-4.0,False,False,False,False,False,False,False,False,False,False,False,False,False,False,False,False,False,False,34.5,8.0
902700,,,VELVETFRUIT_EXTRACT,XIRECS,5282.0,9,2,5281.5,5281,5282,5280.0,5286.0,0.4,-0.0743801652892562,-0.23076923076923078,1,at_or_above_ask_touch,5281.5,5252.5,5287.0,5244.5,5287.0,5241.5,5287.0,5278.5,-3.0,5280.5,-1.0,5278.5,-3.0,False,False,False,False,False,False,False,False,False,False,False,False,False,False,False,False,False,False,37.5,5.0
904000,,,VELVETFRUIT_EXTRACT,XIRECS,5285.0,5,2,5282.5,5280,5285,5279.0,5286.0,0.0,0.0,0.0,1,at_or_above_ask_touch,5282.5,5254.0,5287.0,5244.5,5287.0,5241.5,5287.0,5279.0,-3.5,5281.5,-1.0,5275.5,-7.0,False,False,False,False,False,True,False,False,False,False,False,True,False,False,False,False,False,True,40.5,2.0
906500,,,VELVETFRUIT_EXTRACT,XIRECS,5280.0,7,2,5277.5,5275,5280,5274.0,5280.0,-0.41333333333333333,0.0,-0.2619047619047619,1,at_or_above_ask_touch,5277.5,5263.5,5287.0,5244.5,5287.0,5241.5,5287.0,5274.0,-3.5,5286.5,9.0,5277.5,0.0,False,False,False,False,False,False,False,False,False,False,False,False,False,False,False,False,False,False,35.5,7.0
912000,,,VELVETFRUIT_EXTRACT,XIRECS,5276.0,9,2,5275.5,5275,5276,5274.0,5280.0,0.3793103448275862,-0.06040268456375839,-0.16666666666666666,1,at_or_above_ask_touch,5275.5,5268.0,5287.0,5244.5,5287.0,5241.5,5287.0,5285.5,10.0,5286.0,10.5,5266.5,-9.0,False,False,False,False,False,False,False,False,False,False,False,False,False,False,False,False,False,False,31.5,11.0
914300,,,VELVETFRUIT_EXTRACT,XIRECS,5280.0,8,2,5279.0,5278,5280,5278.0,5284.0,0.7575757575757576,-0.06451612903225806,0.0,1,at_or_above_ask_touch,5279.0,5268.0,5287.0,5244.5,5287.0,5241.5,5287.0,5284.5,5.5,5285.0,6.0,5266.5,-12.5,False,False,False,False,False,False,False,False,False,False,False,False,False,False,False,False,False,False,35.5,7.0
914600,,,VELVETFRUIT_EXTRACT,XIRECS,5285.0,8,2,5282.5,5280,5285,5279.0,5285.0,-0.5238095238095238,0.0,-0.18518518518518517,1,at_or_above_ask_touch,5282.5,5268.0,5287.0,5244.5,5287.0,5241.5,5287.0,5283.0,0.5,5284.5,2.0,5267.5,-15.0,False,False,False,False,False,True,False,False,False,False,False,True,False,False,False,False,False,True,40.5,2.0
915400,,,VELVETFRUIT_EXTRACT,XIRECS,5281.0,7,2,5283.5,5281,5286,5280.0,5287.0,0.0,0.0,0.0,-1,at_or_below_bid_touch,5283.5,5268.5,5287.0,5244.5,5287.0,5242.5,5287.0,5285.0,1.5,5281.0,-2.5,5267.5,-16.0,False,False,False,False,False,False,False,False,False,False,False,False,False,False,False,False,False,False,36.5,6.0
915700,,,VELVETFRUIT_EXTRACT,XIRECS,5285.0,6,2,5284.0,5283,5285,5283.0,5289.0,0.7894736842105263,-0.05555555555555555,0.0,1,at_or_above_ask_touch,5284.0,5271.5,5287.0,5244.5,5287.0,5242.5,5287.0,5284.5,0.5,5280.5,-3.5,5264.5,-19.5,False,False,False,False,False,True,False,False,False,False,False,True,False,False,False,False,False,True,40.5,2.0
918800,,,VELVETFRUIT_EXTRACT,XIRECS,5286.0,8,2,5283.5,5281,5286,5281.0,5287.0,0.5068493150684932,0.0,0.1956521739130435,1,at_or_above_ask_touch,5283.5,5274.0,5288.5,5244.5,5288.5,5244.5,5288.5,5283.5,0.0,5282.0,-1.5,5264.5,-19.0,False,False,False,False,False,False,False,False,False,False,False,False,False,False,False,False,False,False,41.5,2.5
922100,,,VELVETFRUIT_EXTRACT,XIRECS,5289.0,4,2,5286.5,5284,5289,5283.0,5290.0,0.0,0.0,0.0,1,at_or_above_ask_touch,5286.5,5274.0,5288.5,5244.5,5288.5,5244.5,5288.5,5280.5,-6.0,5277.5,-9.0,5264.5,-22.0,False,True,False,True,False,True,False,True,False,True,False,True,False,True,False,True,False,True,44.5,-0.5
924100,,,VELVETFRUIT_EXTRACT,XIRECS,5285.0,6,2,5287.5,5285,5290,5284.0,5291.0,0.0,0.0,0.0,-1,at_or_below_bid_touch,5287.5,5274.0,5288.5,5244.5,5288.5,5244.5,5288.5,5279.5,-8.0,5278.0,-9.5,5269.5,-18.0,False,False,False,False,False,False,False,False,False,False,False,False,False,False,False,False,False,False,40.5,3.5
927200,,,VELVETFRUIT_EXTRACT,XIRECS,5283.0,3,2,5280.0,5277,5283,5277.0,5283.0,0.0,0.0,0.0,1,at_or_above_ask_touch,5280.0,5274.0,5288.5,5245.5,5288.5,5244.5,5288.5,5278.5,-1.5,5273.5,-6.5,5270.0,-10.0,False,False,False,False,False,False,False,False,False,False,False,False,False,False,False,False,False,False,37.5,5.5
929100,,,VELVETFRUIT_EXTRACT,XIRECS,5277.0,8,2,5279.5,5277,5282,5276.0,5282.0,-0.6,0.0,-0.14285714285714285,-1,at_or_below_bid_touch,5279.5,5274.0,5288.5,5248.0,5288.5,5244.5,5288.5,5278.0,-1.5,5274.5,-5.0,5270.5,-9.0,False,False,False,False,False,False,False,False,False,False,False,False,False,False,False,False,False,False,29.0,11.5
929900,,,VELVETFRUIT_EXTRACT,XIRECS,5279.0,7,2,5276.5,5274,5279,5273.0,5280.0,0.0,0.0,0.0,1,at_or_above_ask_touch,5276.5,5274.0,5288.5,5250.5,5288.5,5244.5,5288.5,5279.5,3.0,5272.5,-4.0,5273.5,-3.0,False,False,False,False,False,False,False,False,False,False,False,False,False,False,False,False,False,False,28.5,9.5
933200,,,VELVETFRUIT_EXTRACT,XIRECS,5275.0,6,2,5278.0,5275,5281,5275.0,5281.0,0.0,0.0,0.0,-1,at_or_below_bid_touch,5278.0,5274.0,5288.5,5252.5,5288.5,5244.5,5288.5,5275.0,-3.0,5271.5,-6.5,5272.5,-5.5,False,False,True,False,True,False,False,False,False,False,False,False,False,False,False,False,False,False,22.5,13.5
934300,,,VELVETFRUIT_EXTRACT,XIRECS,5278.0,8,2,5279.0,5278,5280,5277.0,5284.0,0.5483870967741935,-0.0457516339869281,0.0,-1,at_or_below_bid_touch,5279.0,5274.0,5288.5,5254.0,5288.5,5244.5,5288.5,5274.5,-4.5,5273.5,-5.5,5273.5,-5.5,False,False,False,False,False,False,False,False,False,False,False,False,False,False,False,False,False,False,24.0,10.5
936000,,,VELVETFRUIT_EXTRACT,XIRECS,5273.0,7,2,5275.5,5273,5278,5273.0,5279.0,0.39473684210526316,0.0,0.27710843373493976,-1,at_or_below_bid_touch,5275.5,5274.0,5287.5,5262.5,5288.5,5244.5,5288.5,5273.5,-2.0,5276.5,1.0,5279.5,4.0,True,False,True,False,True,False,False,False,False,False,False,False,False,False,False,False,False,False,10.5,15.5
936600,,,VELVETFRUIT_EXTRACT,XIRECS,5270.0,8,2,5272.5,5270,5275,5269.0,5275.0,-0.5053763440860215,0.0,-0.19658119658119658,-1,at_or_below_bid_touch,5272.5,5272.5,5287.5,5263.5,5288.5,5244.5,5288.5,5274.0,1.5,5277.5,5.0,5280.0,7.5,True,False,True,False,True,False,False,False,False,False,False,False,False,False,False,False,False,False,6.5,18.5
941000,,,VELVETFRUIT_EXTRACT,XIRECS,5274.0,9,2,5273.5,5273,5274,5272.0,5279.0,0.28,-0.06766917293233082,0.0,1,at_or_above_ask_touch,5273.5,5271.0,5287.5,5264.5,5288.5,5244.5,5288.5,5276.5,3.0,5275.0,1.5,5286.5,13.0,False,False,False,False,False,False,False,False,False,False,False,False,False,False,False,False,False,False,9.5,14.5
942700,,,VELVETFRUIT_EXTRACT,XIRECS,5269.0,3,2,5271.5,5269,5274,5269.0,5275.0,0.6103896103896104,0.0,0.13761467889908258,-1,at_or_below_bid_touch,5271.5,5271.0,5287.5,5268.0,5288.5,5244.5,5288.5,5278.5,7.0,5278.5,7.0,5286.5,15.0,True,False,True,False,True,False,False,False,True,False,True,False,False,False,False,False,False,False,1.0,19.5
942800,,,VELVETFRUIT_EXTRACT,XIRECS,5274.0,4,2,5271.5,5269,5274,5268.0,5275.0,0.0,0.0,0.0,1,at_or_above_ask_touch,5271.5,5271.0,5287.5,5268.0,5288.5,5244.5,5288.5,5279.5,8.0,5276.5,5.0,5286.5,15.0,False,False,False,False,False,False,False,False,False,False,False,False,False,False,False,False,False,False,6.0,14.5
945100,,,VELVETFRUIT_EXTRACT,XIRECS,5278.0,8,2,5275.5,5273,5278,5272.0,5278.0,-0.42857142857142855,0.0,-0.25,1,at_or_above_ask_touch,5275.5,5269.0,5282.5,5268.0,5288.5,5244.5,5288.5,5276.0,0.5,5273.0,-2.5,5286.5,11.0,False,False,False,False,False,False,False,False,False,False,False,False,False,False,False,False,False,False,10.0,10.5
945400,,,VELVETFRUIT_EXTRACT,XIRECS,5279.0,3,2,5276.5,5274,5279,5273.0,5280.0,0.0,0.0,0.0,1,at_or_above_ask_touch,5276.5,5269.0,5282.5,5268.5,5288.5,5244.5,5288.5,5273.5,-3.0,5274.5,-2.0,5287.5,11.0,False,False,False,False,False,False,False,False,False,False,False,False,False,False,False,False,False,False,10.5,9.5
947900,,,VELVETFRUIT_EXTRACT,XIRECS,5275.0,5,2,5277.5,5275,5280,5274.0,5281.0,0.0,0.0,0.0,-1,at_or_below_bid_touch,5277.5,5269.0,5282.0,5269.0,5288.5,5244.5,5288.5,5278.5,1.0,5275.5,-2.0,5300.0,22.5,False,False,False,False,False,False,False,False,False,False,False,False,False,False,False,False,False,False,6.0,13.5
948800,,,VELVETFRUIT_EXTRACT,XIRECS,5278.0,7,2,5275.0,5272,5278,5272.0,5278.0,0.0,0.0,0.0,1,at_or_above_ask_touch,5275.0,5269.0,5281.5,5269.0,5288.5,5244.5,5288.5,5275.5,0.5,5272.0,-3.0,5294.5,19.5,False,False,False,False,False,False,False,False,False,False,False,False,False,False,False,False,False,False,9.0,10.5
948900,,,VELVETFRUIT_EXTRACT,XIRECS,5278.0,5,2,5275.0,5272,5278,5272.0,5278.0,0.0,0.0,0.0,1,at_or_above_ask_touch,5275.0,5269.0,5280.5,5269.0,5288.5,5244.5,5288.5,5276.5,1.5,5271.5,-3.5,5295.5,20.5,False,False,False,False,False,False,False,False,False,False,False,False,False,False,False,False,False,False,9.0,10.5
955900,,,VELVETFRUIT_EXTRACT,XIRECS,5273.0,6,2,5275.5,5273,5278,5273.0,5279.0,0.375,0.0,0.29411764705882354,-1,at_or_below_bid_touch,5275.5,5269.0,5279.5,5269.0,5288.5,5244.5,5288.5,5268.5,-7.0,5263.5,-12.0,,,False,False,False,False,False,False,False,False,False,False,False,False,False,False,False,False,False,False,4.0,15.5
956000,,,VELVETFRUIT_EXTRACT,XIRECS,5276.0,7,2,5275.0,5274,5276,5274.0,5280.0,0.7627118644067796,-0.06306306306306306,0.18181818181818182,1,at_or_above_ask_touch,5275.0,5269.0,5279.5,5269.0,5288.5,5244.5,5288.5,5268.5,-6.5,5264.0,-11.0,,,False,False,False,False,False,False,False,False,False,False,False,False,False,False,False,False,False,False,7.0,12.5
957400,,,VELVETFRUIT_EXTRACT,XIRECS,5275.0,5,2,5277.5,5275,5280,5275.0,5281.0,0.6,0.0,0.14285714285714285,-1,at_or_below_bid_touch,5277.5,5269.0,5279.5,5269.0,5288.5,5244.5,5288.5,5264.5,-13.0,5262.5,-15.0,,,False,False,False,False,False,False,False,False,False,False,False,False,False,False,False,False,False,False,6.0,13.5
958700,,,VELVETFRUIT_EXTRACT,XIRECS,5271.0,8,2,5270.0,5269,5271,5269.0,5275.0,0.8,-0.05263157894736842,0.0,1,at_or_above_ask_touch,5270.0,5269.0,5279.5,5269.0,5288.5,5244.5,5288.5,5263.5,-6.5,5263.0,-7.0,,,False,False,False,False,True,False,False,False,False,False,True,False,False,False,False,False,False,False,2.0,17.5
959100,,,VELVETFRUIT_EXTRACT,XIRECS,5274.0,3,2,5271.5,5269,5274,5269.0,5275.0,0.5632183908045977,0.0,0.1623931623931624,1,at_or_above_ask_touch,5271.5,5269.0,5279.5,5269.0,5288.5,5244.5,5288.5,5269.0,-2.5,5264.5,-7.0,,,False,False,False,False,False,False,False,False,False,False,False,False,False,False,False,False,False,False,5.0,14.5
959400,,,VELVETFRUIT_EXTRACT,XIRECS,5271.0,7,2,5270.0,5269,5271,5269.0,5275.0,0.75,-0.06666666666666667,0.0,1,at_or_above_ask_touch,5270.0,5269.0,5279.5,5269.0,5288.5,5244.5,5288.5,5267.5,-2.5,5262.5,-7.5,,,False,False,False,False,True,False,False,False,False,False,True,False,False,False,False,False,False,False,2.0,17.5
960400,,,VELVETFRUIT_EXTRACT,XIRECS,5267.0,4,2,5269.5,5267,5272,5267.0,5273.0,0.5164835164835165,0.0,0.1896551724137931,-1,at_or_below_bid_touch,5269.5,5269.0,5279.5,5269.0,5288.5,5244.5,5288.5,5267.5,-2.0,5261.5,-8.0,,,True,False,True,False,True,False,True,False,True,False,True,False,False,False,False,False,False,False,-2.0,21.5
963700,,,VELVETFRUIT_EXTRACT,XIRECS,5266.0,7,2,5263.5,5261,5266,5261.0,5267.0,0.48314606741573035,0.0,0.21100917431192662,1,at_or_above_ask_touch,5263.5,5261.5,5279.5,5261.5,5288.5,5244.5,5288.5,5263.0,-0.5,5272.0,8.5,,,False,False,False,False,False,False,False,False,False,False,False,False,False,False,False,False,False,False,4.5,22.5
964300,,,VELVETFRUIT_EXTRACT,XIRECS,5264.0,4,2,5266.5,5264,5269,5264.0,5270.0,0.4626865671641791,0.0,0.225,-1,at_or_below_bid_touch,5266.5,5261.5,5279.5,5261.5,5288.5,5244.5,5288.5,5262.5,-4.0,5268.5,2.0,,,False,False,False,False,False,False,False,False,False,False,False,False,False,False,False,False,False,False,2.5,24.5
967900,,,VELVETFRUIT_EXTRACT,XIRECS,5262.0,3,2,5259.5,5257,5262,5257.0,5263.0,0.47692307692307695,0.0,0.21518987341772153,1,at_or_above_ask_touch,5259.5,5259.5,5279.0,5259.5,5287.5,5244.5,5288.5,5269.5,10.0,5267.5,8.0,,,False,False,False,False,False,False,False,False,False,False,False,False,False,False,False,False,False,False,2.5,25.5
968300,,,VELVETFRUIT_EXTRACT,XIRECS,5263.0,8,2,5260.5,5258,5263,5257.0,5264.0,0.0,0.0,0.0,1,at_or_above_ask_touch,5260.5,5259.5,5279.0,5259.5,5287.5,5244.5,5288.5,5268.5,8.0,5268.5,8.0,,,False,False,False,False,False,False,False,False,False,False,False,False,False,False,False,False,False,False,3.5,24.5
970000,,,VELVETFRUIT_EXTRACT,XIRECS,5260.0,8,2,5262.5,5260,5265,5259.0,5266.0,0.0,0.0,0.0,-1,at_or_below_bid_touch,5262.5,5259.5,5279.0,5259.5,5287.5,5244.5,5288.5,5271.5,9.0,5273.0,10.5,,,False,False,True,False,True,False,False,False,True,False,True,False,False,False,False,False,False,False,0.5,27.5
970700,,,VELVETFRUIT_EXTRACT,XIRECS,5265.0,4,2,5262.0,5259,5265,5259.0,5265.0,0.0,0.0,0.0,1,at_or_above_ask_touch,5262.0,5259.5,5279.0,5259.5,5287.5,5244.5,5288.5,5270.0,8.0,5274.5,12.5,,,False,False,False,False,False,False,False,False,False,False,False,False,False,False,False,False,False,False,5.5,22.5
972700,,,VELVETFRUIT_EXTRACT,XIRECS,5271.0,8,2,5268.5,5266,5271,5265.0,5272.0,0.0,0.0,0.0,1,at_or_above_ask_touch,5268.5,5258.5,5279.0,5258.5,5287.5,5244.5,5288.5,5269.5,1.0,5270.5,2.0,,,False,False,False,False,False,False,False,False,False,False,False,False,False,False,False,False,False,False,12.5,16.5
974300,,,VELVETFRUIT_EXTRACT,XIRECS,5266.0,5,2,5268.5,5266,5271,5265.0,5271.0,-0.45714285714285713,0.0,-0.2289156626506024,-1,at_or_below_bid_touch,5268.5,5258.5,5279.0,5258.5,5286.5,5244.5,5288.5,5270.5,2.0,5273.5,5.0,,,False,False,False,False,False,False,False,False,False,False,False,False,False,False,False,False,False,False,7.5,20.5
977200,,,VELVETFRUIT_EXTRACT,XIRECS,5267.0,5,2,5270.0,5267,5273,5267.0,5273.0,0.0,0.0,0.0,-1,at_or_below_bid_touch,5270.0,5258.5,5277.5,5258.5,5282.0,5245.5,5288.5,5273.0,3.0,5283.5,13.5,,,False,False,False,False,False,False,False,False,False,False,False,False,False,False,False,False,False,False,8.5,15.0
978400,,,VELVETFRUIT_EXTRACT,XIRECS,5270.0,8,2,5267.5,5265,5270,5265.0,5271.0,0.5121951219512195,0.0,0.19230769230769232,1,at_or_above_ask_touch,5267.5,5258.5,5273.5,5258.5,5282.0,5247.5,5288.5,5272.5,5.0,5284.5,17.0,,,False,False,False,False,False,False,False,False,False,False,False,False,False,False,False,False,False,False,11.5,12.0
978600,,,VELVETFRUIT_EXTRACT,XIRECS,5272.0,4,2,5269.5,5267,5272,5266.0,5273.0,0.0,0.0,0.0,1,at_or_above_ask_touch,5269.5,5258.5,5273.5,5258.5,5282.0,5247.5,5288.5,5272.5,3.0,5285.5,16.0,,,False,False,False,False,False,True,False,False,False,False,False,False,False,False,False,False,False,False,13.5,10.0
981200,,,VELVETFRUIT_EXTRACT,XIRECS,5271.0,3,2,5273.5,5271,5276,5270.0,5277.0,0.0,0.0,0.0,-1,at_or_below_bid_touch,5273.5,5258.5,5275.5,5258.5,5280.5,5250.5,5288.5,5278.5,5.0,5288.0,14.5,,,False,False,False,False,False,False,False,False,False,False,False,False,False,False,False,False,False,False,12.5,9.5
985000,,,VELVETFRUIT_EXTRACT,XIRECS,5274.0,4,2,5276.5,5274,5279,5274.0,5280.0,0.4626865671641791,0.0,0.225,-1,at_or_below_bid_touch,5276.5,5258.5,5277.0,5258.5,5279.5,5256.5,5288.5,5289.5,13.0,5286.0,9.5,,,False,False,False,False,False,False,False,False,False,False,False,False,False,False,False,False,False,False,15.5,5.5
986100,,,VELVETFRUIT_EXTRACT,XIRECS,5277.0,6,2,5279.5,5277,5282,5276.0,5283.0,0.0,0.0,0.0,-1,at_or_below_bid_touch,5279.5,5258.5,5279.5,5258.5,5279.5,5258.5,5288.5,5288.5,9.0,5289.5,10.0,,,False,False,False,False,False,False,False,False,False,False,False,False,False,False,False,False,False,False,18.5,2.5
988300,,,VELVETFRUIT_EXTRACT,XIRECS,5284.0,5,2,5283.0,5282,5284,5282.0,5288.0,0.7014925373134329,-0.08064516129032258,0.0,1,at_or_above_ask_touch,5283.0,5258.5,5286.5,5258.5,5286.5,5258.5,5288.5,5281.5,-1.5,5298.5,15.5,,,False,False,False,False,False,False,False,False,False,False,False,False,False,False,False,False,False,False,25.5,2.5
992900,,,VELVETFRUIT_EXTRACT,XIRECS,5284.0,8,2,5286.0,5285,5287,5282.0,5288.0,-0.7777777777777778,0.02127659574468085,0.21052631578947367,-1,at_or_below_bid_touch,5286.0,5267.5,5290.5,5258.5,5290.5,5258.5,5290.5,5300.0,14.0,,,,,False,False,False,False,False,False,False,False,False,False,False,False,False,False,False,False,False,False,25.5,6.5
993500,,,VELVETFRUIT_EXTRACT,XIRECS,5280.0,13,2,5279.5,5279,5280,5278.0,5284.0,0.3157894736842105,-0.09923664122137404,-0.26881720430107525,1,at_or_above_ask_touch,5279.5,5267.5,5290.5,5258.5,5290.5,5258.5,5290.5,5297.5,18.0,,,,,False,False,False,False,False,False,False,False,False,False,False,False,False,False,False,False,False,False,21.5,10.5
995100,,,VELVETFRUIT_EXTRACT,XIRECS,5289.0,7,2,5286.5,5284,5289,5283.0,5290.0,0.0,0.0,0.0,1,at_or_above_ask_touch,5286.5,5267.5,5290.5,5258.5,5290.5,5258.5,5290.5,,,,,,,False,False,False,False,False,True,False,False,False,False,False,True,False,False,False,False,False,True,30.5,1.5
996300,,,VELVETFRUIT_EXTRACT,XIRECS,5290.0,3,2,5292.5,5290,5295,5289.0,5295.0,-0.475,0.0,-0.21649484536082475,-1,at_or_below_bid_touch,5292.5,5267.5,5292.5,5258.5,5292.5,5258.5,5292.5,,,,,,,False,False,False,False,False,False,False,False,False,False,False,False,False,False,False,False,False,False,31.5,2.5
996500,,,VELVETFRUIT_EXTRACT,XIRECS,5291.0,3,2,5293.5,5291,5296,5290.0,5296.0,-0.550561797752809,0.0,-0.1694915254237288,-1,at_or_below_bid_touch,5293.5,5267.5,5293.5,5258.5,5293.5,5258.5,5293.5,,,,,,,False,False,False,False,False,False,False,False,False,False,False,False,False,False,False,False,False,False,32.5,2.5
